order,expected_use_time
0,488.101
1,207.47414
2,248.9712
3,239.15923
4,410.60178
5,67.72347
6,305.07953
7,242.2068
8,559.678
9,211.38
10,426.6508
11,246.54466
12,401.9207
13,23.925558
14,16.413347
15,10.379106
16,9.721111
17,188.86913
18,329.36963
19,299.3982
20,174.30669
21,299.5726
22,751.77466
23,254.2363
24,362.24435
25,217.94972
26,75.16559
27,56.47677
28,206.7621
29,261.76645
30,207.24425
31,192.74115
32,165.46805
33,205.54404
34,896.04877
35,300.25064
36,124.99432
37,278.65347
38,69.9202
39,283.39026
40,719.59186
41,294.67163
42,256.309
43,223.84175
44,263.41983
45,252.37213
46,559.12335
47,132.70554
48,10.728943
49,311.5204
50,181.5445
51,290.966
52,611.03204
53,225.52336
54,182.00867
55,257.6076
56,732.74207
57,187.99141
58,257.14304
59,189.53607
60,483.98502
61,198.50307
62,243.74956
63,123.755356
64,244.10855
65,258.87833
66,639.9474
67,118.74628
68,272.85498
69,220.81079
70,373.52902
71,2.0918393
72,45.071514
73,283.13226
74,300.69162
75,263.8796
76,871.23694
77,238.93565
78,223.19067
79,333.56412
80,210.49605
81,284.71994
82,639.84357
83,161.00677
84,269.7703
85,191.64423
86,123.91707
87,142.11166
88,516.1511
89,222.7965
90,189.03036
91,272.82233
92,732.4626
93,220.59195
94,251.16182
95,292.3218
96,318.40402
97,241.8233
98,316.78134
99,392.4166
100,805.5445
101,78.270035
102,78.02267
103,179.65701
104,195.41827
105,267.4146
106,280.24966
107,74.75929
108,903.08997
109,2.0940237
110,320.6732
111,150.82013
112,658.5396
113,2.1238375
114,277.41214
115,190.67107
116,787.805
117,248.96628
118,315.7155
119,73.23214
120,216.25854
121,186.858
122,373.71872
123,194.7079
124,257.06067
125,191.45837
126,413.8909
127,88.06251
128,2.108759
129,2.0918398
130,147.67406
131,239.02899
132,281.9444
133,263.1097
134,315.8646
135,171.38051
136,707.296
137,167.90886
138,2.0480962
139,265.9422
140,215.24092
141,263.16565
142,315.74274
143,2.581834
144,254.26477
145,289.30276
146,256.67435
147,175.38803
148,215.52344
149,206.5329
150,288.93106
151,266.98306
152,488.34515
153,270.94836
154,504.55908
155,260.66257
156,486.99918
157,248.04236
158,218.12532
159,216.00482
160,184.39372
161,176.28596
162,229.37526
163,146.57033
164,187.07173
165,7.371144
166,169.59566
167,199.61967
168,231.17143
169,103.011856
170,261.81488
171,154.69994
172,224.93684
173,284.58365
174,293.64658
175,276.25067
176,294.39932
177,274.76544
178,659.02106
179,252.37859
180,224.93802
181,235.3252
182,518.41376
183,240.291
184,283.13596
185,254.31816
186,305.8042
187,246.67896
188,408.11346
189,233.91774
190,187.76935
191,304.00662
192,287.06607
193,317.21036
194,896.2472
195,247.34302
196,264.44928
197,312.67184
198,646.799
199,145.4241
200,2.185215
201,238.17328
202,263.7989
203,264.82227
204,294.25034
205,2.1784334
206,80.793175
207,344.11282
208,651.5997
209,9.148555
210,195.45784
211,237.94316
212,656.6924
213,217.39888
214,268.83377
215,195.01656
216,448.88928
217,2.1677012
218,246.75552
219,293.17725
220,601.3557
221,2.0918393
222,224.22305
223,301.28333
224,832.0457
225,-1.4598743
226,195.93004
227,2.0918393
228,249.26158
229,257.31952
230,153.51927
231,167.57288
232,274.31137
233,2.0918393
234,2.0918393
235,164.80646
236,206.75674
237,205.14064
238,662.22955
239,272.516
240,446.4748
241,300.2533
242,861.0347
243,0.67649263
244,280.43335
245,204.96907
246,146.11592
247,264.2062
248,177.781
249,260.56854
250,465.8195
251,2.0918393
252,182.31502
253,296.5457
254,600.60657
255,2.0918915
256,256.66827
257,298.9484
258,718.53845
259,181.88564
260,228.00063
261,256.26016
262,624.2007
263,2.0918393
264,60.474613
265,180.39525
266,244.62595
267,241.21408
268,257.63763
269,2.0918393
270,87.81627
271,168.57596
272,318.59238
273,276.7951
274,180.42807
275,261.69138
276,716.5838
277,286.70923
278,137.82845
279,126.82342
280,315.91696
281,228.80905
282,271.11386
283,231.68863
284,228.9946
285,284.7819
286,398.94897
287,182.02444
288,177.99696
289,275.91724
290,94.74877
291,7.375782
292,267.20273
293,246.11365
294,392.4789
295,4.211242
296,13.304822
297,113.79282
298,263.1709
299,183.15576
300,154.96242
301,157.37453
302,272.60995
303,202.69524
304,368.99295
305,2.73032
306,192.01402
307,190.61502
308,187.06091
309,238.83601
310,192.01402
311,221.04918
312,214.41435
313,169.55972
314,257.3807
315,187.52467
316,465.281
317,273.54083
318,239.26295
319,257.34726
320,743.1912
321,214.75116
322,254.10184
323,290.76035
324,338.34637
325,2.3840837
326,281.69797
327,148.90517
328,405.6375
329,174.31812
330,85.634186
331,262.0531
332,637.4116
333,217.88922
334,288.10406
335,2.0918393
336,200.56764
337,2.0918608
338,2.0918608
339,283.5064
340,6.8117
341,202.78102
342,205.00914
343,128.14554
344,800.9626
345,283.64536
346,276.98184
347,150.91704
348,192.72336
349,164.54419
350,269.94995
351,150.98573
352,2.2729633
353,204.56424
354,148.10175
355,341.76544
356,862.4363
357,72.53375
358,305.73856
359,341.8862
360,968.7318
361,2.0852902
362,323.96872
363,297.86676
364,576.97375
365,222.64091
366,153.86783
367,293.0066
368,235.93945
369,2.0918608
370,12.249963
371,279.68378
372,326.23624
373,341.7148
374,715.9092
375,2.0918403
376,55.634537
377,2.0918403
378,245.08089
379,211.2477
380,209.17986
381,208.66058
382,283.41257
383,312.8115
384,418.48172
385,244.83684
386,10.977318
387,213.84193
388,363.0671
389,90.09644
390,629.2173
391,202.53299
392,266.83545
393,277.49625
394,686.8728
395,2.185215
396,234.17427
397,209.75491
398,312.23593
399,197.27571
400,482.0716
401,200.70616
402,230.31645
403,140.76025
404,91.933754
405,2.1172504
406,229.6251
407,247.04153
408,265.19223
409,259.2883
410,891.65765
411,214.95886
412,383.29315
413,295.27634
414,595.76624
415,212.04228
416,314.37708
417,53.2614
418,294.93494
419,234.00893
420,714.597
421,162.4058
422,252.20311
423,292.7814
424,190.75499
425,2.4773245
426,217.05565
427,3.0004709
428,437.43256
429,207.44165
430,708.8114
431,263.1429
432,234.40567
433,300.05014
434,855.04865
435,162.41515
436,240.80484
437,270.27884
438,156.91322
439,246.22162
440,739.59406
441,21.44857
442,2.1175003
443,299.26498
444,304.84872
445,221.42905
446,650.5112
447,273.68564
448,224.73856
449,2.0913181
450,179.43314
451,108.19361
452,222.40376
453,250.11295
454,209.71892
455,261.8776
456,283.6712
457,289.8655
458,541.8559
459,2.1318712
460,164.7975
461,175.76186
462,242.13104
463,293.95154
464,323.24164
465,66.060356
466,92.57023
467,46.707767
468,2.1318712
469,2.1318712
470,160.51553
471,263.23663
472,242.14885
473,520.366
474,235.14384
475,250.2792
476,258.25186
477,3.079267
478,576.7375
479,110.56773
480,-1.7864554
481,269.86276
482,223.87022
483,256.96286
484,830.12
485,2.1099348
486,2.1099563
487,242.10417
488,202.05412
489,151.31607
490,66.43649
491,140.91263
492,108.62806
493,264.63626
494,238.32942
495,249.20251
496,862.85004
497,96.83148
498,104.46792
499,276.4595
500,278.0761
501,239.22498
502,850.0616
503,252.40594
504,163.03467
505,297.83594
506,251.6711
507,244.38857
508,700.2579
509,160.77039
510,273.19006
511,165.64853
512,276.37088
513,207.8041
514,797.2796
515,1.4281534
516,2.0694401
517,294.8648
518,179.18414
519,175.58255
520,271.94766
521,6.097363
522,41.814404
523,302.37543
524,138.24347
525,237.39046
526,617.36835
527,291.5567
528,254.17502
529,74.78542
530,195.78545
531,278.4052
532,334.0807
533,292.38474
534,333.35385
535,224.80078
536,279.91495
537,8.979044
538,61.658897
539,62.260414
540,306.6833
541,71.13288
542,165.89558
543,301.47992
544,491.42014
545,247.8805
546,335.49622
547,2.0898328
548,346.68192
549,206.7947
550,214.8204
551,159.36934
552,313.5901
553,245.42702
554,604.528
555,274.37796
556,294.10184
557,276.6277
558,123.72183
559,147.12393
560,284.78885
561,9.402257
562,2.0903566
563,6.916349
564,257.85745
565,380.3299
566,255.94714
567,213.63718
568,893.2391
569,2.0897806
570,9.600241
571,208.06876
572,320.44296
573,340.7317
574,855.6353
575,2.0903566
576,2.0897806
577,286.84647
578,212.4032
579,344.7818
580,702.0247
581,248.33812
582,283.00165
583,189.96881
584,232.82649
585,114.05632
586,280.1758
587,3.0828686
588,601.0878
589,276.19763
590,239.47452
591,190.8041
592,215.5343
593,297.44785
594,180.6002
595,186.48865
596,277.26675
597,228.079
598,262.7997
599,164.80304
600,231.94157
601,239.5971
602,263.30035
603,295.64352
604,466.99835
605,62.51109
606,2.0918393
607,200.27162
608,313.0493
609,259.57587
610,615.238
611,2.3590055
612,287.39145
613,244.08026
614,261.54852
615,3.2328396
616,668.3211
617,290.35764
618,292.3476
619,210.366
620,304.5368
621,168.25157
622,261.5537
623,216.03308
624,236.75166
625,295.1536
626,547.63995
627,215.96461
628,261.66354
629,226.96153
630,263.907
631,302.20908
632,256.1782
633,258.53143
634,1052.0929
635,2.7727184
636,439.6185
637,218.75642
638,878.1506
639,2.482848
640,312.3843
641,199.46486
642,1033.1482
643,2.3846245
644,2.736874
645,346.99268
646,284.4403
647,280.11386
648,851.5403
649,174.22855
650,304.08685
651,232.48799
652,639.2698
653,2.0928452
654,276.21396
655,2.5584471
656,368.8392
657,-0.2906263
658,230.18776
659,315.47504
660,1100.3306
661,2.3116775
662,2.3092093
663,2.944206
664,351.4373
665,232.5927
666,252.24394
667,200.64912
668,718.84326
669,2.2747195
670,57.97949
671,244.38869
672,264.0338
673,261.98727
674,500.0994
675,190.95065
676,274.08008
677,232.42154
678,1267.6718
679,195.9601
680,260.3513
681,307.2524
682,1268.9829
683,2.8259904
684,2.8133779
685,2.2560167
686,409.69894
687,229.15256
688,271.297
689,330.74435
690,1376.6523
691,62.32212
692,363.3301
693,549.88556
694,3.4271722
695,206.4506
696,652.63446
697,20.67405
698,290.35257
699,254.79968
700,872.9243
701,189.3624
702,304.50342
703,211.93523
704,649.6172
705,29.52297
706,51.593914
707,274.2525
708,287.9857
709,218.35594
710,761.6166
711,175.4681
712,309.36328
713,255.24432
714,340.77634
715,2.1001503
716,2.134705
717,185.98341
718,68.26619
719,336.9532
720,441.64713
721,2.193943
722,194.8201
723,325.1617
724,630.46173
725,15.760037
726,15.089393
727,187.69948
728,400.54337
729,355.68524
730,599.5207
731,50.88521
732,291.54153
733,311.51254
734,311.77213
735,2.0912633
736,287.87045
737,300.03217
738,247.89842
739,327.60962
740,677.79456
741,10.938792
742,287.6897
743,287.80722
744,529.28503
745,297.5881
746,399.60632
747,2.173281
748,196.11176
749,2.185215
750,224.70403
751,179.93356
752,214.6321
753,259.0679
754,379.9101
755,86.56365
756,834.2588
757,341.86182
758,411.32776
759,332.44864
760,1021.3041
761,2.0918393
762,2.0918393
763,213.83795
764,171.44907
765,340.74936
766,263.15427
767,310.7067
768,658.065
769,237.91414
770,265.1261
771,175.0369
772,255.65724
773,210.54607
774,306.71692
775,170.71602
776,420.1472
777,182.50914
778,271.31595
779,304.3066
780,223.6801
781,299.1271
782,62.54392
783,266.18738
784,2.7208812
785,266.7831
786,243.25327
787,216.2754
788,319.05453
789,252.39427
790,548.64294
791,204.697
792,622.02924
793,221.08852
794,125.884514
795,337.38565
796,261.19385
797,306.49258
798,1050.8065
799,2.1099348
800,309.65073
801,185.90508
802,1245.7593
803,2.846349
804,209.81668
805,310.07297
806,303.7103
807,199.45201
808,1112.9597
809,199.89276
810,268.65274
811,231.67891
812,755.80286
813,142.93993
814,235.03734
815,329.82364
816,653.64685
817,5.080895
818,15.541769
819,302.44965
820,64.51589
821,269.73224
822,812.72833
823,233.47974
824,59.589973
825,281.87753
826,214.02269
827,420.8598
828,289.91074
829,149.1316
830,180.46619
831,70.978065
832,48.729156
833,220.68922
834,223.5368
835,284.59708
836,269.47964
837,309.94455
838,259.0465
839,34.848022
840,220.414
841,219.93974
842,209.59018
843,415.46146
844,804.21045
845,285.4669
846,259.9571
847,256.53467
848,233.4372
849,147.39595
850,25.456545
851,154.0589
852,249.64551
853,284.74902
854,386.36496
855,242.61635
856,295.23215
857,2.1276255
858,216.07292
859,227.58997
860,161.88116
861,267.92
862,2.127604
863,274.2628
864,374.44226
865,307.27597
866,552.6788
867,97.310295
868,271.93024
869,408.4744
870,417.107
871,271.2176
872,310.4506
873,262.96173
874,412.0489
875,11.117684
876,74.20891
877,256.05817
878,311.74402
879,160.6983
880,279.7858
881,412.16663
882,387.67297
883,220.07112
884,579.4807
885,153.34795
886,223.50154
887,277.4423
888,321.0924
889,2.134274
890,291.37238
891,63.50624
892,671.4096
893,3.4696934
894,318.7076
895,245.08282
896,840.46265
897,276.1087
898,132.50223
899,327.20303
900,1070.7589
901,2.0904152
902,200.83488
903,213.47203
904,389.0019
905,147.53848
906,270.0338
907,181.31935
908,932.20135
909,275.98566
910,200.95615
911,312.40137
912,219.23903
913,216.11986
914,754.16974
915,273.96713
916,222.07133
917,156.7779
918,216.6237
919,191.46843
920,124.84248
921,2.185215
922,121.550186
923,253.23935
924,10.092494
925,2.184207
926,115.15811
927,314.02853
928,303.44745
929,192.12083
930,682.61316
931,186.70415
932,246.10568
933,211.98396
934,334.33243
935,342.24738
936,391.64752
937,265.865
938,697.93024
939,288.93646
940,282.18692
941,305.02304
942,825.51324
943,287.28384
944,400.66443
945,2.140836
946,204.38634
947,316.7867
948,234.71512
949,2.1093588
950,259.0548
951,298.6885
952,298.6948
953,269.80777
954,377.12445
955,268.2572
956,322.0946
957,229.87683
958,275.50812
959,226.56177
960,450.33002
961,2.0918393
962,11.530337
963,186.16748
964,274.77863
965,226.21855
966,985.6702
967,180.0642
968,289.8143
969,168.83188
970,202.59634
971,297.85828
972,704.0776
973,142.5727
974,219.65953
975,288.38693
976,527.97656
977,273.2897
978,221.44547
979,272.4631
980,708.15393
981,11.727809
982,297.5084
983,245.3721
984,711.5675
985,2.091892
986,187.23639
987,273.9401
988,343.6674
989,143.72386
990,203.1717
991,2.1000676
992,47.535988
993,68.8106
994,148.68188
995,278.31357
996,241.86002
997,449.84183
998,306.66287
999,235.51816
1000,383.44247
1001,304.88153
1002,311.4832
1003,11.664319
1004,187.01033
1005,234.40569
1006,667.0644
1007,179.01326
1008,273.5592
1009,294.16177
1010,546.98096
1011,209.6148
1012,251.26619
1013,2.091892
1014,2.3439822
1015,276.46875
1016,165.63559
1017,264.88046
1018,352.81723
1019,56.566517
1020,242.65718
1021,219.99171
1022,297.0975
1023,262.13165
1024,916.00903
1025,251.01358
1026,327.78937
1027,239.87138
1028,938.05963
1029,308.0276
1030,379.34924
1031,322.82062
1032,341.5853
1033,219.41267
1034,832.4622
1035,210.36781
1036,224.668
1037,293.4811
1038,291.3542
1039,21.886198
1040,2.0996218
1041,251.71402
1042,179.04109
1043,3.0804203
1044,327.00543
1045,2.1221025
1046,268.69025
1047,333.8066
1048,291.46072
1049,242.81937
1050,185.51389
1051,218.80302
1052,124.018974
1053,233.267
1054,316.35504
1055,179.42928
1056,170.5376
1057,307.7489
1058,282.70154
1059,298.00397
1060,789.60034
1061,247.31018
1062,141.03961
1063,320.63333
1064,349.78827
1065,312.57693
1066,398.03268
1067,364.53287
1068,354.203
1069,220.29243
1070,293.03043
1071,16.761986
1072,203.70364
1073,180.0762
1074,224.11232
1075,281.34766
1076,244.13887
1077,245.5339
1078,595.69354
1079,302.9879
1080,299.02527
1081,241.0871
1082,401.79694
1083,17.088373
1084,267.04337
1085,260.7873
1086,328.1431
1087,186.30348
1088,182.2124
1089,198.65704
1090,246.38954
1091,251.03108
1092,247.6941
1093,252.48486
1094,864.1665
1095,280.67758
1096,267.99594
1097,307.03363
1098,2.7755845
1099,298.17886
1100,746.4446
1101,305.30786
1102,439.73575
1103,259.56882
1104,281.4289
1105,155.91002
1106,581.8297
1107,11.224472
1108,14.326299
1109,234.9603
1110,378.62354
1111,323.36893
1112,932.575
1113,2.1395338
1114,2.8539433
1115,2.8539433
1116,264.36584
1117,185.30876
1118,119.38899
1119,206.17885
1120,313.95053
1121,240.09491
1122,265.59183
1123,234.7866
1124,508.91098
1125,292.4423
1126,339.48996
1127,231.89084
1128,176.47284
1129,271.84726
1130,918.28143
1131,274.54507
1132,94.22292
1133,144.47154
1134,432.20813
1135,70.95969
1136,2.465145
1137,308.6222
1138,447.7946
1139,193.90999
1140,246.2328
1141,154.80089
1142,275.10706
1143,23.751297
1144,287.50882
1145,212.23416
1146,948.3058
1147,321.28134
1148,451.44888
1149,2.462537
1150,2.0918393
1151,2.0918605
1152,401.67416
1153,67.01986
1154,67.28674
1155,3.0543458
1156,664.5376
1157,2.0884159
1158,290.83173
1159,242.09407
1160,570.51666
1161,2.4725966
1162,250.09247
1163,287.3412
1164,755.3727
1165,2.4588842
1166,333.8115
1167,213.80096
1168,700.6529
1169,2.1254578
1170,154.15244
1171,332.68826
1172,625.86676
1173,271.91504
1174,285.43787
1175,227.9137
1176,592.5475
1177,256.87592
1178,250.8297
1179,232.0943
1180,774.72644
1181,304.82092
1182,482.64853
1183,57.875393
1184,261.69318
1185,147.70021
1186,529.99603
1187,4.11288
1188,287.46713
1189,298.75824
1190,325.06522
1191,41.065395
1192,243.06276
1193,223.58392
1194,437.68228
1195,13.194501
1196,264.1028
1197,61.74688
1198,58.078068
1199,80.94449
1200,65.65087
1201,451.25516
1202,486.00607
1203,66.265594
1204,203.59802
1205,314.93683
1206,907.7202
1207,35.54191
1208,200.92322
1209,279.7643
1210,586.1013
1211,210.75404
1212,255.42542
1213,207.34456
1214,282.45444
1215,189.77625
1216,262.65384
1217,255.24544
1218,235.90746
1219,268.10336
1220,794.0965
1221,128.73267
1222,2.2154815
1223,151.11337
1224,5.183015
1225,347.40717
1226,86.37384
1227,214.98996
1228,231.36163
1229,300.05798
1230,376.02856
1231,2.23503
1232,10.772296
1233,107.55705
1234,2.2236092
1235,2.2236092
1236,229.56201
1237,166.31897
1238,178.06352
1239,178.38908
1240,3.2238278
1241,183.77979
1242,912.69977
1243,16.806938
1244,315.67697
1245,204.05399
1246,904.76886
1247,327.5976
1248,255.92293
1249,209.7485
1250,786.3367
1251,310.8101
1252,254.41553
1253,216.40768
1254,860.80066
1255,287.12622
1256,163.04276
1257,260.37073
1258,334.5338
1259,225.90913
1260,313.43857
1261,2.7953706
1262,150.49586
1263,458.07742
1264,244.67352
1265,12.744489
1266,176.49825
1267,353.40335
1268,746.5814
1269,2.106773
1270,12.7372055
1271,122.50437
1272,356.69922
1273,223.34468
1274,136.06085
1275,245.62819
1276,442.82394
1277,2.203055
1278,188.79196
1279,2.4947877
1280,304.99884
1281,46.558258
1282,189.95067
1283,239.79099
1284,246.1218
1285,198.6167
1286,556.97406
1287,151.00317
1288,378.85696
1289,2.8209436
1290,2.0928452
1291,314.48575
1292,295.4565
1293,318.63245
1294,1299.1351
1295,2.856687
1296,2.0923724
1297,319.76428
1298,255.96683
1299,277.73523
1300,719.8071
1301,2.8208427
1302,411.99066
1303,238.96849
1304,619.01953
1305,36.094635
1306,172.27025
1307,256.36758
1308,342.94797
1309,281.5759
1310,365.5196
1311,223.72266
1312,471.5517
1313,148.31206
1314,276.93646
1315,246.09642
1316,886.3708
1317,149.3714
1318,276.03763
1319,298.039
1320,457.8603
1321,8.73268
1322,2.5630744
1323,241.76991
1324,354.83374
1325,312.2084
1326,828.60535
1327,274.1893
1328,335.10815
1329,360.924
1330,968.73956
1331,2.116391
1332,325.6145
1333,213.19473
1334,907.2531
1335,236.77812
1336,2.125977
1337,2.125977
1338,121.68077
1339,86.57259
1340,80.40439
1341,228.23004
1342,303.35068
1343,221.24034
1344,291.21332
1345,2.125977
1346,6.50873
1347,2.1312802
1348,260.59317
1349,210.34326
1350,244.0203
1351,177.7273
1352,409.62503
1353,2.1212175
1354,2.2420046
1355,281.89703
1356,292.7049
1357,319.5791
1358,1010.862
1359,2.0872953
1360,310.47162
1361,308.60706
1362,1081.8776
1363,15.974385
1364,324.16394
1365,258.42282
1366,409.63245
1367,189.11601
1368,252.11024
1369,71.72883
1370,194.29623
1371,247.31967
1372,581.0889
1373,266.1114
1374,348.02753
1375,2.7843738
1376,161.28485
1377,389.94617
1378,244.44016
1379,313.1687
1380,367.71777
1381,203.48543
1382,155.72072
1383,284.79645
1384,197.00932
1385,319.82303
1386,685.5963
1387,18.839125
1388,284.00076
1389,288.74594
1390,214.04184
1391,335.89124
1392,764.6293
1393,212.48242
1394,219.93239
1395,32.216705
1396,260.1102
1397,213.81183
1398,239.7487
1399,245.89809
1400,897.71954
1401,227.85446
1402,183.33914
1403,315.8215
1404,306.0182
1405,292.2537
1406,274.21152
1407,233.49426
1408,2.0940232
1409,313.3502
1410,362.6903
1411,352.6139
1412,617.9913
1413,306.64
1414,455.99243
1415,220.84384
1416,353.6531
1417,315.56006
1418,1352.2944
1419,3.2645726
1420,2.9780047
1421,3.2645726
1422,2.6442018
1423,2.6442018
1424,279.35263
1425,290.524
1426,295.2253
1427,241.80746
1428,154.22182
1429,298.00537
1430,851.6614
1431,50.71465
1432,2.2236092
1433,253.91095
1434,222.2219
1435,296.09763
1436,500.0685
1437,166.69196
1438,254.65135
1439,119.85101
1440,35.46374
1441,36.36952
1442,35.810528
1443,131.56918
1444,3.2687995
1445,2.5586283
1446,178.20245
1447,254.74321
1448,130.26758
1449,236.29463
1450,283.8836
1451,192.45287
1452,254.10097
1453,3.9930797
1454,222.59935
1455,120.03543
1456,1307.1952
1457,2.0887103
1458,2.0887103
1459,265.0033
1460,225.5704
1461,183.6838
1462,1091.4537
1463,179.87712
1464,307.7467
1465,222.04524
1466,1209.3666
1467,208.06244
1468,286.7876
1469,286.5984
1470,856.45807
1471,328.968
1472,385.70258
1473,173.52988
1474,215.96362
1475,2.0928667
1476,168.37791
1477,328.16953
1478,429.1425
1479,237.69467
1480,269.05228
1481,231.73322
1482,954.7577
1483,268.40155
1484,21.875198
1485,16.08983
1486,278.8203
1487,237.01923
1488,323.8417
1489,417.68323
1490,389.31082
1491,12.433028
1492,132.28328
1493,2.5962958
1494,305.92426
1495,318.65973
1496,552.14264
1497,2.107349
1498,246.1261
1499,330.3107
1500,249.99944
1501,347.31522
1502,624.77966
1503,214.88951
1504,489.9619
1505,385.07922
1506,236.00671
1507,13.596584
1508,227.29083
1509,333.49487
1510,793.61975
1511,187.34943
1512,310.06433
1513,230.95566
1514,292.94186
1515,132.7079
1516,2.3712394
1517,2.0999954
1518,275.38226
1519,159.98596
1520,3.2952945
1521,304.42685
1522,495.57025
1523,285.26044
1524,278.79312
1525,310.63806
1526,735.59015
1527,2.3261466
1528,235.15283
1529,276.8035
1530,305.49176
1531,283.00925
1532,329.96317
1533,271.3796
1534,613.1997
1535,292.7194
1536,316.6665
1537,298.00195
1538,187.75471
1539,199.31656
1540,879.7508
1541,212.5131
1542,240.78319
1543,245.73119
1544,739.20544
1545,260.06662
1546,297.4639
1547,276.3792
1548,496.10287
1549,273.39886
1550,274.6296
1551,375.48257
1552,512.9587
1553,280.7481
1554,299.5737
1555,315.02673
1556,838.97644
1557,0.931624
1558,139.00609
1559,2.6898332
1560,319.10425
1561,210.23409
1562,230.61858
1563,301.7731
1564,743.90576
1565,292.95163
1566,237.1415
1567,250.05301
1568,319.42307
1569,263.77567
1570,560.9256
1571,61.530994
1572,84.523926
1573,2.5252535
1574,300.63815
1575,244.82117
1576,234.20422
1577,181.94215
1578,393.2663
1579,173.4833
1580,248.1723
1581,252.69455
1582,603.4761
1583,2.1289835
1584,332.48227
1585,320.82025
1586,495.34302
1587,29.493294
1588,295.63052
1589,166.24886
1590,663.16833
1591,204.32379
1592,173.16687
1593,320.57407
1594,301.92093
1595,248.61725
1596,843.2129
1597,316.8801
1598,278.16837
1599,215.55664
1600,298.6345
1601,311.07422
1602,525.46295
1603,2.6145198
1604,274.0817
1605,337.9306
1606,620.217
1607,209.41568
1608,397.73486
1609,211.8976
1610,209.47997
1611,345.9145
1612,620.93005
1613,286.30075
1614,301.39377
1615,264.10703
1616,19.055162
1617,205.18158
1618,272.92828
1619,430.97653
1620,257.27646
1621,210.12611
1622,276.63156
1623,197.5294
1624,238.73615
1625,242.84764
1626,278.11774
1627,288.87476
1628,643.18427
1629,2.0918915
1630,345.81244
1631,321.09442
1632,602.2426
1633,248.31636
1634,275.85712
1635,196.45341
1636,248.14532
1637,308.6903
1638,249.63164
1639,212.79774
1640,256.5927
1641,16.241299
1642,284.3328
1643,321.0139
1644,317.0431
1645,284.56268
1646,276.1192
1647,175.59285
1648,777.3851
1649,2.1255753
1650,298.28558
1651,274.5634
1652,157.53725
1653,221.2937
1654,633.3445
1655,293.71335
1656,497.19202
1657,304.80215
1658,760.27515
1659,173.18927
1660,329.62277
1661,2.0918398
1662,16.602022
1663,190.98029
1664,458.23358
1665,344.89804
1666,685.421
1667,15.082335
1668,276.01578
1669,310.15384
1670,904.8537
1671,2.3032231
1672,2.3032231
1673,120.7921
1674,288.75638
1675,324.86136
1676,285.63678
1677,284.54538
1678,278.28146
1679,261.85062
1680,669.41205
1681,283.72433
1682,241.29427
1683,256.87784
1684,633.9117
1685,313.8891
1686,248.96785
1687,305.17166
1688,777.4792
1689,279.63745
1690,414.53442
1691,321.87576
1692,328.14453
1693,313.82294
1694,214.85257
1695,291.21823
1696,280.52344
1697,218.8262
1698,223.56998
1699,280.80807
1700,610.78656
1701,397.2198
1702,334.73367
1703,297.195
1704,312.14227
1705,264.21988
1706,497.96103
1707,2.2363913
1708,204.77026
1709,331.75735
1710,254.39941
1711,286.656
1712,253.33444
1713,196.0553
1714,259.2051
1715,271.96823
1716,796.82245
1717,149.13635
1718,161.448
1719,142.94597
1720,829.2659
1721,120.1677
1722,269.752
1723,255.78415
1724,578.93243
1725,2.0813625
1726,186.52182
1727,2.3691733
1728,627.2132
1729,235.6178
1730,180.9016
1731,176.1537
1732,116.358734
1733,249.7714
1734,595.0675
1735,228.75742
1736,312.68466
1737,249.23924
1738,202.46089
1739,256.5568
1740,620.4992
1741,324.88016
1742,179.815
1743,317.06723
1744,283.7052
1745,268.36505
1746,462.23077
1747,205.44374
1748,234.37907
1749,17.781979
1750,253.7821
1751,3.5825868
1752,255.74586
1753,242.68787
1754,182.33508
1755,135.62833
1756,45.536324
1757,141.26192
1758,845.1823
1759,257.38763
1760,269.0943
1761,199.08965
1762,757.72797
1763,260.38773
1764,218.3949
1765,192.48656
1766,236.62573
1767,246.02867
1768,296.85046
1769,185.37509
1770,257.8983
1771,296.2497
1772,631.20325
1773,98.54462
1774,145.3768
1775,278.6049
1776,376.97433
1777,173.68117
1778,88.76345
1779,2.5050228
1780,620.2813
1781,2.0918403
1782,37.96739
1783,67.54914
1784,223.70953
1785,286.57455
1786,323.49765
1787,328.14005
1788,490.48218
1789,80.05619
1790,224.08498
1791,241.0882
1792,276.6853
1793,201.8865
1794,248.82825
1795,2.091892
1796,179.39986
1797,332.15317
1798,291.31863
1799,167.81721
1800,919.7789
1801,271.56616
1802,172.66058
1803,239.98938
1804,1020.8707
1805,2.1184826
1806,2.1184826
1807,202.63875
1808,330.99088
1809,320.587
1810,613.1765
1811,2.1184826
1812,2.1184826
1813,129.40776
1814,292.54657
1815,261.42355
1816,320.24854
1817,222.02783
1818,525.47437
1819,2.1184826
1820,2.3666635
1821,2.6382399
1822,299.24426
1823,257.5849
1824,318.99228
1825,297.6398
1826,890.1465
1827,2.1178265
1828,162.53351
1829,333.20105
1830,488.30304
1831,272.50714
1832,298.2781
1833,252.94208
1834,163.80568
1835,296.30292
1836,924.44653
1837,60.300686
1838,186.40297
1839,306.71667
1840,851.6355
1841,248.33295
1842,288.9798
1843,2.0918608
1844,232.01767
1845,327.77026
1846,326.0195
1847,231.45744
1848,647.153
1849,241.11673
1850,285.0129
1851,258.2872
1852,860.5422
1853,289.28165
1854,310.89444
1855,287.6411
1856,768.7103
1857,200.83615
1858,196.0695
1859,239.98152
1860,430.91452
1861,312.15073
1862,800.21295
1863,173.88339
1864,189.68307
1865,288.89423
1866,298.1571
1867,401.5528
1868,774.5253
1869,178.53194
1870,273.20282
1871,241.35655
1872,712.26483
1873,274.1951
1874,389.1338
1875,235.73918
1876,415.3827
1877,335.44553
1878,445.36917
1879,2.1979563
1880,2.1400561
1881,193.77097
1882,250.10298
1883,323.92245
1884,625.5471
1885,2.091477
1886,273.21356
1887,219.84686
1888,610.3868
1889,255.59416
1890,274.55206
1891,153.14879
1892,182.30164
1893,259.83096
1894,212.57446
1895,3.2198446
1896,496.25916
1897,223.38707
1898,254.52855
1899,234.67953
1900,452.6624
1901,161.94026
1902,230.31415
1903,290.91162
1904,302.29343
1905,228.07523
1906,288.93298
1907,35.991383
1908,261.2406
1909,288.89035
1910,715.4693
1911,198.27223
1912,251.83249
1913,134.81064
1914,166.45766
1915,188.78113
1916,248.35538
1917,272.37802
1918,993.2127
1919,269.26355
1920,141.74391
1921,270.33932
1922,202.72585
1923,264.66748
1924,285.2767
1925,6.730688
1926,3.0081427
1927,2.0873818
1928,51.68138
1929,182.2745
1930,62.784412
1931,281.94672
1932,215.18173
1933,7.3976693
1934,753.2904
1935,3.052148
1936,276.84412
1937,266.88953
1938,789.6398
1939,223.57434
1940,286.5604
1941,271.13287
1942,576.5197
1943,261.9138
1944,206.7056
1945,226.50725
1946,671.8388
1947,2.0918403
1948,293.18616
1949,277.70773
1950,404.0423
1951,298.5198
1952,499.68503
1953,288.52902
1954,985.05365
1955,124.0689
1956,249.16086
1957,302.10156
1958,989.93805
1959,206.70555
1960,256.00323
1961,323.19284
1962,608.7816
1963,229.76344
1964,254.43846
1965,259.12167
1966,641.2311
1967,5.313029
1968,136.61702
1969,327.37598
1970,529.19855
1971,200.43234
1972,294.96487
1973,280.17172
1974,725.9692
1975,220.13757
1976,203.24515
1977,184.99222
1978,349.9292
1979,126.871956
1980,218.4241
1981,236.42197
1982,249.91995
1983,179.29587
1984,516.4424
1985,141.42526
1986,15.698723
1987,246.56316
1988,292.22766
1989,322.57184
1990,517.8756
1991,276.81317
1992,685.13574
1993,2.0918403
1994,275.84262
1995,3.0902545
1996,795.1879
1997,227.85834
1998,39.04469
1999,214.54773
2000,132.89574
2001,194.01917
2002,193.95944
2003,2.5627265
2004,2.5060785
2005,2.424491
2006,204.26222
2007,250.28725
2008,295.6273
2009,186.1051
2010,461.81464
2011,253.76674
2012,2.1083183
2013,304.5269
2014,364.8565
2015,12.867346
2016,332.6812
2017,2.1135335
2018,2.1203148
2019,9.1523695
2020,172.49539
2021,285.4151
2022,290.12888
2023,258.89404
2024,250.00229
2025,293.03183
2026,787.0007
2027,248.09492
2028,399.71252
2029,200.25708
2030,314.6262
2031,147.93465
2032,292.61942
2033,445.4811
2034,862.0947
2035,181.88396
2036,266.71378
2037,287.13583
2038,286.97336
2039,135.90767
2040,256.44666
2041,181.81076
2042,437.49802
2043,2.1204503
2044,2.1182663
2045,300.15506
2046,387.2859
2047,3.165532
2048,853.549
2049,2.2025893
2050,337.81458
2051,86.27113
2052,145.70473
2053,2.291809
2054,268.73328
2055,420.4241
2056,315.22995
2057,5.5272284
2058,181.28697
2059,308.53983
2060,373.1286
2061,38.388435
2062,271.73392
2063,301.95297
2064,460.66843
2065,2.2803884
2066,166.77724
2067,220.47949
2068,838.7346
2069,1.1498754
2070,8.680909
2071,280.20245
2072,194.1792
2073,204.96712
2074,517.10736
2075,211.88309
2076,400.73218
2077,265.81152
2078,236.20094
2079,318.1117
2080,640.8863
2081,237.54944
2082,218.04047
2083,197.43784
2084,130.5611
2085,237.30014
2086,949.3588
2087,7.0375586
2088,8.158721
2089,276.81305
2090,298.72824
2091,267.96802
2092,710.8583
2093,281.367
2094,180.90117
2095,223.58746
2096,622.507
2097,240.33163
2098,271.55804
2099,213.68134
2100,107.12198
2101,2.4158883
2102,13.067086
2103,402.2493
2104,1121.3202
2105,285.79355
2106,240.66016
2107,151.90309
2108,492.1785
2109,2.091892
2110,178.64105
2111,257.91257
2112,109.95442
2113,84.44133
2114,631.9881
2115,2.2990263
2116,254.40411
2117,2.5411355
2118,154.86018
2119,17.11776
2120,15.335843
2121,177.56635
2122,225.85587
2123,280.37628
2124,249.77493
2125,128.47646
2126,846.7475
2127,171.30708
2128,305.74658
2129,250.08401
2130,537.5319
2131,195.58456
2132,117.46209
2133,338.67188
2134,311.4089
2135,236.25098
2136,346.15714
2137,210.14267
2138,127.40896
2139,220.5088
2140,216.59897
2141,128.15155
2142,209.61418
2143,174.35748
2144,489.16165
2145,133.81325
2146,256.4498
2147,230.23772
2148,187.5488
2149,202.78891
2150,779.0759
2151,194.3613
2152,231.91737
2153,207.3148
2154,92.678635
2155,244.143
2156,868.64197
2157,173.52109
2158,170.66507
2159,324.39575
2160,290.9031
2161,163.2251
2162,895.9298
2163,187.42433
2164,300.4303
2165,276.45462
2166,898.0945
2167,2.0918403
2168,2.0918403
2169,207.89876
2170,2.0918403
2171,255.57315
2172,84.61717
2173,296.83194
2174,189.03795
2175,313.7948
2176,835.5663
2177,2.1289463
2178,2.10876
2179,291.49658
2180,277.2978
2181,254.80748
2182,755.6303
2183,260.5195
2184,210.15439
2185,182.37456
2186,724.1347
2187,2.4280365
2188,151.32266
2189,257.42145
2190,713.27594
2191,253.72704
2192,168.8817
2193,326.60294
2194,271.79617
2195,2.4031942
2196,82.98811
2197,284.3254
2198,3.3213768
2199,81.42885
2200,312.3743
2201,288.82144
2202,510.6144
2203,56.291405
2204,187.529
2205,217.42296
2206,245.25197
2207,143.84045
2208,297.62863
2209,237.55614
2210,753.60333
2211,165.62103
2212,253.63997
2213,211.99063
2214,283.3006
2215,231.18056
2216,404.04367
2217,182.85028
2218,103.6836
2219,214.15906
2220,242.5355
2221,305.67197
2222,162.31708
2223,211.41238
2224,295.3271
2225,277.34033
2226,1130.2849
2227,208.65604
2228,240.26796
2229,323.88773
2230,618.64984
2231,224.89365
2232,280.80215
2233,235.99014
2234,276.01285
2235,145.93245
2236,939.85657
2237,192.677
2238,263.33972
2239,237.15373
2240,602.76324
2241,229.30716
2242,260.40024
2243,2.0918608
2244,230.56334
2245,160.61417
2246,4.913856
2247,238.49263
2248,237.23985
2249,150.91817
2250,219.06738
2251,190.63586
2252,101.96111
2253,249.4349
2254,263.57352
2255,224.0418
2256,235.98032
2257,7.053184
2258,222.44682
2259,48.61384
2260,2.6947143
2261,201.67062
2262,181.75958
2263,298.43695
2264,218.15955
2265,547.2908
2266,699.5546
2267,129.34451
2268,286.52
2269,244.54932
2270,959.03107
2271,207.33534
2272,212.98747
2273,2.0913155
2274,11.717998
2275,281.19336
2276,233.39095
2277,297.87546
2278,277.28894
2279,140.57779
2280,844.1317
2281,248.1681
2282,337.81894
2283,215.60075
2284,203.81523
2285,129.13432
2286,235.01183
2287,125.06473
2288,321.04016
2289,338.04834
2290,396.79694
2291,203.27803
2292,285.01797
2293,206.82353
2294,243.2915
2295,298.98193
2296,369.03226
2297,28.284168
2298,14.413082
2299,274.99655
2300,187.96635
2301,303.4679
2302,281.3525
2303,252.29317
2304,241.1902
2305,210.75357
2306,367.22897
2307,98.17414
2308,200.92412
2309,352.19556
2310,577.01685
2311,90.08495
2312,161.10027
2313,2.0918608
2314,2.0918608
2315,142.95271
2316,126.22639
2317,148.84836
2318,319.60184
2319,3.0480964
2320,804.53656
2321,230.10223
2322,306.50568
2323,228.57187
2324,443.80988
2325,178.95042
2326,267.6525
2327,211.93431
2328,602.8063
2329,0.24916661
2330,33.818882
2331,187.14561
2332,243.59593
2333,220.37334
2334,192.18254
2335,47.332027
2336,169.28192
2337,2.1786284
2338,234.87749
2339,219.02682
2340,186.92233
2341,319.47684
2342,617.06915
2343,176.07248
2344,241.50383
2345,11.404934
2346,181.13579
2347,318.7837
2348,379.53662
2349,264.4978
2350,190.38669
2351,320.917
2352,257.7735
2353,2.156398
2354,2.156398
2355,2.1588662
2356,223.30296
2357,388.13016
2358,181.2165
2359,171.08095
2360,480.22598
2361,155.01157
2362,223.20741
2363,267.09064
2364,651.3505
2365,277.1184
2366,237.54839
2367,191.61063
2368,263.4884
2369,294.55444
2370,479.7142
2371,209.56526
2372,257.6059
2373,275.80804
2374,158.87953
2375,280.66516
2376,509.8567
2377,182.0424
2378,315.5728
2379,34.166862
2380,231.68552
2381,308.856
2382,252.9504
2383,217.96278
2384,237.95016
2385,302.37274
2386,838.64105
2387,109.35618
2388,301.67245
2389,262.59152
2390,874.2942
2391,2.482624
2392,278.6438
2393,290.32202
2394,267.3387
2395,299.63562
2396,635.07153
2397,175.00589
2398,183.19402
2399,239.48044
2400,283.63168
2401,206.03769
2402,341.8248
2403,292.8843
2404,2.091892
2405,210.70792
2406,225.8475
2407,312.48215
2408,312.7502
2409,298.57034
2410,820.13257
2411,164.5035
2412,257.2197
2413,240.37582
2414,705.2427
2415,77.83594
2416,290.01468
2417,271.89648
2418,251.13567
2419,269.35638
2420,833.2651
2421,315.03003
2422,404.6625
2423,19.567163
2424,186.50592
2425,303.40857
2426,897.8288
2427,2.0900116
2428,243.9147
2429,2.0900116
2430,165.87296
2431,180.20427
2432,200.1728
2433,146.24043
2434,771.335
2435,2.1063025
2436,288.66577
2437,259.18295
2438,514.7289
2439,2.1486356
2440,0.7424618
2441,249.63039
2442,716.33246
2443,268.48514
2444,401.7008
2445,2.0933838
2446,236.4743
2447,132.37753
2448,353.8928
2449,259.78506
2450,212.4001
2451,244.45139
2452,479.01926
2453,181.04454
2454,231.86424
2455,156.67152
2456,588.34686
2457,211.70656
2458,189.30463
2459,164.50792
2460,662.8441
2461,130.58649
2462,242.86931
2463,186.11948
2464,1147.0184
2465,345.4357
2466,379.7821
2467,48.170918
2468,37.990494
2469,228.61781
2470,188.99437
2471,262.55768
2472,777.67255
2473,2.0918398
2474,166.54738
2475,233.85208
2476,538.7239
2477,6.301441
2478,202.38489
2479,7.1358943
2480,256.50482
2481,64.232544
2482,1077.6823
2483,199.01852
2484,183.08708
2485,270.58612
2486,1099.6362
2487,256.08734
2488,270.59036
2489,2.7277792
2490,259.62637
2491,164.40784
2492,779.96564
2493,262.70544
2494,175.68538
2495,286.9721
2496,517.9696
2497,42.558514
2498,261.74918
2499,310.74222
2500,637.04126
2501,196.8587
2502,194.66568
2503,305.32608
2504,1006.31616
2505,200.5786
2506,14.524089
2507,153.07384
2508,84.26869
2509,285.19284
2510,458.2281
2511,233.20232
2512,298.7684
2513,2.0918393
2514,299.6569
2515,313.41748
2516,624.185
2517,254.39568
2518,249.77397
2519,2.2196834
2520,267.40128
2521,104.76772
2522,545.0149
2523,2.1517
2524,2.166767
2525,213.28943
2526,2.5834816
2527,345.0896
2528,852.92725
2529,135.19466
2530,22.782387
2531,25.883675
2532,284.6949
2533,203.7641
2534,281.0305
2535,255.13086
2536,290.38773
2537,276.60992
2538,299.75232
2539,237.18037
2540,244.65987
2541,282.26743
2542,238.27333
2543,206.33308
2544,217.6685
2545,321.2093
2546,905.5587
2547,66.79478
2548,68.20421
2549,299.9332
2550,351.1872
2551,353.97272
2552,587.99677
2553,234.90889
2554,146.7359
2555,317.67917
2556,730.6552
2557,206.87769
2558,189.51802
2559,301.82495
2560,272.49573
2561,272.15735
2562,725.9018
2563,2.2163386
2564,151.9022
2565,278.74283
2566,12.867073
2567,162.43341
2568,348.02402
2569,265.03586
2570,411.598
2571,289.86362
2572,925.3773
2573,41.655777
2574,326.3175
2575,308.84406
2576,966.8841
2577,11.578578
2578,209.40656
2579,327.1093
2580,591.9756
2581,254.49811
2582,247.25499
2583,287.55164
2584,834.0925
2585,198.80402
2586,278.8483
2587,233.72458
2588,712.1375
2589,340.74323
2590,370.10645
2591,269.1503
2592,612.3471
2593,228.16365
2594,216.50517
2595,215.69447
2596,591.99255
2597,132.27771
2598,157.69783
2599,235.26262
2600,699.7445
2601,176.05716
2602,273.4699
2603,214.70894
2604,793.70447
2605,238.94012
2606,267.63068
2607,165.3647
2608,483.9326
2609,161.85228
2610,185.54211
2611,2.0918398
2612,2.0918398
2613,195.5561
2614,184.39764
2615,246.3207
2616,207.81387
2617,254.70184
2618,710.85693
2619,209.0715
2620,218.23196
2621,179.88277
2622,54.227104
2623,152.01813
2624,289.00784
2625,83.77328
2626,830.3429
2627,30.987946
2628,250.8357
2629,278.45633
2630,631.18427
2631,270.61203
2632,342.34
2633,299.83597
2634,980.6296
2635,295.48145
2636,507.54382
2637,183.37393
2638,292.27393
2639,2.1096148
2640,195.56226
2641,340.29218
2642,422.03418
2643,2.108677
2644,264.8477
2645,317.02142
2646,741.3448
2647,2.0918915
2648,302.0823
2649,390.59033
2650,922.4196
2651,279.8792
2652,379.14844
2653,302.16672
2654,356.9562
2655,311.2773
2656,689.8655
2657,321.85797
2658,311.98758
2659,290.629
2660,649.92786
2661,29.407764
2662,288.094
2663,307.63358
2664,313.38535
2665,229.1607
2666,236.58719
2667,311.47726
2668,394.80838
2669,214.33798
2670,315.6143
2671,220.00433
2672,280.10846
2673,108.445526
2674,356.20667
2675,296.94937
2676,672.8956
2677,324.85977
2678,322.23093
2679,2.1087797
2680,241.85954
2681,370.42914
2682,531.0387
2683,2.1330423
2684,287.48563
2685,269.22678
2686,602.03973
2687,253.45244
2688,233.22388
2689,233.01721
2690,955.25714
2691,50.967823
2692,2.0918393
2693,128.41284
2694,277.32672
2695,266.87335
2696,263.84607
2697,278.29697
2698,709.27997
2699,228.98405
2700,299.352
2701,254.22472
2702,641.3168
2703,179.25993
2704,268.9045
2705,2.7426503
2706,691.58215
2707,262.62927
2708,221.32628
2709,184.0639
2710,246.09079
2711,301.84406
2712,544.7449
2713,40.139946
2714,1.7930118
2715,102.00031
2716,305.6079
2717,251.84506
2718,650.39764
2719,204.7509
2720,244.80966
2721,200.65334
2722,193.73996
2723,307.99924
2724,667.80414
2725,218.32611
2726,313.79114
2727,145.71205
2728,262.1435
2729,299.63583
2730,900.31635
2731,167.70451
2732,268.46558
2733,213.1521
2734,806.49506
2735,22.026442
2736,116.618576
2737,260.04803
2738,308.4635
2739,272.7628
2740,853.7544
2741,146.08095
2742,106.337715
2743,2.531208
2744,2.531208
2745,236.80656
2746,115.069046
2747,174.56662
2748,215.87599
2749,294.9263
2750,662.4937
2751,269.49414
2752,310.3991
2753,264.0834
2754,491.4271
2755,273.926
2756,286.87958
2757,151.15405
2758,178.7661
2759,2.319959
2760,257.86572
2761,268.7933
2762,511.2689
2763,2.1796794
2764,241.05717
2765,319.42993
2766,754.46625
2767,234.4096
2768,160.72577
2769,264.24698
2770,190.28793
2771,190.4682
2772,299.2378
2773,167.85683
2774,287.85876
2775,42.596066
2776,52.067432
2777,44.278122
2778,245.62393
2779,258.26242
2780,693.7931
2781,212.50745
2782,238.64024
2783,350.45615
2784,138.39116
2785,205.61862
2786,469.65643
2787,108.017204
2788,132.74745
2789,243.35867
2790,218.26425
2791,80.50576
2792,306.1143
2793,171.79462
2794,249.39664
2795,43.941425
2796,230.39235
2797,200.81866
2798,569.9801
2799,2.1737943
2800,134.5105
2801,180.72176
2802,237.48578
2803,318.4029
2804,228.08783
2805,319.57462
2806,412.7395
2807,2.0918393
2808,243.74727
2809,3.0552719
2810,894.8433
2811,158.62097
2812,210.67897
2813,244.8773
2814,714.79987
2815,264.12177
2816,304.7885
2817,299.72318
2818,1103.416
2819,260.41937
2820,169.3696
2821,189.65376
2822,248.019
2823,244.52226
2824,874.0441
2825,204.9557
2826,242.8196
2827,293.7395
2828,896.24365
2829,2.1283698
2830,310.5648
2831,321.00455
2832,1065.3668
2833,2.1506898
2834,2.1439295
2835,180.67805
2836,320.0637
2837,325.4002
2838,475.66226
2839,230.48264
2840,317.6965
2841,285.09888
2842,1074.5283
2843,2.843351
2844,213.09068
2845,343.2924
2846,627.6803
2847,41.4021
2848,308.35403
2849,291.21667
2850,335.02448
2851,2.2766602
2852,69.5821
2853,131.16975
2854,339.26358
2855,357.7824
2856,619.1714
2857,2.1690605
2858,303.57858
2859,270.21417
2860,426.41138
2861,238.00706
2862,180.95576
2863,169.49278
2864,929.69696
2865,271.9737
2866,227.63455
2867,269.29434
2868,485.17273
2869,114.35086
2870,222.60085
2871,7.241405
2872,158.57695
2873,243.34465
2874,784.0998
2875,201.6243
2876,285.9617
2877,162.23116
2878,644.4741
2879,255.74962
2880,198.57303
2881,285.46017
2882,283.1836
2883,142.20544
2884,1055.3483
2885,342.06366
2886,434.73236
2887,271.1759
2888,600.67694
2889,2.1451814
2890,282.66162
2891,2.1633108
2892,294.85428
2893,184.44595
2894,256.73923
2895,336.98294
2896,327.5334
2897,263.87473
2898,200.40904
2899,286.8008
2900,218.57266
2901,328.04962
2902,526.9904
2903,2.0943074
2904,322.65845
2905,311.8883
2906,827.3597
2907,303.56638
2908,241.89801
2909,158.05386
2910,195.40215
2911,277.28983
2912,212.5741
2913,24.003736
2914,315.85117
2915,278.82047
2916,885.2675
2917,226.53941
2918,296.41977
2919,192.98917
2920,773.54114
2921,332.84793
2922,164.40857
2923,357.26013
2924,909.8071
2925,394.1729
2926,266.18243
2927,86.416985
2928,274.40686
2929,205.3373
2930,875.8801
2931,2.1212175
2932,16.996328
2933,336.77536
2934,291.0128
2935,230.55742
2936,620.7752
2937,2.1490383
2938,110.13649
2939,274.30667
2940,219.14398
2941,273.98007
2942,174.94832
2943,304.94626
2944,232.3614
2945,215.81863
2946,744.0903
2947,305.0756
2948,276.78268
2949,311.29883
2950,632.9018
2951,2.107349
2952,184.71284
2953,267.10568
2954,722.92664
2955,188.55449
2956,270.80865
2957,283.19254
2958,968.4986
2959,175.3512
2960,123.36201
2961,184.33713
2962,304.56512
2963,100.64185
2964,275.7091
2965,142.99321
2966,165.89503
2967,2.3857956
2968,156.1938
2969,407.5493
2970,165.60405
2971,163.08902
2972,288.61395
2973,310.74783
2974,515.7404
2975,2.6699643
2976,293.81195
2977,163.60771
2978,298.30264
2979,297.55914
2980,7.1825147
2981,364.43915
2982,481.4755
2983,25.072086
2984,206.21394
2985,284.9991
2986,242.36566
2987,245.23901
2988,901.8677
2989,2.088353
2990,316.2409
2991,2.0918393
2992,121.48241
2993,167.38686
2994,12.315281
2995,312.9885
2996,335.55658
2997,304.73938
2998,825.1334
2999,299.99918
3000,376.92966
3001,2.0918915
3002,344.44604
3003,309.86978
3004,324.5293
3005,272.12576
3006,859.0499
3007,2.1452942
3008,222.18022
3009,373.33682
3010,701.8967
3011,60.427357
3012,281.65512
3013,152.54303
3014,234.08214
3015,7.227865
3016,197.14272
3017,260.3723
3018,640.7898
3019,61.741966
3020,248.17175
3021,272.67953
3022,656.26886
3023,310.48123
3024,211.50972
3025,193.54851
3026,301.9195
3027,290.83813
3028,743.3597
3029,289.86633
3030,277.06436
3031,162.17
3032,256.71506
3033,206.06877
3034,243.28297
3035,137.89485
3036,230.93015
3037,209.93484
3038,286.30603
3039,311.7207
3040,284.98514
3041,141.79884
3042,851.4926
3043,285.71027
3044,246.04678
3045,220.86162
3046,762.3224
3047,115.7593
3048,281.9723
3049,264.0827
3050,754.0122
3051,1.7183654
3052,390.27667
3053,213.18349
3054,951.8754
3055,71.739296
3056,305.4028
3057,295.53442
3058,682.00055
3059,191.6871
3060,187.50748
3061,63.88406
3062,860.0029
3063,274.36057
3064,266.35065
3065,251.08534
3066,234.37083
3067,228.96991
3068,495.04105
3069,2.0918398
3070,167.14372
3071,355.06458
3072,841.79346
3073,257.60742
3074,182.66318
3075,249.83156
3076,865.0157
3077,291.03925
3078,275.7021
3079,307.6767
3080,872.19507
3081,96.79399
3082,210.84886
3083,334.29837
3084,643.00684
3085,295.0256
3086,215.07864
3087,306.98184
3088,363.03394
3089,3.506104
3090,264.20377
3091,167.40152
3092,2.554853
3093,247.50253
3094,784.09094
3095,329.76468
3096,423.83353
3097,3.242763
3098,3.2427416
3099,3.2427416
3100,241.66873
3101,214.59387
3102,244.47963
3103,243.39865
3104,693.1638
3105,7.8943963
3106,3.3726432
3107,308.0153
3108,312.58032
3109,319.3174
3110,619.1238
3111,253.53741
3112,274.31537
3113,304.45114
3114,668.0389
3115,2.1796794
3116,230.95064
3117,324.41135
3118,500.0677
3119,256.78192
3120,321.5254
3121,307.32452
3122,361.77686
3123,7.651509
3124,145.58553
3125,191.44772
3126,219.0728
3127,297.15033
3128,535.6667
3129,3.0362003
3130,356.87802
3131,255.5605
3132,594.4245
3133,224.72983
3134,117.57112
3135,211.25113
3136,177.2395
3137,284.32663
3138,448.7451
3139,267.4531
3140,279.20248
3141,103.99005
3142,238.80692
3143,68.21489
3144,291.49384
3145,46.862736
3146,298.58823
3147,236.74974
3148,740.09357
3149,226.4347
3150,240.78827
3151,241.37793
3152,708.70593
3153,2.118324
3154,287.98898
3155,198.6302
3156,558.3329
3157,278.3332
3158,324.38126
3159,140.2165
3160,471.91187
3161,2.7962637
3162,130.27202
3163,142.83351
3164,307.59476
3165,230.21106
3166,492.57196
3167,169.57147
3168,290.16595
3169,215.54056
3170,978.76776
3171,211.24521
3172,124.524254
3173,251.93628
3174,755.4321
3175,41.630924
3176,2.0943074
3177,282.90616
3178,247.85846
3179,104.224434
3180,746.8807
3181,297.9369
3182,233.002
3183,139.83084
3184,182.09596
3185,230.12744
3186,188.15121
3187,203.03674
3188,291.70844
3189,211.14761
3190,80.02456
3191,260.16644
3192,244.2857
3193,39.330505
3194,163.60638
3195,68.52069
3196,729.1345
3197,0.083773404
3198,192.9744
3199,172.31898
3200,420.5054
3201,6.4870663
3202,32.87014
3203,179.9549
3204,190.63347
3205,245.56065
3206,187.66695
3207,176.05287
3208,752.80927
3209,251.12805
3210,315.97412
3211,327.8534
3212,825.75256
3213,144.93782
3214,294.07913
3215,333.93536
3216,838.1239
3217,125.48293
3218,2.0918393
3219,259.08838
3220,329.94296
3221,325.5555
3222,947.274
3223,306.05698
3224,87.85082
3225,244.01297
3226,174.67369
3227,246.58128
3228,261.6457
3229,2.0918393
3230,145.97783
3231,247.28001
3232,337.2963
3233,287.81165
3234,660.0723
3235,2.228484
3236,239.2313
3237,357.25998
3238,261.99384
3239,2.5660079
3240,2.4791293
3241,207.60088
3242,45.45698
3243,235.32762
3244,307.84418
3245,54.104458
3246,226.99493
3247,291.29218
3248,172.14719
3249,7.9290886
3250,90.6454
3251,288.47684
3252,277.62958
3253,212.8595
3254,679.75214
3255,280.2279
3256,62.191837
3257,274.18994
3258,799.7538
3259,116.010475
3260,270.6809
3261,285.73538
3262,148.507
3263,293.65524
3264,369.1226
3265,232.4058
3266,223.29388
3267,297.6755
3268,800.5267
3269,2.1465774
3270,72.41984
3271,318.73114
3272,227.27153
3273,5.4318333
3274,106.74819
3275,301.13208
3276,812.97784
3277,176.58942
3278,54.33629
3279,426.35403
3280,216.91844
3281,293.42703
3282,819.1355
3283,292.01602
3284,390.1333
3285,283.4453
3286,728.4881
3287,181.22185
3288,321.9831
3289,266.19107
3290,675.7754
3291,200.67485
3292,201.94893
3293,17.83682
3294,2.1737943
3295,89.36836
3296,230.07434
3297,333.7848
3298,674.4276
3299,236.61789
3300,272.659
3301,301.89517
3302,206.0356
3303,245.7454
3304,279.08832
3305,210.06422
3306,237.50719
3307,208.43787
3308,597.0976
3309,2.2354212
3310,238.51332
3311,289.63812
3312,615.46643
3313,207.84137
3314,185.36462
3315,368.02338
3316,619.8009
3317,2.0903208
3318,326.33322
3319,323.42813
3320,462.94284
3321,146.39095
3322,191.60696
3323,160.3299
3324,966.85913
3325,2.2259128
3326,195.59506
3327,313.972
3328,65.96336
3329,240.61845
3330,566.76654
3331,181.76555
3332,7.412715
3333,195.22223
3334,152.23009
3335,298.4083
3336,861.8829
3337,187.77097
3338,294.31223
3339,230.13295
3340,741.47876
3341,278.77072
3342,297.6659
3343,207.87285
3344,636.4644
3345,213.6466
3346,214.49799
3347,355.46918
3348,628.3782
3349,7.7991805
3350,187.7911
3351,328.1197
3352,346.4878
3353,206.56549
3354,277.01248
3355,326.31195
3356,301.3197
3357,274.82574
3358,415.563
3359,396.76608
3360,777.75885
3361,303.55023
3362,301.49304
3363,254.4402
3364,489.53772
3365,81.70001
3366,19.579405
3367,241.24883
3368,175.79083
3369,357.5001
3370,825.9267
3371,221.66978
3372,219.49052
3373,302.42627
3374,231.79195
3375,278.0512
3376,1116.393
3377,7.908434
3378,209.22325
3379,198.85054
3380,288.8938
3381,255.49825
3382,257.2662
3383,81.01415
3384,779.2824
3385,296.57462
3386,344.73447
3387,305.06717
3388,1122.3414
3389,422.82413
3390,425.40097
3391,225.7545
3392,221.90121
3393,288.60123
3394,654.8926
3395,195.34402
3396,279.67538
3397,284.0112
3398,757.46655
3399,2.1624663
3400,182.4881
3401,205.0154
3402,295.3269
3403,210.4659
3404,964.23865
3405,278.825
3406,229.95563
3407,316.72318
3408,630.443
3409,187.48914
3410,158.84239
3411,165.24313
3412,314.8799
3413,303.48807
3414,546.2519
3415,13.085137
3416,245.05048
3417,267.05292
3418,956.11816
3419,2.0918393
3420,331.0675
3421,232.20909
3422,589.82776
3423,281.77612
3424,327.10275
3425,2.1189063
3426,2.1189063
3427,277.24472
3428,295.44992
3429,325.8029
3430,624.0738
3431,2.0918403
3432,121.69569
3433,33.976376
3434,118.45591
3435,299.62997
3436,179.82019
3437,190.63722
3438,254.30298
3439,165.2063
3440,484.21222
3441,2.2702613
3442,24.898138
3443,299.8179
3444,611.39276
3445,121.8023
3446,194.41705
3447,252.22078
3448,819.0215
3449,2.091892
3450,259.45795
3451,264.26346
3452,861.0791
3453,3.5644991
3454,232.4158
3455,212.95168
3456,626.4108
3457,222.73792
3458,262.9942
3459,136.81836
3460,488.8681
3461,139.17326
3462,123.5462
3463,251.93224
3464,756.5235
3465,3.3966832
3466,227.65735
3467,306.30725
3468,413.41693
3469,204.51846
3470,256.458
3471,375.22708
3472,757.0035
3473,114.05161
3474,352.85895
3475,204.32857
3476,638.1904
3477,213.96002
3478,117.17388
3479,160.78102
3480,195.64609
3481,228.92953
3482,779.3889
3483,69.60357
3484,297.78342
3485,52.54861
3486,883.07446
3487,302.75302
3488,329.66357
3489,129.91512
3490,196.7797
3491,206.65025
3492,344.2468
3493,123.16663
3494,296.79443
3495,158.41667
3496,627.4709
3497,268.90805
3498,184.71248
3499,283.53625
3500,722.569
3501,231.46658
3502,193.34875
3503,292.94196
3504,384.52512
3505,260.94406
3506,238.09523
3507,356.82532
3508,243.61552
3509,2.0928452
3510,44.749607
3511,276.34296
3512,322.16193
3513,323.77322
3514,931.62524
3515,201.07188
3516,404.12027
3517,282.35135
3518,306.0625
3519,166.7374
3520,503.02036
3521,268.79968
3522,109.7087
3523,239.0625
3524,831.00854
3525,14.299346
3526,253.07712
3527,217.04344
3528,115.071754
3529,275.61584
3530,259.52643
3531,244.94348
3532,281.97128
3533,269.05432
3534,792.2382
3535,284.92477
3536,251.94388
3537,208.47171
3538,232.14621
3539,251.38797
3540,535.1054
3541,133.58551
3542,276.24835
3543,206.86644
3544,302.6169
3545,15.171418
3546,462.53528
3547,46.891327
3548,185.48653
3549,260.83582
3550,283.48798
3551,171.16226
3552,497.85602
3553,113.009186
3554,237.84245
3555,278.33948
3556,915.58923
3557,263.4612
3558,255.08714
3559,189.84816
3560,128.78923
3561,269.82364
3562,286.27188
3563,203.13971
3564,290.33954
3565,260.4881
3566,204.69104
3567,313.94052
3568,646.97754
3569,242.79765
3570,281.03613
3571,295.98145
3572,492.82663
3573,251.73097
3574,193.23538
3575,210.7014
3576,376.11823
3577,129.27611
3578,208.45247
3579,293.48834
3580,179.20229
3581,264.40768
3582,647.9061
3583,219.46075
3584,59.753086
3585,166.91917
3586,59.753086
3587,348.5229
3588,620.51776
3589,183.6376
3590,2.8196454
3591,208.50311
3592,202.36186
3593,356.46075
3594,135.48476
3595,151.82877
3596,275.84592
3597,225.63373
3598,259.07175
3599,304.88754
3600,633.5069
3601,197.24757
3602,268.5849
3603,148.64282
3604,176.80363
3605,301.5508
3606,135.90779
3607,137.30676
3608,124.896484
3609,278.79675
3610,202.38652
3611,133.611
3612,634.58923
3613,2.9739401
3614,14.5191555
3615,3.7771957
3616,200.29932
3617,307.37418
3618,3.6572468
3619,279.84787
3620,964.68066
3621,335.8864
3622,196.65158
3623,225.33278
3624,828.4687
3625,285.93185
3626,203.2062
3627,249.49529
3628,882.89264
3629,89.54115
3630,250.6925
3631,236.73965
3632,419.28775
3633,307.70798
3634,659.9357
3635,213.66187
3636,293.9679
3637,216.24559
3638,326.7013
3639,165.31657
3640,335.13193
3641,232.93002
3642,319.18677
3643,301.44766
3644,489.23724
3645,2.0909014
3646,178.8042
3647,308.82632
3648,271.57516
3649,232.48787
3650,1037.7555
3651,280.0467
3652,280.7673
3653,326.89893
3654,529.25836
3655,246.74303
3656,290.66226
3657,305.08493
3658,690.22626
3659,261.07526
3660,327.824
3661,287.8158
3662,365.4704
3663,194.58128
3664,304.71652
3665,318.741
3666,851.03314
3667,2.169543
3668,284.37186
3669,296.24133
3670,311.275
3671,277.33252
3672,631.44385
3673,181.7509
3674,258.66318
3675,317.49075
3676,193.16591
3677,322.71848
3678,744.8356
3679,285.00607
3680,185.50331
3681,318.19034
3682,691.44385
3683,293.481
3684,293.63266
3685,116.884766
3686,263.66846
3687,337.71188
3688,529.1265
3689,231.5205
3690,354.93488
3691,291.48666
3692,581.8608
3693,181.51659
3694,300.32147
3695,1.3394113
3696,232.41347
3697,59.22768
3698,709.7777
3699,2.2699049
3700,265.74
3701,125.31957
3702,770.60583
3703,245.49207
3704,303.48444
3705,222.02907
3706,712.29504
3707,288.51166
3708,524.99493
3709,19.65927
3710,342.20642
3711,209.56334
3712,776.8459
3713,2.0918915
3714,151.16542
3715,357.84518
3716,885.41766
3717,205.35263
3718,244.63165
3719,353.18518
3720,963.5495
3721,2.1094222
3722,299.16516
3723,274.98654
3724,634.26855
3725,290.90338
3726,211.31227
3727,108.742584
3728,363.3363
3729,194.00117
3730,303.4826
3731,228.13814
3732,373.5721
3733,232.2225
3734,739.5355
3735,133.51501
3736,271.73853
3737,316.21826
3738,649.5877
3739,301.21625
3740,199.66942
3741,257.35153
3742,463.2453
3743,217.21439
3744,193.89087
3745,203.5025
3746,268.216
3747,244.83362
3748,598.2971
3749,217.67088
3750,249.37791
3751,225.18143
3752,283.03284
3753,133.59248
3754,2.0918398
3755,276.92142
3756,7.136947
3757,233.68855
3758,482.80832
3759,257.93607
3760,141.69217
3761,399.70038
3762,508.21667
3763,7.1003704
3764,176.42804
3765,259.39386
3766,713.92456
3767,2.127059
3768,295.30655
3769,3.07964
3770,561.6793
3771,89.49424
3772,172.16512
3773,312.36642
3774,272.4257
3775,150.47931
3776,760.50806
3777,255.40231
3778,260.7276
3779,279.08792
3780,586.9134
3781,280.7355
3782,292.64337
3783,122.8767
3784,841.1728
3785,276.1749
3786,218.25192
3787,278.31635
3788,673.6599
3789,2.1096148
3790,276.6087
3791,249.06868
3792,725.24713
3793,292.79236
3794,293.2595
3795,221.78358
3796,300.18695
3797,156.53935
3798,197.8411
3799,146.05243
3800,166.4622
3801,174.66972
3802,868.00494
3803,275.3361
3804,296.33664
3805,328.87103
3806,791.6306
3807,270.72562
3808,366.35574
3809,303.5452
3810,643.53864
3811,275.93262
3812,247.30325
3813,281.6417
3814,640.9683
3815,2.1318767
3816,93.631935
3817,286.20724
3818,331.1989
3819,2.9897494
3820,573.63794
3821,241.46675
3822,319.12823
3823,366.69568
3824,340.62265
3825,304.8141
3826,762.38745
3827,310.83038
3828,490.8443
3829,302.45544
3830,745.6372
3831,402.2555
3832,226.00336
3833,303.70837
3834,334.96658
3835,297.80725
3836,303.09824
3837,244.03508
3838,627.1045
3839,316.63492
3840,518.9723
3841,323.08734
3842,310.4412
3843,160.09622
3844,489.9081
3845,192.05812
3846,296.3978
3847,74.2889
3848,436.18185
3849,233.7053
3850,313.9102
3851,325.84302
3852,345.9034
3853,181.13416
3854,219.71393
3855,405.29266
3856,272.57956
3857,190.07396
3858,216.44905
3859,198.22275
3860,309.00375
3861,254.0034
3862,344.74475
3863,187.83803
3864,520.6019
3865,221.91602
3866,178.9618
3867,184.30534
3868,679.3872
3869,245.89001
3870,313.7738
3871,211.67323
3872,973.65857
3873,185.25107
3874,197.31236
3875,219.3966
3876,453.14703
3877,45.730522
3878,39.301395
3879,299.37433
3880,180.27803
3881,220.34557
3882,1049.3854
3883,215.19218
3884,289.33563
3885,260.2581
3886,449.94278
3887,2.2418785
3888,63.097286
3889,376.19025
3890,296.34448
3891,2.3308554
3892,129.59889
3893,433.7118
3894,694.0628
3895,190.18713
3896,235.76462
3897,12.661028
3898,11.401339
3899,308.53784
3900,169.18886
3901,288.52246
3902,750.5445
3903,296.10065
3904,265.83096
3905,144.13213
3906,188.3832
3907,273.21667
3908,438.54688
3909,2.1276045
3910,2.1276045
3911,194.63963
3912,246.8725
3913,173.51903
3914,256.86078
3915,218.4571
3916,249.95006
3917,236.67351
3918,256.25577
3919,199.62898
3920,681.79083
3921,216.8619
3922,239.6005
3923,245.36717
3924,145.2927
3925,266.91956
3926,418.7742
3927,264.5677
3928,298.07056
3929,2.1269138
3930,243.16321
3931,162.05713
3932,294.0898
3933,272.6078
3934,197.05656
3935,291.30493
3936,709.7839
3937,301.66623
3938,349.0334
3939,279.6324
3940,710.6984
3941,199.73767
3942,296.7538
3943,306.3208
3944,429.18698
3945,230.34174
3946,234.08815
3947,159.6354
3948,2.82227
3949,179.29095
3950,257.10785
3951,270.63348
3952,177.30536
3953,304.3056
3954,344.89645
3955,45.76453
3956,240.25215
3957,340.84705
3958,478.1333
3959,28.819468
3960,193.98845
3961,224.93309
3962,647.8053
3963,96.65691
3964,271.93655
3965,251.89868
3966,414.59818
3967,111.333244
3968,291.2215
3969,308.71338
3970,133.69847
3971,176.92683
3972,390.45123
3973,200.60994
3974,316.93292
3975,212.4199
3976,269.15594
3977,299.90234
3978,157.82086
3979,261.05112
3980,603.4901
3981,209.59996
3982,298.37515
3983,263.66852
3984,470.37793
3985,176.59999
3986,241.51842
3987,315.08755
3988,516.8362
3989,178.41284
3990,207.6092
3991,309.24072
3992,643.86835
3993,264.68762
3994,206.14568
3995,185.42252
3996,68.433754
3997,241.79839
3998,108.781044
3999,27.090036
4000,202.60129
4001,323.0314
4002,585.6473
4003,203.57616
4004,308.13492
4005,216.63191
4006,642.7734
4007,280.52173
4008,175.47005
4009,264.2182
4010,214.49742
4011,250.59045
4012,705.1273
4013,57.632893
4014,271.10947
4015,176.2658
4016,296.46698
4017,322.70245
4018,927.9807
4019,194.52258
4020,275.99414
4021,250.98405
4022,997.96075
4023,253.77126
4024,260.5769
4025,215.53104
4026,321.62433
4027,227.14818
4028,291.75604
4029,199.84438
4030,272.56717
4031,270.82498
4032,921.06476
4033,-0.13112299
4034,287.43
4035,277.7689
4036,759.051
4037,96.858055
4038,254.52605
4039,245.04701
4040,276.09482
4041,233.82066
4042,275.26083
4043,304.47076
4044,990.8718
4045,225.65948
4046,247.70728
4047,270.16553
4048,283.07782
4049,152.29265
4050,676.10077
4051,258.34885
4052,181.00084
4053,287.00552
4054,552.59766
4055,265.92328
4056,164.28912
4057,238.26912
4058,341.93723
4059,344.48233
4060,720.0509
4061,2.0918398
4062,165.98657
4063,325.0644
4064,390.7971
4065,252.49808
4066,303.1635
4067,197.60019
4068,781.4879
4069,330.28052
4070,386.51297
4071,76.96339
4072,192.41592
4073,347.3902
4074,870.5247
4075,2.0918398
4076,198.64635
4077,291.0713
4078,319.3961
4079,322.4689
4080,677.852
4081,321.85422
4082,299.05185
4083,312.71414
4084,238.82422
4085,316.82672
4086,758.17
4087,2.185215
4088,233.65572
4089,293.63885
4090,326.9991
4091,221.40141
4092,217.42307
4093,228.8924
4094,93.27496
4095,265.9832
4096,455.49017
4097,264.19565
4098,747.70197
4099,182.14311
4100,312.47113
4101,232.7866
4102,814.10626
4103,2.6282492
4104,295.27432
4105,288.66068
4106,310.9274
4107,2.8544338
4108,231.35124
4109,350.15964
4110,996.4283
4111,279.31277
4112,354.30426
4113,555.34546
4114,727.63916
4115,206.18631
4116,312.57956
4117,368.20547
4118,826.1068
4119,217.09329
4120,126.0566
4121,252.45906
4122,225.54092
4123,305.09094
4124,315.93118
4125,208.8945
4126,126.0566
4127,194.48259
4128,314.55472
4129,273.29602
4130,280.04807
4131,284.0686
4132,203.41534
4133,251.55127
4134,639.8729
4135,224.7902
4136,234.53384
4137,213.45511
4138,171.73096
4139,357.9062
4140,651.4488
4141,181.24464
4142,199.4783
4143,293.2264
4144,328.46893
4145,202.04349
4146,2.0918393
4147,31.084194
4148,31.619379
4149,301.34814
4150,132.47823
4151,225.52512
4152,213.05403
4153,337.49304
4154,507.8489
4155,354.59344
4156,434.92087
4157,2.6853108
4158,236.87541
4159,264.27985
4160,470.01498
4161,276.6314
4162,305.93225
4163,209.65594
4164,470.01498
4165,2.0918393
4166,237.23701
4167,213.61008
4168,482.38922
4169,221.43835
4170,250.2718
4171,216.36024
4172,499.67172
4173,2.0918393
4174,283.54532
4175,280.59735
4176,509.30795
4177,2.4308805
4178,193.9255
4179,329.53253
4180,593.4014
4181,261.95007
4182,144.2763
4183,2.3929307
4184,276.70444
4185,337.4426
4186,447.52725
4187,200.97772
4188,248.23775
4189,244.72151
4190,909.5421
4191,266.90356
4192,2.8815928
4193,183.74605
4194,187.23564
4195,196.12479
4196,258.32663
4197,272.35168
4198,265.3303
4199,88.83464
4200,88.31943
4201,181.57664
4202,226.96936
4203,195.81583
4204,255.99657
4205,313.0315
4206,259.85492
4207,213.7599
4208,274.80917
4209,154.57077
4210,831.91174
4211,38.93538
4212,302.4128
4213,283.54724
4214,184.8627
4215,284.92343
4216,321.3925
4217,210.0899
4218,292.81387
4219,433.7304
4220,323.83786
4221,284.66855
4222,404.29202
4223,228.86198
4224,523.4733
4225,273.1343
4226,385.91708
4227,524.4426
4228,583.9452
4229,159.39018
4230,260.14688
4231,395.20044
4232,670.5208
4233,181.5405
4234,190.97719
4235,225.4256
4236,253.67468
4237,198.47174
4238,253.7263
4239,275.1187
4240,282.1149
4241,342.79797
4242,926.6599
4243,120.47373
4244,265.53546
4245,313.3991
4246,308.6195
4247,210.0831
4248,290.519
4249,179.93051
4250,251.52858
4251,303.83667
4252,266.0874
4253,193.32494
4254,247.88075
4255,196.16087
4256,172.16211
4257,298.40274
4258,551.0299
4259,275.33267
4260,217.70859
4261,259.0956
4262,726.15424
4263,287.33826
4264,299.65372
4265,136.58282
4266,258.28296
4267,232.70851
4268,416.75473
4269,148.47432
4270,311.6594
4271,228.83899
4272,946.3869
4273,142.92754
4274,32.509438
4275,174.11511
4276,358.0138
4277,296.1678
4278,298.08963
4279,332.24576
4280,674.23456
4281,5.9893513
4282,222.45895
4283,368.97604
4284,295.26965
4285,209.52895
4286,256.64886
4287,215.16353
4288,259.2123
4289,2.2611816
4290,294.588
4291,299.03207
4292,884.42
4293,38.84008
4294,300.0301
4295,101.7574
4296,254.39606
4297,283.9364
4298,649.0887
4299,2.0918393
4300,105.23092
4301,156.54082
4302,426.67606
4303,293.97586
4304,348.2692
4305,232.1513
4306,796.75946
4307,297.10385
4308,361.80627
4309,330.62308
4310,1101.2443
4311,2.091388
4312,304.39597
4313,231.2635
4314,679.62476
4315,192.18208
4316,76.47905
4317,255.56206
4318,479.771
4319,214.92651
4320,216.35043
4321,229.73972
4322,209.85004
4323,250.71547
4324,669.3641
4325,305.17816
4326,290.8565
4327,319.69754
4328,1032.0859
4329,2.0918608
4330,2.0918608
4331,172.60422
4332,270.35184
4333,297.04703
4334,268.36713
4335,188.41809
4336,747.2572
4337,2.0918608
4338,317.98334
4339,289.3471
4340,1073.5356
4341,170.38972
4342,228.41487
4343,282.7529
4344,962.5277
4345,129.03737
4346,183.81656
4347,330.52176
4348,647.32684
4349,101.703766
4350,199.4336
4351,2.0918393
4352,282.12485
4353,373.7539
4354,512.2935
4355,223.487
4356,334.25742
4357,195.61191
4358,264.46997
4359,163.89279
4360,226.46973
4361,154.99396
4362,262.00186
4363,275.92813
4364,752.2074
4365,274.68008
4366,210.5249
4367,296.9367
4368,552.2508
4369,11.053513
4370,23.048681
4371,186.81273
4372,774.16534
4373,269.5139
4374,180.5335
4375,255.52763
4376,253.70293
4377,216.15343
4378,683.41235
4379,2.0918393
4380,231.7016
4381,304.0115
4382,837.31335
4383,187.35489
4384,292.18323
4385,190.21996
4386,770.53516
4387,153.21645
4388,164.87424
4389,2.3367143
4390,192.19356
4391,194.60739
4392,635.90137
4393,275.00623
4394,181.68062
4395,92.872604
4396,2.2369423
4397,232.57143
4398,284.89832
4399,3.2397792
4400,447.44656
4401,258.6276
4402,327.4899
4403,279.96445
4404,631.4011
4405,294.84216
4406,278.0534
4407,256.23325
4408,265.53845
4409,249.53564
4410,797.028
4411,126.800575
4412,171.27394
4413,341.0559
4414,705.7661
4415,217.0993
4416,174.55664
4417,214.63809
4418,328.29544
4419,187.10374
4420,263.85028
4421,286.38455
4422,468.3941
4423,283.64676
4424,339.66507
4425,265.39197
4426,647.5384
4427,292.41696
4428,310.70856
4429,275.16846
4430,264.75888
4431,183.95581
4432,229.74806
4433,306.23782
4434,344.4949
4435,240.72003
4436,444.239
4437,5.4724793
4438,114.593575
4439,219.60585
4440,283.28516
4441,250.0306
4442,758.5646
4443,283.69766
4444,222.38643
4445,263.96362
4446,267.7317
4447,231.53073
4448,664.15985
4449,209.32082
4450,208.80014
4451,274.04507
4452,283.99026
4453,250.17955
4454,96.13586
4455,240.22232
4456,323.0139
4457,174.44998
4458,643.5537
4459,231.33675
4460,14.282473
4461,185.25946
4462,197.74333
4463,2.2924411
4464,286.25613
4465,186.54869
4466,224.26146
4467,301.28027
4468,599.45087
4469,182.24728
4470,290.62827
4471,230.42677
4472,385.62585
4473,303.74872
4474,643.99615
4475,144.34929
4476,9.560386
4477,8.1624775
4478,285.92697
4479,280.4455
4480,273.50525
4481,145.47078
4482,796.56616
4483,288.29086
4484,344.52008
4485,166.92377
4486,326.62653
4487,306.12466
4488,592.95386
4489,164.18614
4490,205.42503
4491,303.3835
4492,247.94254
4493,183.39053
4494,230.16325
4495,85.83018
4496,243.35303
4497,2.0918403
4498,268.79984
4499,287.01642
4500,271.10892
4501,230.82898
4502,320.0997
4503,172.53827
4504,197.8189
4505,263.8775
4506,283.18747
4507,233.39685
4508,760.86676
4509,2.0918403
4510,255.57698
4511,189.1712
4512,397.723
4513,2.2339885
4514,4.246165
4515,306.67862
4516,700.22156
4517,233.44398
4518,307.1308
4519,183.14679
4520,253.58372
4521,159.81688
4522,241.94131
4523,267.90823
4524,773.2806
4525,325.4598
4526,191.63206
4527,257.00195
4528,130.25826
4529,257.3269
4530,187.16536
4531,288.831
4532,528.315
4533,2.9126565
4534,160.9584
4535,104.41026
4536,723.8772
4537,2.2915192
4538,2.2915192
4539,245.1391
4540,275.57748
4541,269.32144
4542,768.25946
4543,2.1784334
4544,2.1737943
4545,272.47107
4546,300.6118
4547,192.82175
4548,903.48206
4549,198.0966
4550,290.15524
4551,288.34436
4552,786.2731
4553,90.245346
4554,246.06676
4555,309.08792
4556,764.87396
4557,288.25327
4558,475.23837
4559,216.62279
4560,463.1018
4561,194.41771
4562,203.9089
4563,154.27588
4564,485.8187
4565,198.95627
4566,173.0154
4567,239.61407
4568,497.0272
4569,308.2328
4570,221.84921
4571,190.37279
4572,223.7733
4573,2.0918393
4574,334.3878
4575,318.07327
4576,647.94025
4577,102.86594
4578,193.74992
4579,283.1399
4580,265.60123
4581,225.5547
4582,276.47253
4583,245.24641
4584,322.45978
4585,353.41678
4586,222.73582
4587,247.46454
4588,355.17014
4589,652.2766
4590,307.6431
4591,153.2261
4592,169.74815
4593,49.705894
4594,202.0845
4595,103.99483
4596,334.70358
4597,237.95293
4598,252.71892
4599,212.51724
4600,230.55507
4601,185.35011
4602,285.2459
4603,285.72244
4604,196.04826
4605,322.2006
4606,775.41003
4607,194.67554
4608,283.32285
4609,318.4762
4610,641.2513
4611,292.24915
4612,834.5237
4613,176.73529
4614,269.43774
4615,305.89847
4616,894.2161
4617,201.72603
4618,25.286345
4619,286.639
4620,254.72998
4621,220.55777
4622,507.2182
4623,2.4331844
4624,97.95926
4625,346.25464
4626,617.0371
4627,2.1263824
4628,300.67233
4629,279.7376
4630,737.4374
4631,2.0918403
4632,231.1016
4633,257.94528
4634,574.3742
4635,231.71306
4636,280.54996
4637,135.058
4638,270.76117
4639,157.3536
4640,737.67725
4641,138.20653
4642,295.86844
4643,244.75293
4644,656.84827
4645,190.23076
4646,229.07118
4647,259.60672
4648,305.4027
4649,251.53542
4650,778.4336
4651,212.41872
4652,177.69485
4653,8.811604
4654,133.4232
4655,315.1804
4656,168.30544
4657,140.99979
4658,710.05786
4659,146.36603
4660,283.22858
4661,253.20549
4662,1021.76465
4663,2.1162376
4664,270.84985
4665,258.64908
4666,293.66595
4667,285.75827
4668,493.67685
4669,368.09265
4670,181.4132
4671,14.865294
4672,234.2355
4673,185.08539
4674,189.77
4675,336.264
4676,317.28842
4677,330.65924
4678,1016.1695
4679,300.81238
4680,211.30661
4681,304.65897
4682,269.4922
4683,230.60405
4684,489.6532
4685,141.99796
4686,260.66718
4687,288.32135
4688,605.5576
4689,213.43433
4690,260.76364
4691,264.73303
4692,367.5553
4693,2.2469125
4694,186.00803
4695,287.24402
4696,443.21844
4697,245.72038
4698,288.00403
4699,205.67986
4700,224.91751
4701,223.7657
4702,250.54349
4703,208.37958
4704,521.5807
4705,4.616487
4706,288.41797
4707,302.40417
4708,566.6592
4709,144.57802
4710,135.68484
4711,200.39311
4712,222.95427
4713,2.2325711
4714,274.32178
4715,232.42723
4716,68.198456
4717,94.17386
4718,65.91973
4719,286.17203
4720,272.03363
4721,213.13022
4722,151.33257
4723,310.49524
4724,419.2543
4725,253.0962
4726,296.13745
4727,236.50342
4728,230.98035
4729,219.31169
4730,319.7528
4731,276.11237
4732,417.16647
4733,2.110011
4734,137.9977
4735,254.38925
4736,385.55273
4737,285.6448
4738,315.2062
4739,268.45132
4740,566.54285
4741,196.11404
4742,253.1447
4743,265.53146
4744,591.3418
4745,2.1094136
4746,149.17351
4747,314.82864
4748,737.3292
4749,266.0346
4750,278.05045
4751,203.27785
4752,405.17963
4753,261.95016
4754,265.26862
4755,303.79984
4756,1026.7832
4757,2.5082872
4758,280.55515
4759,72.107574
4760,199.56091
4761,139.14902
4762,161.77396
4763,263.81354
4764,600.6397
4765,90.17686
4766,214.13553
4767,157.25374
4768,218.52777
4769,210.69984
4770,231.17447
4771,266.45978
4772,251.73334
4773,303.4188
4774,685.98755
4775,2.4013464
4776,192.76877
4777,333.02386
4778,720.90125
4779,267.43588
4780,249.70273
4781,344.2697
4782,487.7127
4783,261.52032
4784,396.49194
4785,2.0918915
4786,311.11844
4787,245.95944
4788,504.41025
4789,220.31158
4790,292.37582
4791,309.93253
4792,369.1289
4793,289.6978
4794,97.50795
4795,257.07
4796,868.43677
4797,267.9636
4798,299.94028
4799,243.1606
4800,362.0956
4801,323.0313
4802,409.09872
4803,161.17491
4804,107.20078
4805,2.2562106
4806,114.14424
4807,87.55351
4808,219.61053
4809,280.36713
4810,782.8611
4811,225.91621
4812,66.29557
4813,2.2211504
4814,2.2325711
4815,-2.1310067
4816,207.38194
4817,132.6912
4818,112.69523
4819,92.38753
4820,125.82409
4821,87.58547
4822,714.10834
4823,15.435998
4824,260.23962
4825,164.83664
4826,159.523
4827,223.76495
4828,927.47406
4829,22.228271
4830,337.35355
4831,221.03778
4832,730.8456
4833,17.591412
4834,293.70337
4835,213.42093
4836,718.8129
4837,6.286111
4838,174.66151
4839,26.995087
4840,192.2997
4841,236.94675
4842,587.4026
4843,62.31151
4844,268.94815
4845,226.24742
4846,885.2234
4847,2.1528707
4848,2.134664
4849,341.13843
4850,375.01718
4851,248.35814
4852,463.1381
4853,197.43045
4854,278.08694
4855,300.65997
4856,185.5888
4857,179.6492
4858,223.81015
4859,229.21709
4860,432.97943
4861,301.2536
4862,486.18063
4863,2.4465566
4864,184.52805
4865,304.29132
4866,227.1128
4867,129.53923
4868,259.3516
4869,311.59262
4870,658.5459
4871,261.74142
4872,323.80353
4873,2.127604
4874,274.39542
4875,184.59285
4876,210.52045
4877,130.14359
4878,254.52097
4879,207.92653
4880,136.4694
4881,139.71124
4882,232.13306
4883,229.35266
4884,616.557
4885,174.6164
4886,70.815605
4887,176.31738
4888,234.54782
4889,194.61061
4890,857.43005
4891,190.24313
4892,271.2286
4893,317.39978
4894,1019.0876
4895,200.72214
4896,294.99033
4897,194.62111
4898,147.18826
4899,311.21255
4900,836.1509
4901,196.39746
4902,126.42109
4903,228.00212
4904,120.33912
4905,249.26382
4906,282.09485
4907,67.22651
4908,701.9546
4909,274.40088
4910,261.8381
4911,232.15251
4912,751.48944
4913,5.7160277
4914,2.155093
4915,282.6346
4916,222.80103
4917,212.64883
4918,735.476
4919,2.1318753
4920,7.295734
4921,2.163371
4922,163.67442
4923,238.33884
4924,281.18283
4925,209.56447
4926,187.278
4927,123.1811
4928,757.6599
4929,55.82489
4930,238.21767
4931,270.20453
4932,1036.7235
4933,112.4527
4934,220.22337
4935,242.9491
4936,252.17917
4937,213.68748
4938,751.5421
4939,2.3266325
4940,272.09354
4941,287.44482
4942,269.8644
4943,264.31644
4944,532.273
4945,-2.2887673
4946,268.37418
4947,194.69475
4948,517.19946
4949,145.54474
4950,259.56454
4951,175.6517
4952,212.68086
4953,2.0918398
4954,2.0918398
4955,305.84146
4956,294.2644
4957,294.55106
4958,949.52136
4959,153.55956
4960,157.32315
4961,516.3117
4962,294.87155
4963,177.41997
4964,800.7188
4965,287.1962
4966,197.72443
4967,2.091892
4968,66.877464
4969,130.9468
4970,201.4993
4971,260.30722
4972,273.3339
4973,299.1815
4974,1009.50757
4975,2.372993
4976,-0.9950895
4977,192.57631
4978,269.43307
4979,3.0278652
4980,419.61624
4981,204.43326
4982,165.1935
4983,278.07227
4984,265.89822
4985,257.8645
4986,1071.5265
4987,2.3012414
4988,2.3738005
4989,288.88782
4990,261.23453
4991,248.07394
4992,57.29823
4993,2.4474652
4994,261.423
4995,295.5295
4996,274.56522
4997,295.546
4998,755.46674
4999,4.1591477
5000,307.84708
5001,444.5521
5002,462.38974
5003,9.29509
5004,221.10522
5005,236.721
5006,921.1634
5007,2.1887398
5008,244.35994
5009,181.03845
5010,985.2899
5011,8.268831
5012,4.567092
5013,11.103459
5014,2.1276045
5015,241.8361
5016,3.0758169
5017,222.92
5018,228.76215
5019,222.40588
5020,640.51373
5021,2.1792018
5022,308.2415
5023,199.85387
5024,988.1181
5025,322.94797
5026,220.40784
5027,294.80026
5028,641.50476
5029,204.69394
5030,256.4055
5031,220.27737
5032,993.3645
5033,261.52026
5034,252.01692
5035,377.2853
5036,109.86158
5037,233.86288
5038,691.15515
5039,262.0251
5040,174.5484
5041,273.30658
5042,188.52606
5043,260.94803
5044,161.10635
5045,161.26096
5046,593.11816
5047,237.43697
5048,335.48322
5049,9.507569
5050,166.61597
5051,281.33878
5052,232.77087
5053,284.10815
5054,438.08044
5055,2.0918398
5056,57.391197
5057,133.14328
5058,241.91574
5059,4.243459
5060,230.07585
5061,4.7813067
5062,501.68326
5063,8.716207
5064,8.815458
5065,426.41812
5066,952.4765
5067,140.43115
5068,293.95316
5069,270.92886
5070,250.78894
5071,250.3956
5072,866.1367
5073,5.667502
5074,293.44357
5075,255.63243
5076,322.73453
5077,2.0918398
5078,228.20816
5079,279.96646
5080,210.74792
5081,2.3289278
5082,346.97803
5083,319.1595
5084,687.55756
5085,230.3828
5086,195.35225
5087,205.99043
5088,278.4516
5089,261.80066
5090,331.34958
5091,125.445724
5092,241.22455
5093,2.4918427
5094,382.52707
5095,3.3827024
5096,317.6596
5097,206.44019
5098,740.89264
5099,269.49857
5100,328.19318
5101,318.1098
5102,646.854
5103,229.62013
5104,355.5233
5105,191.5618
5106,767.6299
5107,2.1437078
5108,63.34744
5109,166.21233
5110,254.03972
5111,304.30334
5112,686.50446
5113,246.72562
5114,257.13666
5115,210.05936
5116,410.01633
5117,188.44537
5118,275.8855
5119,138.42166
5120,212.0442
5121,111.50708
5122,105.99843
5123,152.93246
5124,184.72905
5125,295.9407
5126,280.2629
5127,201.38715
5128,11.339199
5129,272.01874
5130,224.9008
5131,291.32358
5132,806.5569
5133,2.1431317
5134,2.1431317
5135,195.03442
5136,250.94865
5137,219.2812
5138,653.88916
5139,178.06451
5140,247.46281
5141,243.18013
5142,845.8786
5143,135.99947
5144,276.66034
5145,329.86203
5146,747.93353
5147,243.97752
5148,2.8255646
5149,235.28156
5150,237.6385
5151,200.33119
5152,195.59161
5153,252.77727
5154,205.78128
5155,105.325485
5156,332.49878
5157,2.2793825
5158,195.4309
5159,269.68338
5160,751.77966
5161,103.34777
5162,244.68353
5163,226.08266
5164,163.53923
5165,139.80618
5166,1004.0663
5167,2.1048422
5168,259.01974
5169,262.71548
5170,688.9687
5171,2.1099563
5172,272.40317
5173,3.3749676
5174,979.2667
5175,102.03248
5176,257.92978
5177,193.99173
5178,299.81702
5179,292.06082
5180,476.31073
5181,2.1099348
5182,2.1099563
5183,191.31224
5184,209.20305
5185,191.1107
5186,930.1417
5187,2.1094835
5188,299.5764
5189,82.178024
5190,458.8715
5191,88.37221
5192,244.43163
5193,116.66019
5194,228.49638
5195,50.072918
5196,191.55582
5197,231.92023
5198,326.4182
5199,268.7571
5200,209.4808
5201,2.8950086
5202,2.8447495
5203,2.8447495
5204,2.3504903
5205,151.43095
5206,71.669014
5207,96.07371
5208,304.57684
5209,254.82011
5210,236.35269
5211,77.389275
5212,2.361911
5213,279.97452
5214,103.01851
5215,177.0422
5216,701.89526
5217,265.05838
5218,178.93172
5219,237.89966
5220,726.4203
5221,195.89474
5222,305.88077
5223,250.26912
5224,567.6264
5225,126.074425
5226,114.000374
5227,146.71513
5228,170.64162
5229,224.28189
5230,847.42487
5231,324.78085
5232,506.082
5233,286.33054
5234,355.37384
5235,2.119195
5236,13.556516
5237,2.1737938
5238,77.75064
5239,177.92801
5240,304.48022
5241,271.8677
5242,3.1366496
5243,100.15424
5244,90.09464
5245,367.04825
5246,760.8565
5247,272.52246
5248,212.44559
5249,127.459145
5250,374.8891
5251,300.5047
5252,319.7269
5253,245.76393
5254,526.04913
5255,2.0918608
5256,302.74414
5257,293.2533
5258,956.0269
5259,207.739
5260,301.4127
5261,185.73468
5262,804.318
5263,177.5147
5264,189.4044
5265,11.366444
5266,2.1145563
5267,209.46846
5268,289.22943
5269,61.34852
5270,120.27798
5271,220.70172
5272,179.71971
5273,193.81355
5274,679.10034
5275,123.17133
5276,301.70322
5277,143.26877
5278,509.65723
5279,7.2221103
5280,226.3694
5281,195.86241
5282,294.13956
5283,305.75192
5284,585.45135
5285,215.93849
5286,228.72063
5287,267.71646
5288,312.72302
5289,296.96243
5290,503.74677
5291,201.65353
5292,273.46277
5293,271.76718
5294,594.3585
5295,81.745285
5296,180.36044
5297,211.586
5298,838.76685
5299,105.27306
5300,149.76385
5301,173.45177
5302,668.5083
5303,268.48746
5304,159.67152
5305,347.4456
5306,1114.2773
5307,213.68031
5308,306.88394
5309,248.24478
5310,1005.1766
5311,2.0918393
5312,2.0918393
5313,2.0918393
5314,281.34283
5315,197.28029
5316,392.74615
5317,318.8044
5318,855.19415
5319,62.58491
5320,2.0918393
5321,281.15985
5322,3.000295
5323,326.48535
5324,959.3311
5325,125.68056
5326,157.89107
5327,386.11578
5328,869.309
5329,204.03673
5330,275.5076
5331,264.89957
5332,1050.8809
5333,182.69273
5334,207.349
5335,240.02368
5336,167.21799
5337,292.06076
5338,567.3018
5339,0.4958584
5340,269.87564
5341,303.28638
5342,715.4236
5343,-2.0699923
5344,277.834
5345,239.08075
5346,647.2049
5347,2.2710414
5348,221.06029
5349,305.69232
5350,937.7137
5351,2.445427
5352,2.5058322
5353,276.18518
5354,276.32712
5355,280.74997
5356,392.95697
5357,192.8066
5358,306.75125
5359,2.1212375
5360,2.0918403
5361,181.86914
5362,267.4862
5363,84.39006
5364,175.50864
5365,347.1243
5366,560.8513
5367,2.8752186
5368,2.8715804
5369,2.0918403
5370,2.360015
5371,282.24255
5372,237.84209
5373,350.8939
5374,177.3929
5375,253.18109
5376,259.28833
5377,193.35057
5378,811.8158
5379,170.58829
5380,355.74384
5381,235.73
5382,940.076
5383,205.80301
5384,2.903459
5385,2.8506937
5386,2.854332
5387,500.41397
5388,204.59718
5389,195.0963
5390,189.30319
5391,196.56285
5392,381.2119
5393,301.71533
5394,870.87976
5395,2.091892
5396,226.33188
5397,2.854332
5398,177.68756
5399,274.3297
5400,140.2887
5401,324.81223
5402,282.09164
5403,326.33105
5404,471.0037
5405,251.76022
5406,235.81471
5407,2.796918
5408,141.43268
5409,530.4518
5410,276.22864
5411,225.69482
5412,458.42072
5413,2.2181177
5414,138.76212
5415,154.4707
5416,323.94873
5417,368.66757
5418,353.8792
5419,193.8919
5420,288.55807
5421,344.8612
5422,704.2207
5423,2.3073156
5424,253.82954
5425,293.59113
5426,715.3291
5427,2.1929998
5428,231.32617
5429,302.31335
5430,684.0243
5431,246.89096
5432,237.5905
5433,309.34482
5434,235.97043
5435,254.3051
5436,565.2086
5437,151.00487
5438,339.8437
5439,163.41148
5440,278.46387
5441,-1.9584923
5442,223.44543
5443,293.0385
5444,981.0787
5445,68.82509
5446,240.94011
5447,274.72226
5448,628.2856
5449,141.49278
5450,2.0999959
5451,89.81836
5452,2.4858725
5453,2.4981275
5454,251.7773
5455,232.37613
5456,180.58177
5457,255.10042
5458,794.8437
5459,2.4538848
5460,220.50427
5461,320.8228
5462,267.36353
5463,130.40367
5464,924.3669
5465,276.99136
5466,347.2882
5467,152.93887
5468,250.20494
5469,235.1474
5470,353.1628
5471,249.84291
5472,202.08347
5473,152.05782
5474,143.13503
5475,227.85033
5476,299.1765
5477,226.65485
5478,203.06316
5479,178.34868
5480,898.49115
5481,2.0918398
5482,268.0221
5483,220.88782
5484,225.67598
5485,154.05804
5486,176.78893
5487,335.9895
5488,246.80075
5489,175.10896
5490,21.065432
5491,203.4627
5492,274.98297
5493,223.63043
5494,228.12941
5495,332.62827
5496,2.298798
5497,154.76158
5498,280.54156
5499,228.25806
5500,2.0918398
5501,237.14305
5502,173.09903
5503,190.23997
5504,305.48325
5505,245.6985
5506,273.02576
5507,247.19
5508,503.14374
5509,229.87686
5510,228.71439
5511,256.77698
5512,267.45407
5513,274.68408
5514,744.7528
5515,280.0874
5516,311.52548
5517,2.6539075
5518,82.89868
5519,189.67897
5520,3.102757
5521,284.38116
5522,259.16824
5523,2.673272
5524,2.673272
5525,66.26994
5526,201.8172
5527,238.08293
5528,99.661316
5529,379.82526
5530,329.07086
5531,266.46362
5532,1012.9833
5533,2.0918608
5534,250.26186
5535,318.0247
5536,670.7409
5537,176.30307
5538,163.27888
5539,269.81503
5540,310.2722
5541,284.46188
5542,630.2812
5543,268.30234
5544,322.08136
5545,299.09152
5546,482.19916
5547,215.28203
5548,201.29979
5549,246.09721
5550,1107.3749
5551,18.108768
5552,304.77054
5553,285.80243
5554,933.329
5555,2.2132971
5556,238.96124
5557,298.85977
5558,350.70865
5559,58.860287
5560,69.60809
5561,88.62786
5562,2.1818292
5563,122.84178
5564,212.81061
5565,238.5532
5566,175.77602
5567,211.06134
5568,260.43256
5569,293.4027
5570,368.96573
5571,196.52989
5572,249.7216
5573,288.3693
5574,290.3862
5575,290.5063
5576,836.19775
5577,203.78368
5578,161.12473
5579,2.0943074
5580,227.31825
5581,183.76413
5582,252.30905
5583,109.638885
5584,848.13184
5585,16.97113
5586,121.74295
5587,287.41452
5588,240.96674
5589,174.36536
5590,882.03894
5591,20.260017
5592,315.35324
5593,218.51398
5594,905.88727
5595,64.34179
5596,330.98398
5597,240.35782
5598,901.64246
5599,234.25145
5600,318.91507
5601,319.69025
5602,721.3922
5603,257.80872
5604,468.39206
5605,294.6191
5606,498.06903
5607,207.26253
5608,228.19115
5609,185.21371
5610,594.70776
5611,23.365993
5612,288.78632
5613,309.08878
5614,826.19806
5615,261.82565
5616,234.51219
5617,205.04626
5618,440.59796
5619,271.1549
5620,300.0239
5621,295.38745
5622,579.6141
5623,138.057
5624,282.5039
5625,196.52467
5626,774.7958
5627,2.128982
5628,169.05194
5629,264.4322
5630,259.51044
5631,140.42676
5632,244.31613
5633,298.93326
5634,640.4661
5635,3.0580838
5636,280.52252
5637,199.86504
5638,791.14124
5639,258.3082
5640,225.48882
5641,257.89664
5642,3.2924707
5643,235.24693
5644,716.80634
5645,172.75598
5646,282.80707
5647,243.35895
5648,157.48178
5649,15.414611
5650,143.97873
5651,2.537931
5652,187.37573
5653,180.34119
5654,270.10922
5655,2.0918393
5656,282.60486
5657,203.07245
5658,304.1676
5659,2.1433218
5660,4.98056
5661,257.04977
5662,269.84433
5663,268.6043
5664,523.36884
5665,250.42621
5666,307.1181
5667,263.3867
5668,469.42865
5669,209.84193
5670,186.76544
5671,185.06845
5672,749.47144
5673,179.54451
5674,95.71281
5675,136.27374
5676,72.092064
5677,234.07806
5678,313.34146
5679,268.14786
5680,646.98456
5681,176.65273
5682,245.7076
5683,307.22787
5684,432.28116
5685,263.19632
5686,223.89314
5687,292.308
5688,291.90756
5689,87.03676
5690,941.0903
5691,2.787129
5692,184.54768
5693,341.5394
5694,1024.7782
5695,232.37868
5696,257.2738
5697,297.34222
5698,191.18564
5699,3.4794881
5700,698.3819
5701,127.73192
5702,212.98447
5703,295.86716
5704,876.70734
5705,6.358243
5706,139.67152
5707,360.47427
5708,682.56433
5709,306.98782
5710,211.72891
5711,129.15742
5712,847.8648
5713,89.72391
5714,170.55646
5715,137.7648
5716,237.18547
5717,229.98276
5718,226.21953
5719,164.65866
5720,2.0918398
5721,191.88583
5722,44.666042
5723,321.88525
5724,760.7664
5725,284.99832
5726,262.24213
5727,193.32652
5728,964.37286
5729,160.05142
5730,279.91122
5731,2.091892
5732,2.091892
5733,257.83273
5734,3.3953211
5735,231.805
5736,737.7898
5737,271.85394
5738,376.29977
5739,269.6012
5740,944.56177
5741,3.861396
5742,178.26573
5743,302.41306
5744,443.7828
5745,161.693
5746,324.66074
5747,137.50514
5748,2.323101
5749,257.3087
5750,49.177643
5751,221.1433
5752,527.35846
5753,2.091892
5754,36.192017
5755,262.44946
5756,424.89117
5757,174.81647
5758,244.37186
5759,244.2785
5760,314.72775
5761,143.24635
5762,192.94872
5763,335.1129
5764,710.3581
5765,95.10346
5766,91.823784
5767,165.68343
5768,474.0052
5769,350.5728
5770,265.6348
5771,220.00912
5772,129.49968
5773,272.3258
5774,223.60414
5775,170.102
5776,977.28156
5777,2.5319579
5778,324.5623
5779,247.54042
5780,168.5041
5781,279.2054
5782,817.20135
5783,293.4711
5784,299.13086
5785,149.61572
5786,206.36842
5787,94.295044
5788,259.71945
5789,292.4256
5790,394.43753
5791,182.31265
5792,204.2034
5793,269.63776
5794,261.4068
5795,265.58212
5796,658.14386
5797,191.77095
5798,168.03006
5799,192.89328
5800,232.87082
5801,272.88614
5802,280.88406
5803,281.42194
5804,117.62001
5805,248.84436
5806,254.07741
5807,2.2369895
5808,258.68683
5809,330.01526
5810,386.57727
5811,2.298692
5812,2.145525
5813,253.08905
5814,130.66559
5815,319.69778
5816,535.62445
5817,235.72664
5818,270.93124
5819,199.5687
5820,100.080086
5821,250.71443
5822,257.40424
5823,212.70386
5824,261.44998
5825,229.40707
5826,447.75476
5827,178.63992
5828,254.12827
5829,54.53811
5830,216.491
5831,304.35138
5832,734.7453
5833,284.04773
5834,393.28748
5835,2.167554
5836,2.167554
5837,2.167554
5838,2.5925648
5839,178.29807
5840,184.05411
5841,145.08223
5842,3.250893
5843,348.85776
5844,614.865
5845,68.548744
5846,272.0144
5847,80.20518
5848,739.811
5849,259.66803
5850,263.30362
5851,320.22595
5852,902.8384
5853,111.231
5854,311.91275
5855,314.4349
5856,511.52744
5857,173.45955
5858,301.18375
5859,33.93357
5860,257.0429
5861,253.72493
5862,321.79214
5863,300.3395
5864,799.0109
5865,254.5843
5866,307.44308
5867,220.06454
5868,734.52075
5869,229.5965
5870,12.069324
5871,171.58464
5872,113.18537
5873,117.780464
5874,231.88336
5875,8.76127
5876,139.7388
5877,205.47273
5878,270.18475
5879,181.93748
5880,2.6537907
5881,144.61191
5882,162.14119
5883,153.51645
5884,171.22858
5885,176.35677
5886,181.78528
5887,246.53963
5888,2.2793825
5889,93.792564
5890,239.48547
5891,226.9885
5892,398.80576
5893,248.66534
5894,306.36618
5895,76.03757
5896,192.56529
5897,334.30554
5898,323.82266
5899,256.5754
5900,306.445
5901,219.46027
5902,289.3718
5903,270.2579
5904,398.92734
5905,129.06085
5906,2.1343706
5907,270.1813
5908,189.98482
5909,326.0746
5910,715.8416
5911,13.102728
5912,149.86525
5913,275.10895
5914,180.92336
5915,314.3507
5916,977.1768
5917,105.447
5918,293.32028
5919,86.07173
5920,2.0918398
5921,307.74008
5922,302.29892
5923,233.31569
5924,967.6988
5925,114.05988
5926,2.0905433
5927,323.936
5928,310.74216
5929,282.15646
5930,655.1393
5931,71.782425
5932,161.13417
5933,57.693325
5934,262.76068
5935,54.948933
5936,360.37805
5937,126.11101
5938,136.53159
5939,2.0918398
5940,336.22275
5941,187.62431
5942,294.26288
5943,200.28065
5944,580.6056
5945,113.18327
5946,270.0924
5947,391.20575
5948,938.507
5949,215.23157
5950,2.1456032
5951,321.78552
5952,302.23322
5953,3.2344456
5954,613.37573
5955,188.33992
5956,318.63162
5957,333.0024
5958,832.61847
5959,243.36066
5960,302.65118
5961,240.79759
5962,625.2791
5963,172.38889
5964,222.74261
5965,66.8188
5966,245.23352
5967,2.1189063
5968,3.9985585
5969,152.33054
5970,3.1624148
5971,2.1189063
5972,64.58194
5973,243.79326
5974,260.11093
5975,225.88503
5976,808.7826
5977,2.4905698
5978,222.60944
5979,257.84555
5980,281.29358
5981,151.91945
5982,661.07495
5983,2.942801
5984,410.02908
5985,239.51082
5986,880.18506
5987,318.19098
5988,152.10425
5989,261.9655
5990,489.17725
5991,167.2946
5992,223.4627
5993,205.02711
5994,810.2862
5995,252.25963
5996,261.93097
5997,163.92303
5998,244.46045
5999,294.45236
6000,702.24396
6001,265.22528
6002,272.29285
6003,285.07043
6004,790.8718
6005,44.184372
6006,266.74265
6007,268.98785
6008,3.0777025
6009,322.18945
6010,474.73584
6011,5.5852375
6012,228.01913
6013,191.67497
6014,246.6567
6015,242.07594
6016,353.8785
6017,235.94705
6018,262.60434
6019,286.84613
6020,1085.1998
6021,2.2076998
6022,86.14249
6023,115.42168
6024,303.5375
6025,291.30267
6026,3.178177
6027,284.449
6028,822.68726
6029,210.80373
6030,312.7114
6031,364.58997
6032,312.21875
6033,207.5378
6034,269.7551
6035,320.9091
6036,460.53162
6037,233.39507
6038,339.68793
6039,185.58678
6040,246.41364
6041,240.547
6042,317.0567
6043,312.60526
6044,652.0308
6045,197.43515
6046,302.0744
6047,262.8461
6048,275.93924
6049,93.532814
6050,720.04724
6051,2.0918398
6052,328.85776
6053,172.96257
6054,744.9559
6055,2.825584
6056,2.0884206
6057,277.08463
6058,193.20734
6059,268.37634
6060,739.53186
6061,245.97803
6062,254.43571
6063,294.89017
6064,170.66907
6065,253.225
6066,272.21442
6067,143.01186
6068,600.76715
6069,241.97949
6070,264.2574
6071,233.4515
6072,668.7653
6073,244.51674
6074,328.31775
6075,344.8789
6076,742.96674
6077,296.0764
6078,302.82095
6079,63.264267
6080,136.37518
6081,311.41223
6082,663.2675
6083,154.78926
6084,207.7112
6085,62.235615
6086,265.2992
6087,166.36028
6088,315.83972
6089,165.05713
6090,2.1311834
6091,187.30356
6092,95.37156
6093,159.0568
6094,502.7687
6095,317.7279
6096,677.47015
6097,198.45808
6098,313.98935
6099,155.59688
6100,272.79474
6101,81.43721
6102,460.96445
6103,178.15746
6104,259.71133
6105,289.1285
6106,659.6273
6107,195.86131
6108,302.6208
6109,2.0918393
6110,1.932361
6111,279.76855
6112,3.1848958
6113,303.8088
6114,219.84492
6115,135.30855
6116,268.49423
6117,280.59897
6118,226.21024
6119,247.621
6120,713.2381
6121,142.79898
6122,215.7573
6123,226.00038
6124,264.1621
6125,286.79517
6126,827.3152
6127,2.3204496
6128,2.3229144
6129,243.12003
6130,244.3286
6131,248.86732
6132,516.75305
6133,90.96139
6134,2.3204496
6135,133.62135
6136,286.4718
6137,309.02017
6138,366.59976
6139,209.56123
6140,383.16318
6141,3.2814405
6142,3.2814405
6143,2.9298265
6144,257.89474
6145,110.552155
6146,225.3812
6147,264.8465
6148,604.7958
6149,298.82227
6150,260.5439
6151,335.56528
6152,82.53208
6153,2.7418423
6154,2.7418423
6155,294.08606
6156,206.9096
6157,326.7194
6158,695.60297
6159,2.0943074
6160,310.04858
6161,204.2166
6162,544.7748
6163,295.72412
6164,329.382
6165,343.82333
6166,414.1473
6167,293.12393
6168,266.74304
6169,198.04047
6170,199.36664
6171,239.75533
6172,17.095537
6173,304.22943
6174,149.4946
6175,310.84186
6176,445.28955
6177,2.097407
6178,248.7833
6179,268.07468
6180,236.4306
6181,288.88593
6182,637.0937
6183,107.76692
6184,29.363564
6185,355.04813
6186,739.9435
6187,269.9818
6188,314.49838
6189,146.95433
6190,307.35977
6191,16.8626
6192,88.39666
6193,248.49013
6194,314.55377
6195,167.27705
6196,24.215445
6197,149.36444
6198,267.42365
6199,295.02075
6200,586.49164
6201,285.37418
6202,228.69255
6203,185.9555
6204,212.57349
6205,353.1301
6206,636.26276
6207,243.90459
6208,244.57675
6209,195.42981
6210,589.077
6211,243.98068
6212,254.06041
6213,247.5697
6214,767.6088
6215,2.0918608
6216,231.78831
6217,310.493
6218,572.643
6219,266.98615
6220,169.00461
6221,172.31226
6222,193.02357
6223,255.75604
6224,710.6474
6225,38.04757
6226,38.851837
6227,183.8151
6228,96.92707
6229,218.5737
6230,927.6271
6231,0.5799577
6232,243.04509
6233,235.71773
6234,291.24948
6235,262.8452
6236,241.39609
6237,209.36768
6238,263.17255
6239,314.578
6240,558.93646
6241,2.5315282
6242,2.4744189
6243,310.51437
6244,285.13745
6245,270.79034
6246,697.0242
6247,263.0431
6248,298.24222
6249,183.33685
6250,614.63477
6251,229.73787
6252,279.65503
6253,279.39465
6254,297.35724
6255,247.81413
6256,499.83023
6257,287.9706
6258,617.2048
6259,158.72136
6260,240.27293
6261,278.00613
6262,343.8753
6263,2.1411102
6264,207.92255
6265,182.08751
6266,152.49449
6267,160.79593
6268,247.2423
6269,211.52835
6270,120.83502
6271,201.23592
6272,226.94962
6273,273.98694
6274,706.04553
6275,2.0918403
6276,292.5774
6277,309.7527
6278,498.9779
6279,141.21815
6280,299.0482
6281,258.25015
6282,654.38855
6283,42.16123
6284,248.35887
6285,138.30553
6286,848.2974
6287,258.20218
6288,207.2187
6289,313.92877
6290,163.18826
6291,175.68866
6292,281.3632
6293,291.12946
6294,778.32874
6295,152.62276
6296,57.943363
6297,232.11768
6298,240.50319
6299,292.91406
6300,350.70587
6301,190.16049
6302,772.19867
6303,256.47482
6304,238.09315
6305,171.99916
6306,842.163
6307,2.618857
6308,44.530937
6309,321.1749
6310,1068.039
6311,2.0996218
6312,2.0996218
6313,238.29135
6314,271.00967
6315,223.73201
6316,728.5039
6317,2.0928452
6318,93.51248
6319,183.31563
6320,349.39108
6321,269.13025
6322,675.803
6323,192.46333
6324,247.33876
6325,241.61377
6326,815.86707
6327,250.93573
6328,270.04636
6329,259.97113
6330,297.88632
6331,236.7802
6332,659.37177
6333,2.28732
6334,2.291959
6335,287.48944
6336,188.00897
6337,201.05624
6338,96.83641
6339,2.2382243
6340,207.8311
6341,376.51425
6342,300.60944
6343,131.35649
6344,296.73447
6345,249.066
6346,871.95984
6347,338.8899
6348,123.413475
6349,106.387436
6350,959.64526
6351,312.77145
6352,309.7589
6353,3.1441386
6354,2.0933847
6355,2.5775397
6356,222.50703
6357,382.7712
6358,2.727629
6359,194.20314
6360,191.50659
6361,322.132
6362,292.09985
6363,254.3938
6364,455.97052
6365,2.098024
6366,2.098024
6367,220.52217
6368,298.98114
6369,102.80298
6370,443.2451
6371,279.13242
6372,249.9721
6373,246.85037
6374,232.34235
6375,2.0918393
6376,164.0266
6377,291.3322
6378,743.1912
6379,269.62762
6380,202.78047
6381,61.290813
6382,263.75934
6383,152.56793
6384,314.0809
6385,150.26483
6386,199.09863
6387,267.7435
6388,500.9844
6389,234.82947
6390,276.54327
6391,226.55264
6392,351.5763
6393,2.0918272
6394,280.5999
6395,155.18932
6396,611.2632
6397,239.666
6398,182.1327
6399,74.3932
6400,586.3804
6401,246.058
6402,262.87848
6403,210.56499
6404,659.3189
6405,126.17636
6406,214.19157
6407,183.47514
6408,270.64975
6409,328.51425
6410,938.53595
6411,220.01137
6412,290.22858
6413,265.21637
6414,534.5156
6415,251.91225
6416,270.65143
6417,330.66037
6418,650.0955
6419,2.653997
6420,149.1176
6421,220.8874
6422,264.54315
6423,319.21347
6424,1063.4518
6425,2.099149
6426,2.0938346
6427,326.97623
6428,375.89322
6429,243.21327
6430,236.88618
6431,242.15897
6432,641.7681
6433,182.31564
6434,100.50458
6435,252.15341
6436,219.18767
6437,300.43692
6438,304.19974
6439,269.08844
6440,330.0865
6441,242.89803
6442,341.471
6443,327.24225
6444,400.0425
6445,295.43015
6446,537.2496
6447,293.52795
6448,151.38539
6449,210.30145
6450,195.80884
6451,166.51991
6452,279.62762
6453,346.84198
6454,634.00397
6455,2.3206096
6456,19.499636
6457,282.7899
6458,275.204
6459,2.3068829
6460,212.51076
6461,275.5014
6462,293.45712
6463,2.7774882
6464,278.60675
6465,229.36371
6466,199.90352
6467,2.2824602
6468,278.1028
6469,308.77594
6470,195.28249
6471,177.63669
6472,669.876
6473,253.56415
6474,255.8589
6475,164.74538
6476,296.68698
6477,11.236688
6478,388.7318
6479,279.44977
6480,301.2817
6481,305.10782
6482,703.6807
6483,24.490372
6484,190.78894
6485,182.32928
6486,233.54893
6487,2.1438432
6488,182.59653
6489,298.40222
6490,311.4093
6491,273.97906
6492,348.9025
6493,2.2749388
6494,2.2743628
6495,194.51558
6496,245.87991
6497,347.7313
6498,2.9423718
6499,3.057527
6500,326.74307
6501,261.2752
6502,331.14697
6503,239.79663
6504,292.0576
6505,260.70377
6506,641.24786
6507,37.19509
6508,312.4366
6509,248.95724
6510,652.8112
6511,2.3531969
6512,335.3697
6513,280.07538
6514,968.8331
6515,200.77364
6516,316.7216
6517,119.28133
6518,2.151986
6519,272.46057
6520,277.59616
6521,90.843796
6522,393.65454
6523,193.68793
6524,232.50183
6525,379.28546
6526,230.36748
6527,157.02821
6528,300.89584
6529,300.14362
6530,263.69507
6531,343.314
6532,976.11896
6533,296.20953
6534,2.14376
6535,240.04562
6536,244.89413
6537,220.52042
6538,688.2973
6539,114.543076
6540,309.87888
6541,270.4732
6542,497.6982
6543,29.34898
6544,302.39597
6545,250.88828
6546,507.10617
6547,340.45377
6548,345.76224
6549,134.50241
6550,224.76707
6551,303.95987
6552,262.59775
6553,358.9437
6554,862.5531
6555,276.17502
6556,309.9688
6557,322.6431
6558,640.35547
6559,132.75302
6560,200.1305
6561,230.65761
6562,282.08948
6563,333.95953
6564,324.0839
6565,337.96304
6566,374.19547
6567,266.36862
6568,219.02243
6569,282.2989
6570,277.93875
6571,244.67673
6572,623.4935
6573,194.75899
6574,277.11865
6575,290.66376
6576,236.50206
6577,277.41708
6578,496.86887
6579,158.6246
6580,345.52808
6581,183.70734
6582,979.91113
6583,263.94824
6584,305.3915
6585,235.02736
6586,320.98657
6587,326.6787
6588,417.65436
6589,285.0304
6590,301.99042
6591,278.293
6592,482.98416
6593,264.91336
6594,301.24835
6595,159.36722
6596,519.1774
6597,278.31717
6598,304.82104
6599,173.31636
6600,447.4603
6601,2.3632424
6602,262.8911
6603,302.83408
6604,495.13718
6605,285.81952
6606,310.594
6607,271.33917
6608,880.7121
6609,304.786
6610,331.153
6611,197.1434
6612,240.35164
6613,2.1254065
6614,2.0889282
6615,2.1121037
6616,2.0889282
6617,255.09174
6618,342.63196
6619,350.77502
6620,399.10187
6621,336.32828
6622,646.0829
6623,109.17038
6624,185.21762
6625,241.51152
6626,200.1203
6627,18.057217
6628,210.53067
6629,311.62234
6630,240.17111
6631,312.74203
6632,286.82123
6633,348.4135
6634,450.70776
6635,266.9795
6636,892.17847
6637,250.82182
6638,192.22395
6639,356.90076
6640,509.54883
6641,2.1439157
6642,2.1439157
6643,189.75128
6644,172.11322
6645,328.90472
6646,161.84329
6647,3.2197938
6648,552.15643
6649,294.77295
6650,522.48346
6651,185.64728
6652,151.09859
6653,278.7685
6654,2.0918393
6655,162.0276
6656,319.63177
6657,3.1627023
6658,159.47142
6659,305.57544
6660,466.59586
6661,127.50223
6662,153.85756
6663,324.82208
6664,719.5282
6665,273.30505
6666,168.42525
6667,443.57816
6668,224.20412
6669,202.2204
6670,271.04874
6671,2.1087263
6672,301.5883
6673,75.675316
6674,571.3078
6675,90.02234
6676,277.7505
6677,314.05286
6678,879.3033
6679,91.325134
6680,149.42436
6681,198.33554
6682,2.2364893
6683,303.1322
6684,305.93033
6685,263.86108
6686,263.2255
6687,324.07257
6688,367.55493
6689,196.7028
6690,259.31635
6691,232.53958
6692,600.5092
6693,3.0662615
6694,289.87683
6695,2.9650612
6696,739.1219
6697,221.99846
6698,313.93417
6699,236.571
6700,808.5267
6701,8.208142
6702,2.5538514
6703,279.59543
6704,313.1653
6705,246.5311
6706,834.774
6707,175.24289
6708,297.0527
6709,253.23958
6710,324.28134
6711,306.19894
6712,645.4565
6713,239.00194
6714,299.33344
6715,184.04381
6716,270.7071
6717,158.67868
6718,340.24335
6719,122.256714
6720,270.85043
6721,372.857
6722,479.02573
6723,63.533337
6724,199.16423
6725,326.48297
6726,211.4327
6727,2.0918608
6728,281.62784
6729,497.06818
6730,273.06247
6731,2.0918608
6732,2.0918608
6733,2.0918608
6734,271.4724
6735,152.43958
6736,136.39537
6737,280.95248
6738,310.84457
6739,175.96568
6740,198.4357
6741,289.32782
6742,254.77264
6743,129.01608
6744,206.1876
6745,253.17209
6746,252.22177
6747,155.20998
6748,889.1002
6749,171.60168
6750,294.35962
6751,146.75237
6752,799.2138
6753,66.49979
6754,195.48694
6755,313.95108
6756,458.4945
6757,162.75894
6758,39.62091
6759,322.28888
6760,232.24911
6761,2.0940073
6762,2.0940073
6763,203.85683
6764,289.9483
6765,319.4536
6766,235.36768
6767,263.33142
6768,341.59763
6769,242.58347
6770,453.879
6771,245.9757
6772,332.3932
6773,3.4193065
6774,172.34062
6775,209.28253
6776,268.3339
6777,319.92944
6778,733.936
6779,215.75417
6780,225.38498
6781,311.57175
6782,349.05945
6783,2.1238375
6784,274.18738
6785,4.7080927
6786,653.2708
6787,155.07036
6788,329.05838
6789,305.26694
6790,599.68066
6791,2.3402014
6792,138.97075
6793,130.81302
6794,872.1132
6795,168.89249
6796,307.1041
6797,318.60162
6798,797.7952
6799,270.2733
6800,166.40997
6801,298.03128
6802,734.63434
6803,317.1477
6804,328.25964
6805,2.1477714
6806,254.36714
6807,250.05675
6808,302.74292
6809,16.041891
6810,2.152531
6811,265.8902
6812,175.863
6813,316.9867
6814,382.8739
6815,198.77106
6816,314.8199
6817,250.7184
6818,709.0747
6819,212.40048
6820,309.9681
6821,252.55197
6822,291.65665
6823,259.0449
6824,772.01654
6825,285.7274
6826,299.454
6827,313.66446
6828,619.3143
6829,305.34366
6830,294.43597
6831,286.18228
6832,332.05972
6833,322.34912
6834,205.31738
6835,275.75986
6836,307.59418
6837,2.107349
6838,204.08691
6839,441.94946
6840,908.4762
6841,124.07084
6842,330.46426
6843,189.65834
6844,623.1816
6845,209.95451
6846,174.73552
6847,299.54257
6848,174.62617
6849,2.0986936
6850,9.598282
6851,2.0918393
6852,24.347498
6853,48.307465
6854,48.740433
6855,87.010284
6856,167.14525
6857,108.73057
6858,261.55054
6859,3.9233282
6860,342.66483
6861,432.21048
6862,363.75058
6863,195.41794
6864,2.0918393
6865,33.6551
6866,308.22385
6867,2.0923753
6868,271.61276
6869,300.01044
6870,171.9225
6871,75.55869
6872,240.77457
6873,133.65915
6874,472.5028
6875,136.25612
6876,270.67917
6877,311.17218
6878,691.15466
6879,219.11371
6880,261.23706
6881,352.19333
6882,184.21284
6883,279.8864
6884,253.78438
6885,280.23746
6886,373.6544
6887,205.71463
6888,281.1183
6889,288.39865
6890,388.88864
6891,233.88585
6892,287.43253
6893,265.35992
6894,375.74945
6895,2.5083566
6896,177.94905
6897,2.0918398
6898,176.58694
6899,202.17683
6900,100.15253
6901,284.04727
6902,205.63855
6903,78.15012
6904,213.38573
6905,241.5507
6906,237.09996
6907,130.06134
6908,211.92023
6909,305.68845
6910,659.0756
6911,278.06848
6912,313.42532
6913,209.82556
6914,18.163382
6915,333.14044
6916,315.00223
6917,330.0639
6918,889.99976
6919,216.53401
6920,340.93167
6921,301.0665
6922,907.64136
6923,99.03281
6924,297.06802
6925,360.91824
6926,674.0061
6927,203.453
6928,288.68948
6929,163.38037
6930,887.42896
6931,302.10638
6932,307.36826
6933,212.22115
6934,245.99777
6935,2.1089504
6936,2.1089504
6937,2.111412
6938,212.56764
6939,285.80676
6940,8.148138
6941,181.60469
6942,658.93
6943,203.14107
6944,230.59578
6945,166.44621
6946,211.71365
6947,258.87476
6948,152.20998
6949,226.4354
6950,332.58096
6951,227.04062
6952,9.404374
6953,255.13031
6954,221.74728
6955,213.42152
6956,313.2353
6957,213.7153
6958,226.26729
6959,253.21994
6960,345.2576
6961,250.59032
6962,864.02185
6963,276.9025
6964,344.6119
6965,227.73166
6966,128.937
6967,421.67065
6968,692.7673
6969,328.6781
6970,188.21895
6971,308.48862
6972,510.8148
6973,2.185215
6974,101.75739
6975,19.708853
6976,256.1056
6977,196.73001
6978,199.6543
6979,333.49384
6980,287.47748
6981,270.56552
6982,680.28723
6983,228.8396
6984,301.9885
6985,315.1483
6986,674.2719
6987,285.79248
6988,351.85574
6989,237.31987
6990,338.60236
6991,2.0918608
6992,165.424
6993,288.30606
6994,269.5733
6995,297.08203
6996,94.77025
6997,347.96335
6998,331.80093
6999,119.60632
7000,713.6304
7001,312.297
7002,226.46053
7003,288.48978
7004,14.82799
7005,379.5132
7006,837.6967
7007,2.0918608
7008,2.0918608
7009,2.0918608
7010,271.13138
7011,230.18231
7012,248.18333
7013,308.79236
7014,767.9386
7015,2.5133371
7016,368.6178
7017,308.18134
7018,314.18073
7019,328.4609
7020,318.4713
7021,298.28503
7022,767.07275
7023,189.35635
7024,239.50856
7025,302.2883
7026,846.043
7027,2.2512765
7028,294.0192
7029,301.30856
7030,287.87906
7031,339.08405
7032,330.5982
7033,178.36958
7034,533.5098
7035,2.1623244
7036,230.79846
7037,315.12378
7038,274.7675
7039,291.79102
7040,864.9178
7041,311.49933
7042,172.34009
7043,213.00014
7044,790.76196
7045,16.059914
7046,128.68025
7047,211.65517
7048,294.62048
7049,324.8216
7050,1100.2672
7051,161.70218
7052,310.85236
7053,168.67345
7054,771.32263
7055,197.80905
7056,244.70059
7057,208.7189
7058,358.82983
7059,109.74221
7060,227.4801
7061,265.44217
7062,264.0561
7063,238.87735
7064,841.4302
7065,258.39865
7066,233.14032
7067,209.00319
7068,928.8644
7069,251.59111
7070,204.07256
7071,242.98433
7072,312.02246
7073,187.15147
7074,265.8693
7075,285.90787
7076,261.09885
7077,286.177
7078,205.15771
7079,271.41562
7080,466.09717
7081,113.085556
7082,236.64546
7083,232.5442
7084,459.9851
7085,169.52017
7086,198.20888
7087,174.89746
7088,770.75793
7089,165.0495
7090,168.08781
7091,356.58435
7092,317.4234
7093,238.88608
7094,415.26297
7095,2.1534483
7096,261.11874
7097,207.96082
7098,559.4414
7099,27.196033
7100,2.1189063
7101,5.1745214
7102,104.003006
7103,174.88138
7104,242.24571
7105,215.61308
7106,815.7419
7107,181.0699
7108,46.704807
7109,149.47682
7110,276.8644
7111,65.73521
7112,207.53088
7113,186.27336
7114,487.92224
7115,185.21422
7116,253.32823
7117,182.40878
7118,108.97242
7119,186.98166
7120,735.9719
7121,247.77495
7122,217.60278
7123,122.808716
7124,291.15692
7125,131.78142
7126,279.9771
7127,266.94403
7128,428.7968
7129,66.69607
7130,112.84228
7131,176.331
7132,800.1378
7133,2.091892
7134,194.18884
7135,267.13647
7136,69.3238
7137,279.7379
7138,271.44458
7139,159.4572
7140,189.33578
7141,126.86434
7142,176.26347
7143,255.99805
7144,176.41187
7145,167.58302
7146,341.60776
7147,2.0918915
7148,2.1180737
7149,212.93477
7150,145.85242
7151,52.86553
7152,189.42839
7153,275.05994
7154,862.23224
7155,2.091892
7156,274.01398
7157,100.1128
7158,453.18872
7159,2.8595793
7160,334.97125
7161,221.75548
7162,332.6898
7163,4.7652946
7164,293.27237
7165,290.83035
7166,831.1948
7167,117.14415
7168,283.8168
7169,191.48083
7170,1045.3208
7171,315.73026
7172,404.93658
7173,2.0918393
7174,191.8332
7175,143.16978
7176,163.51215
7177,3.4707286
7178,264.0568
7179,69.26706
7180,69.035866
7181,3.5921047
7182,276.4758
7183,505.61044
7184,298.25198
7185,126.42199
7186,153.75539
7187,197.89677
7188,237.8522
7189,127.87869
7190,156.59747
7191,54.337734
7192,266.32944
7193,274.05032
7194,261.72067
7195,202.40077
7196,202.461
7197,302.54065
7198,799.60944
7199,2.3714805
7200,293.55862
7201,296.3521
7202,602.1372
7203,115.00296
7204,118.880394
7205,291.19968
7206,226.33543
7207,2.361894
7208,688.54736
7209,2.1064365
7210,182.71742
7211,2.6943607
7212,791.152
7213,198.42398
7214,271.79138
7215,232.81268
7216,510.5314
7217,257.20755
7218,302.50122
7219,256.2059
7220,709.1844
7221,165.45064
7222,206.69933
7223,281.40762
7224,732.09863
7225,218.46379
7226,274.82718
7227,180.63823
7228,602.5879
7229,183.42407
7230,361.57327
7231,272.52252
7232,520.44415
7233,2.8967092
7234,227.8796
7235,146.37581
7236,275.46924
7237,220.8962
7238,349.33548
7239,212.48994
7240,654.1463
7241,3.0398028
7242,216.37132
7243,239.06116
7244,777.2415
7245,21.958801
7246,287.8727
7247,271.1389
7248,604.2529
7249,70.0011
7250,216.79446
7251,212.02916
7252,174.23116
7253,343.16702
7254,654.16284
7255,2.0918393
7256,307.99777
7257,104.530266
7258,791.60364
7259,321.70135
7260,458.94876
7261,303.05298
7262,499.03857
7263,34.105175
7264,2.0909014
7265,90.86924
7266,319.63077
7267,336.7911
7268,276.01175
7269,184.63576
7270,631.4156
7271,186.01196
7272,226.56853
7273,166.40851
7274,312.2366
7275,235.20097
7276,375.24545
7277,211.44527
7278,336.7068
7279,2.0918608
7280,280.86554
7281,281.88962
7282,600.5311
7283,2.8270562
7284,195.3251
7285,327.07437
7286,852.21625
7287,273.9293
7288,347.3372
7289,230.75804
7290,277.64044
7291,240.28029
7292,311.40775
7293,268.3603
7294,310.14386
7295,238.82652
7296,298.39474
7297,289.17554
7298,52.099033
7299,284.04163
7300,615.08264
7301,190.4414
7302,337.05185
7303,346.3603
7304,244.83885
7305,303.6132
7306,654.95703
7307,2.7842321
7308,319.2033
7309,211.98581
7310,829.2966
7311,18.908175
7312,291.77975
7313,234.73413
7314,418.10178
7315,206.60976
7316,141.41121
7317,300.74106
7318,748.238
7319,21.59355
7320,302.41568
7321,156.05348
7322,1081.1248
7323,2.091388
7324,266.52768
7325,149.03285
7326,206.33746
7327,256.90314
7328,979.8051
7329,115.08805
7330,140.98984
7331,37.53666
7332,155.82559
7333,314.62094
7334,294.0207
7335,2.0910175
7336,274.61166
7337,233.40828
7338,803.24786
7339,286.88794
7340,170.69795
7341,288.0286
7342,101.8278
7343,266.87357
7344,411.52542
7345,276.4773
7346,830.8354
7347,183.28491
7348,185.71786
7349,196.10558
7350,286.48267
7351,310.86966
7352,252.28133
7353,263.3384
7354,493.11206
7355,136.39786
7356,225.49939
7357,292.63922
7358,809.8523
7359,9.79331
7360,308.93915
7361,272.59982
7362,519.80585
7363,2.0918393
7364,2.0918393
7365,62.99095
7366,184.43918
7367,104.12282
7368,263.47687
7369,176.19785
7370,198.23262
7371,255.31627
7372,522.0727
7373,68.6178
7374,229.9257
7375,179.8764
7376,595.57117
7377,296.7193
7378,236.12907
7379,234.67502
7380,737.6489
7381,2.473409
7382,300.2503
7383,3.0849357
7384,246.92924
7385,210.19298
7386,648.18976
7387,5.5944476
7388,214.5052
7389,317.02652
7390,211.45659
7391,259.40054
7392,287.57193
7393,345.4132
7394,761.71906
7395,220.1754
7396,315.2997
7397,5.0653453
7398,304.64294
7399,323.39102
7400,368.63196
7401,4.221152
7402,309.16516
7403,306.9982
7404,679.816
7405,2.175295
7406,306.10635
7407,2.8767338
7408,777.9803
7409,316.71274
7410,257.77032
7411,269.39615
7412,681.8542
7413,68.61479
7414,271.41156
7415,326.20657
7416,513.1859
7417,159.68279
7418,188.0334
7419,2.0918393
7420,2.0918393
7421,290.15714
7422,97.7394
7423,251.06108
7424,292.11978
7425,285.62582
7426,777.21
7427,236.61005
7428,2.0918393
7429,174.98842
7430,276.35025
7431,3.0163345
7432,237.7617
7433,193.11955
7434,916.64386
7435,326.5027
7436,332.3959
7437,161.52744
7438,253.90117
7439,323.91577
7440,299.1811
7441,2.1951919
7442,291.21268
7443,481.96893
7444,178.90285
7445,283.704
7446,191.76833
7447,261.58255
7448,241.2358
7449,236.24911
7450,902.6116
7451,309.71082
7452,2.441901
7453,329.1615
7454,337.6846
7455,291.53592
7456,494.79614
7457,2.2633462
7458,230.28316
7459,2.5409706
7460,679.6026
7461,305.97238
7462,172.23933
7463,100.29529
7464,713.75964
7465,281.50998
7466,233.4783
7467,212.0356
7468,172.25961
7469,224.66766
7470,164.14424
7471,57.423424
7472,247.53494
7473,246.70149
7474,741.534
7475,265.0004
7476,259.75214
7477,134.43259
7478,138.45773
7479,261.4592
7480,4.245057
7481,271.27252
7482,829.50055
7483,192.71397
7484,257.24106
7485,205.33073
7486,228.81297
7487,95.79678
7488,166.8822
7489,353.10864
7490,262.8668
7491,3.0977387
7492,198.15074
7493,231.35812
7494,749.6511
7495,178.25127
7496,476.9077
7497,2.1269298
7498,266.04254
7499,214.46455
7500,638.2552
7501,18.325865
7502,4.4497585
7503,145.20656
7504,259.924
7505,176.47215
7506,340.85092
7507,236.33656
7508,277.0895
7509,239.07756
7510,866.1876
7511,66.306335
7512,155.99461
7513,60.5415
7514,2.1455178
7515,168.8288
7516,279.717
7517,4.5753894
7518,3.6756015
7519,4.544276
7520,193.2961
7521,224.62355
7522,745.288
7523,2.0918398
7524,236.2084
7525,202.93437
7526,299.85773
7527,7.3076735
7528,44.48195
7529,239.68997
7530,262.2792
7531,187.69371
7532,273.4899
7533,120.23409
7534,703.236
7535,192.83018
7536,289.01093
7537,286.5749
7538,1023.1756
7539,207.14581
7540,529.24744
7541,165.21303
7542,269.94336
7543,353.26144
7544,214.3477
7545,2.1525304
7546,167.1547
7547,232.0718
7548,290.46414
7549,250.62645
7550,267.60278
7551,356.83792
7552,289.33984
7553,3.0665288
7554,193.00018
7555,214.0486
7556,324.7884
7557,547.8918
7558,261.15976
7559,350.97333
7560,1003.3386
7561,109.58195
7562,180.74301
7563,188.00157
7564,189.28839
7565,248.36484
7566,2.496927
7567,274.2153
7568,248.67923
7569,296.75977
7570,346.20648
7571,199.0417
7572,208.05663
7573,303.46326
7574,502.78534
7575,2.0797958
7576,325.16428
7577,254.66792
7578,919.5185
7579,279.32086
7580,383.62332
7581,255.86449
7582,628.5041
7583,253.00085
7584,461.29736
7585,2.2260597
7586,244.31387
7587,316.3512
7588,819.75244
7589,278.47986
7590,329.95117
7591,168.57895
7592,120.70985
7593,228.24863
7594,284.13654
7595,319.22974
7596,524.0066
7597,2.2379253
7598,187.88054
7599,176.81436
7600,207.94052
7601,338.54446
7602,645.44354
7603,294.48758
7604,218.07579
7605,285.72318
7606,847.79565
7607,354.31628
7608,310.66547
7609,150.94685
7610,717.4727
7611,286.92764
7612,259.97397
7613,2.099338
7614,205.0515
7615,216.0542
7616,193.36552
7617,18.753786
7618,8.48361
7619,305.62448
7620,204.03687
7621,297.44986
7622,968.0992
7623,9.107996
7624,261.98224
7625,276.4228
7626,832.88324
7627,232.29825
7628,2.0918393
7629,223.20708
7630,233.2127
7631,344.5557
7632,762.44904
7633,263.91202
7634,413.5545
7635,322.89487
7636,366.19748
7637,324.1896
7638,661.41064
7639,10.891161
7640,265.9844
7641,337.75482
7642,421.11942
7643,83.53358
7644,251.30714
7645,338.6831
7646,204.58224
7647,2.6518557
7648,310.18185
7649,73.33438
7650,126.225105
7651,210.93405
7652,331.96927
7653,231.18703
7654,243.28902
7655,233.66518
7656,627.437
7657,2.1692934
7658,228.34702
7659,153.75504
7660,186.07275
7661,345.83054
7662,726.7843
7663,13.62217
7664,286.71716
7665,2.9085693
7666,837.1324
7667,241.12592
7668,291.14233
7669,230.66699
7670,840.64087
7671,220.53601
7672,315.82584
7673,278.64264
7674,579.9879
7675,222.14119
7676,226.63487
7677,181.77606
7678,893.5933
7679,244.16039
7680,130.38722
7681,340.954
7682,357.80637
7683,228.33876
7684,149.65259
7685,184.75638
7686,2.3729463
7687,10.062198
7688,191.2106
7689,11.40888
7690,374.90637
7691,331.37497
7692,708.5171
7693,2.0918941
7694,279.7256
7695,221.6631
7696,241.36972
7697,231.28859
7698,214.77693
7699,272.4778
7700,359.9045
7701,155.1219
7702,322.15692
7703,262.1227
7704,704.08344
7705,-0.086781815
7706,378.0418
7707,278.22354
7708,677.8148
7709,280.64618
7710,356.32886
7711,291.21265
7712,492.75467
7713,246.34274
7714,248.91022
7715,319.42206
7716,454.14496
7717,302.57782
7718,53.67266
7719,317.4292
7720,224.51729
7721,196.71465
7722,504.8954
7723,2.1402535
7724,221.82324
7725,287.98376
7726,543.9442
7727,126.01607
7728,2.757131
7729,251.39864
7730,80.76546
7731,277.60403
7732,394.47864
7733,2.7200086
7734,261.11133
7735,265.30484
7736,282.73587
7737,222.20653
7738,640.5058
7739,166.02188
7740,204.05907
7741,2.7171383
7742,727.0003
7743,2.0918398
7744,79.20501
7745,143.87134
7746,2.837201
7747,273.9867
7748,501.7457
7749,132.07137
7750,212.66515
7751,142.28474
7752,232.59052
7753,249.58154
7754,488.6457
7755,28.32559
7756,21.592852
7757,206.47765
7758,289.66583
7759,177.7756
7760,441.1556
7761,2.1633108
7762,166.49055
7763,230.89456
7764,485.30453
7765,178.22336
7766,215.37547
7767,189.28224
7768,486.75647
7769,129.6295
7770,275.6764
7771,310.49075
7772,1261.8787
7773,3.0017805
7774,2.1612728
7775,262.965
7776,178.95528
7777,234.2959
7778,812.47375
7779,2.1204507
7780,36.545815
7781,27.900602
7782,162.16566
7783,165.26704
7784,3.0416212
7785,3.0416212
7786,379.51147
7787,310.10443
7788,231.89047
7789,263.78067
7790,840.06146
7791,298.00116
7792,836.1524
7793,221.52562
7794,162.38402
7795,5.9258523
7796,250.69855
7797,222.85678
7798,719.76575
7799,46.33172
7800,218.79016
7801,303.43875
7802,1032.0875
7803,162.36424
7804,278.14462
7805,203.696
7806,283.20172
7807,160.75864
7808,259.20657
7809,2.0918272
7810,206.49702
7811,321.29916
7812,668.6543
7813,59.50188
7814,2.0918605
7815,208.93344
7816,242.6759
7817,611.0688
7818,376.19464
7819,257.54785
7820,634.78796
7821,246.52232
7822,163.45782
7823,275.86606
7824,671.6302
7825,279.76245
7826,228.91795
7827,104.99332
7828,262.77637
7829,172.50775
7830,216.21375
7831,269.3785
7832,276.25452
7833,140.12904
7834,703.89343
7835,290.0973
7836,303.94254
7837,293.8011
7838,896.5749
7839,119.30133
7840,296.6476
7841,316.54782
7842,381.57562
7843,303.83405
7844,842.08716
7845,2.1758711
7846,286.8395
7847,454.921
7848,322.79236
7849,192.3721
7850,654.5432
7851,251.56555
7852,297.80798
7853,188.26077
7854,682.47095
7855,251.96172
7856,302.16995
7857,311.17996
7858,510.5064
7859,298.39008
7860,337.58157
7861,183.99165
7862,276.2814
7863,98.2323
7864,649.7546
7865,203.95789
7866,272.91513
7867,37.09059
7868,264.95264
7869,194.22821
7870,233.56139
7871,164.49838
7872,610.80664
7873,115.32947
7874,222.14409
7875,288.28265
7876,754.1616
7877,10.500804
7878,295.367
7879,263.9503
7880,899.3306
7881,4.0677342
7882,294.23416
7883,315.9548
7884,622.5418
7885,17.871729
7886,288.6627
7887,126.89844
7888,357.08185
7889,285.32608
7890,828.2824
7891,2.106773
7892,279.21964
7893,219.96843
7894,300.26266
7895,299.69168
7896,580.61383
7897,277.0635
7898,312.40692
7899,2.1236076
7900,122.12666
7901,273.1878
7902,229.71515
7903,197.90991
7904,710.69336
7905,268.7305
7906,294.70905
7907,268.57373
7908,624.9108
7909,209.2869
7910,503.5405
7911,113.743195
7912,100.39968
7913,2.141978
7914,332.18616
7915,358.79486
7916,97.60595
7917,204.57925
7918,724.6758
7919,52.7452
7920,36.160946
7921,2.6849303
7922,2.1677535
7923,222.00925
7924,233.87695
7925,234.22264
7926,314.92477
7927,193.17313
7928,161.70033
7929,229.52277
7930,688.1262
7931,155.30296
7932,274.0325
7933,293.28787
7934,209.26105
7935,2.0918393
7936,206.61037
7937,134.02196
7938,256.18692
7939,279.78885
7940,811.8436
7941,46.98578
7942,175.77701
7943,264.26224
7944,236.92033
7945,258.65823
7946,776.0958
7947,2.0918605
7948,155.30296
7949,214.41913
7950,276.32993
7951,295.23822
7952,332.81287
7953,40.431507
7954,2.0918393
7955,236.71066
7956,206.3091
7957,252.8925
7958,226.03752
7959,218.48782
7960,315.2181
7961,274.16534
7962,566.2712
7963,235.41057
7964,296.38113
7965,153.75827
7966,633.514
7967,202.9515
7968,144.61726
7969,186.59056
7970,132.9094
7971,370.82217
7972,640.6098
7973,189.88596
7974,213.23372
7975,290.19907
7976,260.4009
7977,252.0691
7978,461.28793
7979,43.705296
7980,279.84583
7981,258.30673
7982,332.5036
7983,2.0912714
7984,186.5387
7985,316.9186
7986,298.58286
7987,287.9397
7988,792.65753
7989,21.760796
7990,280.32816
7991,305.78598
7992,376.7649
7993,-1.5635505
7994,2.368469
7995,-2.4916646
7996,-2.2464554
7997,216.94936
7998,143.51843
7999,310.67184
8000,184.72633
8001,302.069
8002,798.25385
8003,31.956005
8004,235.941
8005,300.43234
8006,278.7435
8007,279.02798
8008,628.7213
8009,182.56583
8010,244.5192
8011,237.96524
8012,304.72058
8013,285.0127
8014,688.54736
8015,291.70166
8016,157.8184
8017,242.82054
8018,466.75632
8019,239.42737
8020,229.78796
8021,290.59705
8022,644.01526
8023,253.55347
8024,533.69904
8025,218.58087
8026,310.7921
8027,299.74963
8028,906.06866
8029,0.26709408
8030,274.7278
8031,3.0009243
8032,199.85643
8033,187.55844
8034,314.9139
8035,225.52446
8036,559.50964
8037,287.0552
8038,256.81024
8039,268.1075
8040,508.0707
8041,2.11737
8042,273.13928
8043,206.29721
8044,534.16455
8045,2.219915
8046,267.42416
8047,2.8671765
8048,786.25165
8049,181.82378
8050,245.60237
8051,308.0078
8052,723.401
8053,251.86343
8054,298.50357
8055,2.1496778
8056,176.32896
8057,289.92374
8058,247.303
8059,311.81168
8060,919.2154
8061,13.962296
8062,108.3314
8063,110.89955
8064,239.76805
8065,278.50323
8066,291.98376
8067,315.08417
8068,305.6355
8069,258.7275
8070,285.0047
8071,192.29361
8072,173.06377
8073,181.16791
8074,2.0918615
8075,234.21269
8076,237.91423
8077,93.675835
8078,211.54576
8079,216.85512
8080,644.2932
8081,219.19785
8082,242.00244
8083,112.520584
8084,648.16547
8085,209.33852
8086,208.79303
8087,342.17877
8088,636.1803
8089,2.407853
8090,213.36693
8091,284.04584
8092,508.9389
8093,222.29492
8094,336.4057
8095,225.67752
8096,571.80927
8097,148.07254
8098,294.2983
8099,204.90854
8100,548.3186
8101,23.73963
8102,12.82809
8103,2.2803884
8104,2.291809
8105,20.809298
8106,258.89798
8107,223.13426
8108,190.45306
8109,144.57652
8110,202.43925
8111,3.2645893
8112,223.99254
8113,253.86662
8114,600.4738
8115,2.272054
8116,29.877872
8117,23.22342
8118,237.32819
8119,145.2632
8120,474.87845
8121,10.176554
8122,258.7284
8123,268.25113
8124,821.49927
8125,228.02457
8126,294.26025
8127,234.85173
8128,634.67725
8129,7.0036144
8130,284.52173
8131,227.55695
8132,754.8591
8133,15.335708
8134,251.80571
8135,267.1255
8136,748.84955
8137,11.9663515
8138,235.72235
8139,268.88388
8140,284.46042
8141,283.69186
8142,542.9596
8143,275.81348
8144,238.37541
8145,256.32095
8146,2.7834253
8147,2.7834253
8148,209.43704
8149,113.23041
8150,258.64725
8151,299.19724
8152,633.78394
8153,191.124
8154,96.445465
8155,2.643776
8156,213.23376
8157,311.1138
8158,884.3602
8159,199.31444
8160,326.90756
8161,214.14723
8162,774.89716
8163,153.9552
8164,242.90826
8165,330.59012
8166,585.5689
8167,273.63303
8168,312.64777
8169,282.72217
8170,236.19772
8171,296.0065
8172,936.18994
8173,25.552965
8174,289.03595
8175,272.65436
8176,249.28206
8177,321.6636
8178,936.7612
8179,231.17924
8180,225.03793
8181,323.04123
8182,739.29407
8183,133.54155
8184,244.62946
8185,316.89294
8186,411.57034
8187,328.3037
8188,453.41653
8189,2.1673331
8190,159.22708
8191,18.50557
8192,272.36353
8193,284.8382
8194,459.73392
8195,271.10703
8196,330.95645
8197,408.60013
8198,469.31473
8199,274.2651
8200,295.61984
8201,273.25876
8202,814.6407
8203,222.93526
8204,206.30354
8205,2.0918393
8206,262.84567
8207,133.29851
8208,259.35086
8209,203.77484
8210,752.871
8211,273.80798
8212,329.29752
8213,184.71858
8214,213.66362
8215,182.1409
8216,258.20096
8217,276.9973
8218,343.14862
8219,2.0918393
8220,66.8006
8221,252.49623
8222,260.45508
8223,229.30444
8224,643.97235
8225,60.41775
8226,281.07837
8227,159.24959
8228,478.4764
8229,165.48459
8230,229.82307
8231,2.6481018
8232,296.64114
8233,266.57666
8234,385.67993
8235,311.38596
8236,587.07935
8237,260.85602
8238,164.25363
8239,206.85336
8240,352.58124
8241,251.7083
8242,507.96237
8243,129.31567
8244,234.75966
8245,352.03
8246,699.7348
8247,166.85805
8248,277.29974
8249,334.84222
8250,738.7029
8251,258.08783
8252,274.72083
8253,247.24413
8254,669.27405
8255,277.91873
8256,249.2232
8257,279.20703
8258,636.4735
8259,317.35184
8260,321.773
8261,310.6576
8262,664.85
8263,2.1399422
8264,169.1116
8265,289.9069
8266,313.71832
8267,249.65132
8268,247.66888
8269,270.34338
8270,496.00345
8271,251.82948
8272,235.0931
8273,257.3775
8274,702.1493
8275,154.97578
8276,142.49951
8277,232.93384
8278,286.40472
8279,245.14638
8280,294.30502
8281,2.1120467
8282,345.77823
8283,232.7885
8284,478.3904
8285,3.2524102
8286,196.23346
8287,245.95398
8288,317.85828
8289,328.7784
8290,240.55815
8291,348.80225
8292,602.8357
8293,107.000786
8294,2.4635434
8295,269.10736
8296,225.12111
8297,177.73799
8298,242.08842
8299,2.0918398
8300,231.33873
8301,296.97195
8302,499.8827
8303,4.9063716
8304,240.88489
8305,269.00165
8306,445.55945
8307,221.34778
8308,242.79317
8309,230.48512
8310,122.99378
8311,250.67377
8312,257.0079
8313,255.83047
8314,411.26883
8315,100.60498
8316,281.72638
8317,226.6551
8318,779.8093
8319,293.8682
8320,273.27032
8321,262.56723
8322,322.7806
8323,2.1434746
8324,186.78503
8325,323.8259
8326,305.62805
8327,2.091892
8328,312.32776
8329,201.58429
8330,812.7795
8331,265.01245
8332,227.17741
8333,300.5448
8334,510.17175
8335,270.79907
8336,2.1434224
8337,219.89082
8338,335.7792
8339,195.20639
8340,889.41003
8341,183.13257
8342,204.25659
8343,2.0955346
8344,-1.1222192
8345,255.94273
8346,197.86668
8347,214.89786
8348,215.28828
8349,354.48022
8350,378.23615
8351,117.255394
8352,248.14626
8353,302.13412
8354,322.5934
8355,235.56458
8356,257.3389
8357,184.88814
8358,1082.4056
8359,3.0651743
8360,255.22948
8361,193.23671
8362,647.1998
8363,140.44258
8364,209.67221
8365,290.10764
8366,696.63336
8367,181.46556
8368,288.1303
8369,246.26524
8370,491.13397
8371,2.479052
8372,4.9958606
8373,231.6177
8374,165.96773
8375,234.25415
8376,244.09258
8377,285.727
8378,627.4724
8379,40.366035
8380,52.2497
8381,134.30313
8382,339.2432
8383,260.9718
8384,855.487
8385,160.48975
8386,250.24765
8387,181.47783
8388,291.3496
8389,175.98674
8390,877.3594
8391,23.6093
8392,62.54261
8393,2.185215
8394,305.6705
8395,296.63153
8396,269.96332
8397,139.96793
8398,758.48425
8399,58.39931
8400,82.07593
8401,88.46562
8402,192.00317
8403,338.99847
8404,216.85347
8405,298.63705
8406,229.4631
8407,282.098
8408,221.37105
8409,238.74252
8410,224.44432
8411,170.68733
8412,274.76813
8413,361.30908
8414,905.06445
8415,2.0912633
8416,312.31006
8417,321.89456
8418,176.3462
8419,188.41994
8420,205.52774
8421,346.22974
8422,314.1879
8423,183.35245
8424,228.78368
8425,328.2455
8426,495.26263
8427,97.23658
8428,96.32743
8429,172.33801
8430,241.45358
8431,177.84006
8432,205.531
8433,331.51843
8434,328.44458
8435,243.35335
8436,210.39
8437,330.74765
8438,381.92902
8439,85.32782
8440,292.48355
8441,351.21805
8442,719.8334
8443,2.0918608
8444,328.01813
8445,181.2147
8446,678.3968
8447,281.30173
8448,253.58824
8449,339.49866
8450,237.86513
8451,317.64078
8452,703.6816
8453,2.213811
8454,290.59866
8455,331.73154
8456,715.19183
8457,278.4225
8458,281.06546
8459,295.34125
8460,599.0416
8461,115.50946
8462,254.05028
8463,310.09543
8464,640.2217
8465,188.10701
8466,282.994
8467,2.176877
8468,156.52196
8469,239.78554
8470,237.10893
8471,274.41058
8472,273.89526
8473,245.54503
8474,206.58333
8475,298.53458
8476,300.15997
8477,260.0115
8478,581.37036
8479,2.3309557
8480,294.05765
8481,233.38776
8482,209.99808
8483,276.98233
8484,168.32423
8485,296.51553
8486,236.57533
8487,248.45409
8488,234.2627
8489,2.7453845
8490,2.747899
8491,2.2964659
8492,178.99326
8493,195.05699
8494,274.77457
8495,200.89322
8496,215.47311
8497,166.68077
8498,304.32892
8499,179.69731
8500,266.86188
8501,5.9711585
8502,269.329
8503,251.79395
8504,244.00436
8505,351.2765
8506,813.4651
8507,405.64755
8508,251.04988
8509,2.516486
8510,223.99683
8511,235.92296
8512,739.26965
8513,292.21405
8514,234.40924
8515,77.54715
8516,3.2140608
8517,323.78778
8518,230.42117
8519,358.2641
8520,811.64136
8521,2.1210861
8522,198.85951
8523,319.07654
8524,282.50995
8525,289.3668
8526,610.4395
8527,290.09406
8528,366.80252
8529,190.55852
8530,284.05112
8531,324.35687
8532,663.9766
8533,228.37936
8534,295.24747
8535,278.36615
8536,302.34387
8537,2.1145563
8538,232.39554
8539,274.74768
8540,637.0672
8541,305.10977
8542,201.2127
8543,256.7398
8544,660.7642
8545,2.3583074
8546,2.1189058
8547,2.1189058
8548,275.21497
8549,5.542239
8550,151.87534
8551,230.75261
8552,872.3981
8553,9.885626
8554,3.9281406
8555,141.58725
8556,191.07362
8557,192.73242
8558,189.29897
8559,3.0873096
8560,585.5424
8561,263.87357
8562,234.44391
8563,163.6257
8564,494.39743
8565,39.513966
8566,273.828
8567,126.07812
8568,501.55878
8569,250.60587
8570,171.50204
8571,213.66333
8572,291.57886
8573,175.46046
8574,220.7518
8575,242.37025
8576,283.62402
8577,298.55066
8578,239.91138
8579,255.66167
8580,336.7839
8581,2.0980723
8582,273.90085
8583,173.0659
8584,210.18417
8585,219.55902
8586,641.6804
8587,263.33456
8588,305.78552
8589,251.99414
8590,342.26712
8591,141.08022
8592,211.2212
8593,329.6601
8594,693.42206
8595,2.1705048
8596,298.5818
8597,329.42856
8598,358.28564
8599,241.70627
8600,218.8254
8601,328.52036
8602,594.1668
8603,194.78738
8604,2.0918393
8605,176.59212
8606,207.8056
8607,241.73106
8608,267.309
8609,296.0527
8610,767.1736
8611,169.47993
8612,226.07523
8613,325.28894
8614,899.9652
8615,192.567
8616,164.05447
8617,141.9104
8618,209.29597
8619,309.4015
8620,257.05972
8621,278.55936
8622,653.796
8623,2.4580197
8624,259.01318
8625,352.29483
8626,883.42755
8627,210.56303
8628,224.2956
8629,282.3511
8630,324.30222
8631,278.68698
8632,639.2283
8633,212.60847
8634,166.7808
8635,2.0918393
8636,189.52843
8637,3.0131404
8638,881.08057
8639,142.04501
8640,110.278114
8641,364.1902
8642,171.56375
8643,341.31277
8644,902.05646
8645,2.1737943
8646,310.5414
8647,264.87646
8648,383.32977
8649,2.187683
8650,202.36855
8651,323.8704
8652,606.83765
8653,217.97577
8654,255.6976
8655,200.74281
8656,350.94507
8657,2.9176078
8658,289.40317
8659,280.35175
8660,636.48883
8661,178.43208
8662,255.38885
8663,196.04091
8664,584.03516
8665,279.7376
8666,303.25876
8667,93.52756
8668,412.04984
8669,1.7723019
8670,245.72815
8671,255.92216
8672,226.15436
8673,165.66351
8674,301.6097
8675,194.37314
8676,682.68976
8677,2.0858662
8678,306.3149
8679,218.82051
8680,955.7857
8681,191.58522
8682,248.06303
8683,287.0736
8684,288.0536
8685,166.24979
8686,748.66284
8687,250.43132
8688,302.89948
8689,325.04785
8690,306.18753
8691,321.54886
8692,654.18463
8693,301.37036
8694,262.68277
8695,316.0253
8696,293.18643
8697,202.67899
8698,721.2729
8699,206.58821
8700,298.55933
8701,261.50504
8702,707.1203
8703,326.32675
8704,427.62823
8705,235.78539
8706,2.455826
8707,210.60916
8708,322.41373
8709,328.26004
8710,915.27545
8711,273.62128
8712,219.26413
8713,329.84198
8714,412.05435
8715,2.0918393
8716,63.309242
8717,2.6001282
8718,261.53696
8719,323.01215
8720,179.417
8721,17.622232
8722,260.39786
8723,2.0918393
8724,203.88142
8725,248.73529
8726,884.3021
8727,110.662125
8728,258.36328
8729,264.8012
8730,3.0870683
8731,331.28165
8732,665.3991
8733,218.83011
8734,204.65875
8735,299.37335
8736,323.7153
8737,5.6063905
8738,292.9603
8739,228.92155
8740,353.91507
8741,2.6245728
8742,123.08934
8743,164.50154
8744,181.80675
8745,278.24832
8746,251.60997
8747,252.96219
8748,449.97485
8749,197.13599
8750,236.94553
8751,192.0178
8752,229.4974
8753,266.57324
8754,250.26193
8755,224.72072
8756,793.671
8757,158.19444
8758,279.2218
8759,180.5175
8760,737.58344
8761,215.802
8762,4.214411
8763,318.16187
8764,234.4894
8765,260.84134
8766,337.43784
8767,2.535241
8768,2.5660126
8769,283.62152
8770,306.32413
8771,263.7626
8772,643.2974
8773,2.1389363
8774,268.03604
8775,246.4266
8776,355.12405
8777,150.90894
8778,144.80113
8779,208.22757
8780,256.85178
8781,276.15466
8782,666.05084
8783,269.3682
8784,314.7237
8785,267.91754
8786,590.8543
8787,147.2441
8788,221.31201
8789,281.23007
8790,645.1495
8791,181.06674
8792,240.17387
8793,352.82944
8794,672.14386
8795,2.1414866
8796,245.67534
8797,293.8758
8798,277.82687
8799,266.2791
8800,433.4778
8801,78.442505
8802,145.17084
8803,460.91077
8804,811.68054
8805,182.65405
8806,296.7079
8807,359.78848
8808,680.99713
8809,2.0918393
8810,296.35553
8811,251.97995
8812,741.2007
8813,2.0918393
8814,170.91386
8815,2.0943074
8816,236.00974
8817,242.63454
8818,204.51683
8819,187.78113
8820,300.1301
8821,214.54353
8822,214.62173
8823,346.08453
8824,845.4432
8825,213.9677
8826,233.39113
8827,304.2532
8828,416.43756
8829,212.20345
8830,236.8894
8831,15.709188
8832,298.06067
8833,168.9014
8834,297.51895
8835,233.06671
8836,848.6483
8837,10.0983515
8838,176.4458
8839,281.67273
8840,478.40393
8841,2.8269882
8842,208.3297
8843,279.45966
8844,494.12787
8845,233.113
8846,303.1687
8847,232.66196
8848,929.0568
8849,212.57219
8850,42.117016
8851,333.47162
8852,237.66505
8853,279.5438
8854,691.20233
8855,29.074366
8856,284.98853
8857,191.07642
8858,963.85834
8859,157.57263
8860,163.24612
8861,171.35814
8862,225.67426
8863,167.56004
8864,274.04834
8865,164.358
8866,323.73288
8867,233.99065
8868,722.45917
8869,2.1611528
8870,217.78114
8871,305.91507
8872,219.63658
8873,300.71503
8874,929.52795
8875,2.0938346
8876,305.44675
8877,323.7047
8878,857.8827
8879,181.52573
8880,313.0972
8881,238.3805
8882,1149.0619
8883,2.087128
8884,2.087128
8885,391.72055
8886,281.9807
8887,3.519757
8888,292.99924
8889,2.6507695
8890,372.6983
8891,304.57742
8892,331.9654
8893,2.1892335
8894,309.19
8895,266.70898
8896,348.23926
8897,380.00504
8898,349.875
8899,392.00543
8900,721.3236
8901,2.146723
8902,221.39958
8903,364.37024
8904,778.5757
8905,223.30954
8906,285.6121
8907,325.98434
8908,633.9367
8909,198.64485
8910,245.61943
8911,296.27814
8912,605.08264
8913,166.92064
8914,299.87488
8915,217.42574
8916,902.5158
8917,185.72388
8918,8.798087
8919,203.88664
8920,242.71007
8921,229.27484
8922,219.23085
8923,236.09937
8924,729.1018
8925,138.97697
8926,188.24892
8927,35.75582
8928,261.61133
8929,3.1295
8930,216.74922
8931,206.99672
8932,452.6476
8933,136.78047
8934,304.4669
8935,326.73526
8936,703.6006
8937,206.09808
8938,283.12518
8939,236.01143
8940,412.99435
8941,225.3389
8942,246.88757
8943,164.6447
8944,460.10892
8945,2.0918233
8946,2.0918233
8947,179.83505
8948,248.07774
8949,225.78664
8950,756.5116
8951,2.0918403
8952,2.7519283
8953,270.77393
8954,152.03712
8955,301.79773
8956,607.7048
8957,205.16977
8958,176.3047
8959,228.1627
8960,304.1954
8961,277.78662
8962,197.62134
8963,281.53836
8964,2.554568
8965,2.1957815
8966,2.554568
8967,270.24008
8968,113.67364
8969,161.22012
8970,215.71089
8971,150.59465
8972,237.91249
8973,252.95609
8974,310.38068
8975,175.39885
8976,2.1841025
8977,227.6626
8978,152.80641
8979,208.69621
8980,225.84239
8981,289.69412
8982,744.44684
8983,187.87772
8984,263.4133
8985,307.19574
8986,680.8775
8987,287.2821
8988,303.233
8989,40.190727
8990,257.86124
8991,202.0425
8992,225.70822
8993,186.22308
8994,218.89728
8995,438.94836
8996,476.36343
8997,2.3767288
8998,305.61624
8999,300.30746
9000,901.1975
9001,285.09534
9002,489.2229
9003,218.43173
9004,246.60715
9005,76.7955
9006,296.82892
9007,239.93573
9008,359.1236
9009,219.66716
9010,2.0918393
9011,257.5709
9012,190.37859
9013,236.54607
9014,310.4439
9015,234.19945
9016,282.25403
9017,146.78212
9018,640.2019
9019,2.4457688
9020,135.98138
9021,295.31445
9022,252.96858
9023,252.31021
9024,295.6956
9025,134.00842
9026,193.63164
9027,2.0912633
9028,266.17526
9029,318.13266
9030,452.61386
9031,11.1822195
9032,209.20532
9033,196.76205
9034,517.89233
9035,193.09708
9036,236.42775
9037,257.40878
9038,821.603
9039,199.05644
9040,286.09637
9041,238.49702
9042,315.47214
9043,250.63733
9044,329.07062
9045,281.18314
9046,5.95539
9047,60.984062
9048,28.487211
9049,164.97256
9050,274.4925
9051,246.09001
9052,335.64258
9053,327.09787
9054,275.01996
9055,207.81589
9056,359.3873
9057,200.63573
9058,543.3188
9059,137.46278
9060,143.06816
9061,121.512436
9062,279.8859
9063,10.651266
9064,9.318808
9065,235.44
9066,181.74489
9067,423.11078
9068,337.15317
9069,303.29535
9070,624.84796
9071,232.47838
9072,283.37527
9073,264.47733
9074,63.955765
9075,281.977
9076,223.5789
9077,286.3103
9078,817.4433
9079,40.452335
9080,288.72043
9081,257.65274
9082,478.97974
9083,148.99973
9084,430.44974
9085,167.06396
9086,286.54507
9087,318.81705
9088,358.17825
9089,2.0918398
9090,271.34073
9091,304.12213
9092,842.7192
9093,289.50845
9094,329.14713
9095,223.70901
9096,277.18134
9097,304.53403
9098,714.17535
9099,98.70612
9100,138.58292
9101,297.09888
9102,808.4537
9103,1.800322
9104,273.3674
9105,331.9338
9106,877.11444
9107,180.11337
9108,276.2271
9109,347.62692
9110,864.6454
9111,2.0918398
9112,12.530702
9113,257.58157
9114,252.18097
9115,234.62842
9116,880.0313
9117,204.8708
9118,319.93225
9119,63.41287
9120,529.2123
9121,211.89561
9122,179.66612
9123,202.10777
9124,296.8648
9125,202.70224
9126,691.38684
9127,115.91057
9128,313.08472
9129,352.01038
9130,628.99927
9131,228.98384
9132,256.78308
9133,233.59933
9134,315.27597
9135,2.0847723
9136,267.32355
9137,289.00848
9138,192.2038
9139,156.12831
9140,2.0872347
9141,319.81448
9142,331.67786
9143,316.58505
9144,899.00287
9145,205.6678
9146,212.81236
9147,192.41853
9148,205.48096
9149,234.52039
9150,223.88202
9151,139.45355
9152,908.85406
9153,2.2247472
9154,266.1304
9155,288.10776
9156,299.6533
9157,188.12132
9158,305.88855
9159,249.31433
9160,224.37573
9161,262.51505
9162,314.60925
9163,250.04265
9164,459.84564
9165,227.19554
9166,298.1701
9167,2.3217485
9168,20.893087
9169,283.73428
9170,229.54251
9171,540.6027
9172,659.7641
9173,258.87766
9174,275.09286
9175,177.61513
9176,621.8023
9177,309.44855
9178,236.20006
9179,332.16217
9180,635.6304
9181,309.43387
9182,363.4248
9183,219.61171
9184,311.75668
9185,320.55145
9186,914.16644
9187,372.16986
9188,265.05338
9189,252.91196
9190,315.2858
9191,284.3711
9192,246.51268
9193,263.2902
9194,482.4057
9195,141.7759
9196,352.76907
9197,218.49947
9198,2.3554323
9199,294.90076
9200,445.5799
9201,247.70885
9202,460.05304
9203,314.23993
9204,236.96944
9205,241.20566
9206,2.1087596
9207,14.260498
9208,313.9654
9209,83.750175
9210,257.88773
9211,297.7317
9212,705.30194
9213,168.08408
9214,330.8376
9215,214.02968
9216,278.23444
9217,277.78683
9218,379.69833
9219,300.36383
9220,69.93405
9221,302.25815
9222,3.0641494
9223,340.94678
9224,540.7041
9225,196.7962
9226,279.39288
9227,349.9375
9228,206.96892
9229,298.69373
9230,317.03152
9231,268.51157
9232,100.92248
9233,282.35745
9234,574.67487
9235,2.0918915
9236,138.18745
9237,2.8312118
9238,328.9983
9239,271.3103
9240,260.68094
9241,328.95282
9242,624.32043
9243,199.05827
9244,239.76036
9245,159.79222
9246,367.0574
9247,285.42593
9248,780.717
9249,18.56379
9250,183.38403
9251,316.23135
9252,268.22357
9253,361.3213
9254,820.5866
9255,2.692921
9256,252.99246
9257,313.26846
9258,266.10803
9259,254.54933
9260,757.06573
9261,2.0918915
9262,341.3385
9263,248.80925
9264,853.4238
9265,265.3542
9266,474.9234
9267,313.67517
9268,451.32013
9269,4.285183
9270,306.67435
9271,314.78586
9272,747.9682
9273,2.9704812
9274,2.9704812
9275,381.5176
9276,270.50894
9277,273.093
9278,515.7859
9279,2.0918615
9280,310.9519
9281,403.99332
9282,533.739
9283,313.95935
9284,1070.5643
9285,468.99692
9286,244.80467
9287,243.75629
9288,330.1972
9289,284.85464
9290,696.83453
9291,29.949772
9292,223.1175
9293,383.6062
9294,263.41623
9295,293.02725
9296,655.8712
9297,171.3446
9298,199.72868
9299,81.74868
9300,656.09485
9301,287.891
9302,358.82916
9303,169.50874
9304,656.9544
9305,2.4136357
9306,58.623676
9307,292.15674
9308,293.28174
9309,184.02849
9310,124.444595
9311,161.75664
9312,331.3245
9313,2.3015683
9314,2.2969291
9315,243.96999
9316,266.58136
9317,207.2493
9318,454.32874
9319,2.8774562
9320,2.7851143
9321,238.8041
9322,290.04294
9323,302.34732
9324,378.65317
9325,2.0877259
9326,2.2876387
9327,233.59882
9328,194.09106
9329,255.0894
9330,106.858376
9331,2.1123168
9332,2.0877259
9333,150.72006
9334,311.1195
9335,337.8481
9336,401.28326
9337,2.776235
9338,229.08601
9339,243.3964
9340,696.7609
9341,37.879734
9342,269.1884
9343,273.72946
9344,1078.7281
9345,274.83557
9346,242.28607
9347,286.53513
9348,573.02814
9349,168.46138
9350,273.48505
9351,227.60274
9352,687.00244
9353,2.0918608
9354,2.0918608
9355,221.65634
9356,2.9765344
9357,252.17853
9358,163.7148
9359,161.12479
9360,649.1416
9361,203.60226
9362,401.98926
9363,2.7249153
9364,100.430916
9365,302.2353
9366,250.46898
9367,228.40755
9368,408.84607
9369,108.10904
9370,254.70204
9371,248.28577
9372,938.53925
9373,2.1786964
9374,208.71904
9375,296.85553
9376,229.19724
9377,203.12433
9378,520.9779
9379,226.49623
9380,275.36176
9381,2.149307
9382,6.9802685
9383,41.802166
9384,193.91646
9385,294.76608
9386,92.32047
9387,287.89252
9388,899.72375
9389,293.28442
9390,83.744965
9391,115.27526
9392,213.22566
9393,161.71225
9394,233.05496
9395,172.75183
9396,600.8817
9397,254.22476
9398,299.93433
9399,164.62082
9400,209.23268
9401,333.71548
9402,151.70245
9403,156.05264
9404,266.07074
9405,255.66612
9406,647.83136
9407,51.517212
9408,223.4327
9409,300.75552
9410,617.5585
9411,256.82037
9412,234.86403
9413,124.78547
9414,260.49585
9415,258.10898
9416,200.20615
9417,201.40588
9418,280.87164
9419,305.5438
9420,245.58896
9421,199.25409
9422,315.94485
9423,223.98901
9424,219.66293
9425,264.95154
9426,227.0301
9427,178.59029
9428,349.37906
9429,171.91954
9430,140.66484
9431,320.95724
9432,747.85364
9433,101.97372
9434,230.29694
9435,309.2823
9436,726.47284
9437,289.75778
9438,293.68875
9439,264.66284
9440,780.96387
9441,277.12445
9442,271.1224
9443,2.6450279
9444,2.108929
9445,178.30762
9446,150.87392
9447,2.320047
9448,267.27335
9449,273.21796
9450,738.10443
9451,275.3754
9452,200.24504
9453,153.01823
9454,176.42635
9455,2.812767
9456,257.16632
9457,18.752022
9458,272.95178
9459,399.54138
9460,816.7383
9461,307.60074
9462,183.71626
9463,2.0918393
9464,16.657385
9465,262.64774
9466,226.24794
9467,322.51782
9468,510.69547
9469,173.01718
9470,223.01938
9471,210.06107
9472,253.50479
9473,270.88748
9474,706.6817
9475,182.66931
9476,302.98532
9477,2.0918398
9478,288.1995
9479,238.28479
9480,678.8855
9481,211.42441
9482,201.93428
9483,173.69742
9484,204.06671
9485,189.64856
9486,332.052
9487,308.9761
9488,623.91705
9489,101.21638
9490,262.3846
9491,170.2755
9492,289.9477
9493,191.15445
9494,233.40247
9495,188.95203
9496,647.91486
9497,264.8793
9498,311.44055
9499,259.24652
9500,767.1199
9501,221.47083
9502,267.28714
9503,245.70932
9504,636.16516
9505,24.01726
9506,96.53099
9507,291.3572
9508,797.5722
9509,2.0916963
9510,267.9408
9511,319.0972
9512,404.66455
9513,88.8359
9514,406.33917
9515,277.539
9516,369.32986
9517,2.2951167
9518,250.13428
9519,102.126205
9520,269.68332
9521,209.0814
9522,393.08887
9523,249.44984
9524,283.3447
9525,248.59889
9526,266.73788
9527,237.9483
9528,408.8721
9529,190.03615
9530,222.57408
9531,2.2298925
9532,2.2298925
9533,271.7827
9534,210.56999
9535,275.9092
9536,395.9684
9537,242.04037
9538,262.91504
9539,262.16977
9540,452.9066
9541,179.35402
9542,236.12245
9543,250.66675
9544,353.08432
9545,266.0218
9546,362.0438
9547,275.97662
9548,627.65717
9549,208.93744
9550,139.39906
9551,6.9762206
9552,848.3464
9553,282.52322
9554,307.56036
9555,207.98622
9556,717.54144
9557,248.11354
9558,344.423
9559,277.67508
9560,632.8593
9561,210.85844
9562,295.10535
9563,244.54561
9564,450.20767
9565,151.04678
9566,318.09036
9567,203.60265
9568,333.1269
9569,207.64436
9570,184.62384
9571,312.66208
9572,210.12782
9573,359.08255
9574,683.986
9575,283.9809
9576,461.80725
9577,180.65776
9578,194.5314
9579,304.1297
9580,860.69305
9581,2.091892
9582,292.71634
9583,2.7414367
9584,528.7333
9585,117.554565
9586,256.7363
9587,76.89939
9588,244.82457
9589,175.52754
9590,485.69885
9591,299.12152
9592,619.8686
9593,220.98941
9594,290.66757
9595,70.75234
9596,896.2568
9597,310.81726
9598,478.04117
9599,7.878994
9600,277.74075
9601,225.20024
9602,819.0063
9603,11.821622
9604,317.16486
9605,290.15982
9606,497.34912
9607,165.3766
9608,173.57281
9609,159.39236
9610,340.69717
9611,205.87213
9612,169.9986
9613,199.00061
9614,296.27887
9615,195.93925
9616,315.5543
9617,189.0158
9618,222.40637
9619,268.11328
9620,331.62125
9621,2.1099563
9622,176.66447
9623,209.69905
9624,152.19203
9625,276.77866
9626,274.40475
9627,135.22185
9628,824.05194
9629,270.64255
9630,405.66812
9631,324.11438
9632,869.1249
9633,115.60486
9634,259.991
9635,306.99915
9636,1140.3817
9637,3.394882
9638,3.394882
9639,3.394882
9640,2.1189063
9641,225.99414
9642,234.00252
9643,305.19238
9644,319.22528
9645,215.03249
9646,182.56973
9647,92.60038
9648,464.21454
9649,231.31967
9650,259.87244
9651,193.86249
9652,402.57208
9653,207.56026
9654,268.3135
9655,327.4408
9656,709.1799
9657,1.6861336
9658,269.58206
9659,285.01828
9660,577.94635
9661,265.3064
9662,392.77698
9663,186.8549
9664,283.15826
9665,275.10666
9666,260.69348
9667,302.26184
9668,112.48511
9669,265.09778
9670,839.10046
9671,2.091892
9672,295.83438
9673,178.68573
9674,961.2586
9675,251.04196
9676,290.41248
9677,267.9507
9678,865.3863
9679,2.0918398
9680,226.53732
9681,292.48734
9682,295.2829
9683,218.25911
9684,593.743
9685,174.79768
9686,200.77081
9687,170.81734
9688,186.21852
9689,203.26968
9690,103.960014
9691,82.7562
9692,313.53754
9693,230.42775
9694,263.9305
9695,159.70074
9696,173.15953
9697,323.80057
9698,235.47432
9699,58.829803
9700,638.7091
9701,76.925415
9702,302.11554
9703,206.01244
9704,177.8984
9705,217.2279
9706,262.66602
9707,298.24228
9708,681.7034
9709,206.2679
9710,221.91185
9711,229.93333
9712,815.6215
9713,158.74316
9714,188.075
9715,310.53027
9716,393.44135
9717,183.80338
9718,227.119
9719,213.89305
9720,187.80359
9721,2.7632704
9722,273.4979
9723,298.8374
9724,165.93568
9725,329.1558
9726,577.0785
9727,217.36354
9728,260.5053
9729,296.98254
9730,761.4636
9731,184.8427
9732,225.06609
9733,277.48328
9734,661.8535
9735,38.561634
9736,274.7854
9737,204.36609
9738,613.42615
9739,185.75545
9740,259.53607
9741,284.95972
9742,591.81415
9743,6.574357
9744,212.84273
9745,245.25711
9746,182.20491
9747,256.0527
9748,289.02924
9749,214.44612
9750,306.61563
9751,162.77661
9752,184.14268
9753,306.65332
9754,88.65873
9755,255.15233
9756,170.53949
9757,260.4156
9758,417.4248
9759,85.38721
9760,192.1729
9761,179.79073
9762,217.39255
9763,286.36652
9764,275.9932
9765,169.8266
9766,625.9076
9767,373.38232
9768,289.96323
9769,243.93619
9770,135.04698
9771,233.88243
9772,206.08063
9773,211.79889
9774,551.9701
9775,294.7334
9776,110.02705
9777,206.87119
9778,736.1212
9779,312.4831
9780,439.84534
9781,10.290582
9782,43.026665
9783,79.021034
9784,2.5547836
9785,2.5547621
9786,233.8964
9787,247.45914
9788,302.2155
9789,241.85262
9790,179.5487
9791,232.41798
9792,288.28528
9793,185.9669
9794,27.335762
9795,176.9476
9796,331.27332
9797,332.4345
9798,976.0211
9799,230.3411
9800,270.36517
9801,258.0674
9802,234.18
9803,270.50507
9804,355.9145
9805,239.25635
9806,461.90125
9807,173.27554
9808,163.68623
9809,161.9969
9810,177.70299
9811,275.48013
9812,521.252
9813,182.65721
9814,294.21408
9815,2.094143
9816,200.17146
9817,220.89502
9818,466.27597
9819,241.34558
9820,811.3215
9821,142.941
9822,231.98596
9823,259.5285
9824,805.0404
9825,225.65514
9826,166.46016
9827,2.0923822
9828,81.87279
9829,270.1838
9830,277.47406
9831,59.22024
9832,134.57715
9833,209.95187
9834,739.39325
9835,266.76694
9836,198.41833
9837,149.62236
9838,152.29988
9839,237.5221
9840,181.17258
9841,244.91058
9842,740.721
9843,289.91245
9844,282.59216
9845,273.84735
9846,899.7473
9847,89.78753
9848,2.0918398
9849,158.25122
9850,229.90347
9851,269.31158
9852,227.19415
9853,148.1528
9854,220.29039
9855,153.6765
9856,192.33763
9857,278.68146
9858,830.9566
9859,340.59616
9860,178.90254
9861,182.27296
9862,278.7841
9863,209.56403
9864,229.16336
9865,203.01857
9866,263.3944
9867,125.446526
9868,241.62044
9869,258.6535
9870,426.8608
9871,294.2718
9872,752.0386
9873,2.5066395
9874,237.80992
9875,125.13194
9876,319.1648
9877,297.19232
9878,370.06357
9879,249.16747
9880,997.6982
9881,140.60292
9882,314.95197
9883,265.7366
9884,548.6853
9885,163.55516
9886,262.85
9887,273.83786
9888,760.7347
9889,62.57465
9890,181.58217
9891,111.91614
9892,2.0918393
9893,145.52046
9894,278.65253
9895,244.28241
9896,211.8076
9897,300.21625
9898,177.6493
9899,259.23093
9900,211.91525
9901,241.50777
9902,303.6732
9903,270.20398
9904,196.3173
9905,231.11229
9906,737.7303
9907,262.1409
9908,180.83386
9909,181.51991
9910,269.38242
9911,185.72656
9912,259.69354
9913,245.17726
9914,306.40802
9915,260.4169
9916,588.7834
9917,65.11941
9918,230.8909
9919,324.89502
9920,769.5186
9921,175.69658
9922,243.72668
9923,127.2602
9924,284.18588
9925,180.07224
9926,961.23395
9927,2.4067101
9928,183.69226
9929,21.5088
9930,2.456692
9931,144.2133
9932,79.94564
9933,332.90784
9934,238.22066
9935,288.1983
9936,215.18156
9937,282.1696
9938,307.1078
9939,332.74673
9940,617.6578
9941,258.3386
9942,363.3467
9943,249.31485
9944,219.74022
9945,257.03265
9946,520.1739
9947,225.8487
9948,156.3383
9949,317.66238
9950,756.8901
9951,196.9461
9952,298.35117
9953,205.94302
9954,331.99246
9955,207.9735
9956,270.87128
9957,217.29985
9958,179.11441
9959,111.20022
9960,328.04514
9961,238.11896
9962,207.68614
9963,2.2771928
9964,172.97572
9965,249.14749
9966,338.51987
9967,182.51952
9968,208.85696
9969,82.02876
9970,395.50684
9971,182.57877
9972,251.68181
9973,183.27637
9974,878.9564
9975,84.484505
9976,225.02533
9977,302.50992
9978,255.04544
9979,128.84355
9980,682.2438
9981,141.94313
9982,165.7974
9983,287.90875
9984,874.36224
9985,22.581753
9986,19.873009
9987,156.60551
9988,2.0899048
9989,320.8411
9990,81.60836
9991,159.01526
9992,97.85836
9993,243.69577
9994,658.4459
9995,144.63182
9996,276.19098
9997,227.5729
9998,679.07324
9999,88.205475
10000,306.41245
10001,275.94455
10002,682.3797
10003,280.60687
10004,336.37128
10005,2.6492395
10006,2.6492395
10007,183.06987
10008,350.0457
10009,323.75803
10010,873.5321
10011,248.93776
10012,328.4488
10013,2.1062791
10014,309.7825
10015,319.43613
10016,818.12115
10017,176.8058
10018,190.04134
10019,257.16824
10020,2.0918393
10021,273.6598
10022,112.79146
10023,287.2194
10024,225.96515
10025,268.37796
10026,275.53757
10027,311.21768
10028,467.09415
10029,289.42255
10030,270.80496
10031,178.3211
10032,521.1464
10033,2.0993376
10034,93.51984
10035,2.4677036
10036,254.03291
10037,285.79276
10038,761.7113
10039,294.8062
10040,271.974
10041,177.59654
10042,695.6809
10043,285.5145
10044,127.553566
10045,71.654495
10046,267.18192
10047,199.76924
10048,2.1294556
10049,244.08806
10050,2.3456151
10051,372.88846
10052,425.5172
10053,190.41493
10054,4.502718
10055,7.005381
10056,267.8654
10057,334.8042
10058,12.230337
10059,216.1353
10060,583.43536
10061,173.74472
10062,120.055374
10063,268.4909
10064,269.98965
10065,327.16864
10066,627.84314
10067,292.4983
10068,304.39957
10069,259.38892
10070,246.78719
10071,282.4454
10072,330.09625
10073,210.15173
10074,173.50037
10075,2.1083755
10076,183.62346
10077,204.44963
10078,265.68365
10079,91.10443
10080,168.13376
10081,102.40912
10082,54.708977
10083,144.67995
10084,2.9568295
10085,151.71133
10086,127.52752
10087,175.65875
10088,2.0918403
10089,35.64616
10090,142.33002
10091,100.65462
10092,156.75996
10093,199.9474
10094,175.02676
10095,224.8202
10096,255.78372
10097,12.720681
10098,755.6303
10099,238.29375
10100,182.3825
10101,113.691376
10102,258.9807
10103,293.092
10104,682.56665
10105,168.55582
10106,2.365567
10107,2.365567
10108,387.28854
10109,3.2451773
10110,3.2451773
10111,224.6326
10112,230.87335
10113,2.091892
10114,167.34468
10115,355.50436
10116,756.852
10117,8.693007
10118,195.5292
10119,249.14177
10120,215.8395
10121,266.0035
10122,908.6975
10123,2.091539
10124,251.4886
10125,208.57521
10126,277.6074
10127,3.4456477
10128,989.5913
10129,171.82095
10130,283.80377
10131,236.21355
10132,875.3974
10133,2.108375
10134,265.23694
10135,221.76761
10136,199.13756
10137,168.95334
10138,764.48224
10139,284.1248
10140,2.108375
10141,249.1274
10142,92.61522
10143,131.8577
10144,290.94254
10145,199.57896
10146,221.2306
10147,89.29909
10148,298.10452
10149,93.364494
10150,205.51802
10151,298.58408
10152,883.04724
10153,254.86452
10154,333.9535
10155,309.55472
10156,562.64056
10157,324.413
10158,782.0466
10159,121.0343
10160,262.1712
10161,168.17784
10162,304.10834
10163,196.75208
10164,278.33743
10165,191.31062
10166,809.1997
10167,64.29392
10168,292.52728
10169,119.66521
10170,133.35954
10171,174.74416
10172,806.2188
10173,47.9353
10174,188.79633
10175,197.22449
10176,295.72827
10177,314.79657
10178,234.6193
10179,2.0918233
10180,207.34303
10181,285.25815
10182,271.2347
10183,247.38899
10184,933.64264
10185,2.0918398
10186,2.0918398
10187,292.08368
10188,297.84567
10189,48.6493
10190,683.40125
10191,103.55533
10192,222.53127
10193,311.34897
10194,299.9743
10195,242.96121
10196,114.36966
10197,300.53836
10198,684.64594
10199,279.12735
10200,264.7295
10201,199.93364
10202,288.64783
10203,141.87772
10204,243.18773
10205,2.5502825
10206,206.07462
10207,175.40848
10208,586.1271
10209,235.57173
10210,261.18417
10211,276.08557
10212,825.6981
10213,7.539952
10214,228.7709
10215,300.4739
10216,636.271
10217,2.3144746
10218,177.23848
10219,173.62122
10220,258.61493
10221,324.3623
10222,162.05829
10223,255.98807
10224,504.5428
10225,2.1148312
10226,318.42264
10227,118.78191
10228,648.572
10229,263.65945
10230,161.23488
10231,266.8771
10232,632.31
10233,2.2062094
10234,272.0315
10235,301.6213
10236,723.05536
10237,4.7196736
10238,138.6849
10239,227.59758
10240,124.125305
10241,148.64926
10242,583.1853
10243,191.59293
10244,264.32816
10245,294.0478
10246,1094.7769
10247,14.587107
10248,2.1099563
10249,2.1099563
10250,86.70759
10251,135.4457
10252,278.56302
10253,290.67563
10254,246.08911
10255,183.25784
10256,298.64594
10257,203.96854
10258,646.8823
10259,170.22221
10260,209.51065
10261,259.0329
10262,200.01721
10263,282.9174
10264,332.3935
10265,243.34396
10266,854.45264
10267,190.41833
10268,279.96463
10269,13.659084
10270,90.411476
10271,336.04434
10272,304.10196
10273,218.61975
10274,890.98944
10275,281.89914
10276,368.48016
10277,2.0918608
10278,112.956696
10279,266.69257
10280,230.40346
10281,340.9415
10282,497.50305
10283,146.68489
10284,258.07498
10285,17.29795
10286,279.88226
10287,252.38492
10288,804.8288
10289,125.74356
10290,303.19553
10291,310.04834
10292,507.3244
10293,299.45758
10294,236.7891
10295,2.0918393
10296,14.427005
10297,303.95767
10298,276.97232
10299,249.7316
10300,821.1899
10301,2.0916963
10302,2.0916963
10303,318.23712
10304,269.9152
10305,3.045275
10306,760.16656
10307,215.26727
10308,283.56155
10309,217.49042
10310,311.0288
10311,254.38956
10312,651.4961
10313,284.06433
10314,404.25992
10315,295.68112
10316,295.48856
10317,278.36206
10318,374.94464
10319,212.97607
10320,2.1381145
10321,297.02887
10322,2.8694673
10323,347.53677
10324,771.15643
10325,206.9585
10326,327.77884
10327,155.2664
10328,569.8154
10329,283.87
10330,322.18436
10331,2.1399422
10332,331.37616
10333,324.73898
10334,577.8725
10335,323.56256
10336,253.74382
10337,285.4447
10338,350.6491
10339,305.08557
10340,820.3699
10341,5.998157
10342,305.38187
10343,302.35925
10344,358.82092
10345,307.90558
10346,321.55276
10347,48.038635
10348,179.28476
10349,236.21574
10350,404.97574
10351,2.138712
10352,219.03387
10353,3.0808268
10354,271.0011
10355,2.1386905
10356,261.49323
10357,255.84006
10358,576.8483
10359,2.1683815
10360,299.25104
10361,298.2535
10362,534.1272
10363,273.49396
10364,164.57156
10365,2.1338394
10366,214.5531
10367,191.51247
10368,278.57086
10369,277.5489
10370,220.03043
10371,249.81062
10372,235.64035
10373,293.0941
10374,245.63094
10375,138.07544
10376,256.3311
10377,299.7966
10378,328.79968
10379,114.38144
10380,168.41663
10381,2.1344154
10382,221.68553
10383,61.46178
10384,288.86603
10385,341.17905
10386,901.5917
10387,299.48972
10388,308.54254
10389,2.12178
10390,259.91406
10391,201.21848
10392,733.5134
10393,278.32892
10394,221.81825
10395,334.92337
10396,620.2588
10397,277.08685
10398,12.50334
10399,203.56372
10400,267.4659
10401,301.98538
10402,483.5946
10403,178.97763
10404,261.6584
10405,282.09018
10406,673.9367
10407,276.536
10408,320.27588
10409,299.13782
10410,736.4044
10411,82.050224
10412,139.16692
10413,279.45862
10414,268.6091
10415,283.7926
10416,297.33823
10417,206.73654
10418,198.5593
10419,2.1437078
10420,242.46448
10421,201.20337
10422,279.7636
10423,200.74408
10424,199.84729
10425,106.65709
10426,200.18927
10427,325.32446
10428,297.64618
10429,334.57953
10430,875.9262
10431,83.57917
10432,352.65222
10433,307.08823
10434,716.98236
10435,257.02658
10436,321.9475
10437,179.43582
10438,500.15268
10439,154.77164
10440,247.376
10441,203.97816
10442,329.8953
10443,314.08273
10444,398.5393
10445,72.898834
10446,319.22437
10447,326.88086
10448,417.75656
10449,45.922203
10450,115.72113
10451,262.82574
10452,284.99945
10453,61.873833
10454,595.07025
10455,28.119553
10456,20.446619
10457,261.35815
10458,206.1281
10459,174.18207
10460,817.4271
10461,7.18375
10462,181.26947
10463,425.566
10464,868.15515
10465,84.40028
10466,312.5074
10467,227.1653
10468,584.5725
10469,282.57367
10470,2.700802
10471,186.8551
10472,340.9104
10473,256.92163
10474,351.1896
10475,255.99074
10476,182.6261
10477,251.53926
10478,2.398745
10479,304.1112
10480,176.01216
10481,4.2822237
10482,607.2272
10483,285.22498
10484,191.8153
10485,204.84995
10486,240.12791
10487,259.3343
10488,812.3412
10489,203.12114
10490,256.9545
10491,5.5449753
10492,253.92668
10493,291.43475
10494,943.65533
10495,139.16096
10496,309.227
10497,282.05798
10498,862.39954
10499,240.88696
10500,332.22736
10501,346.92178
10502,623.0557
10503,281.03265
10504,355.52176
10505,336.991
10506,821.08276
10507,188.21086
10508,393.38733
10509,165.72472
10510,300.05624
10511,97.41009
10512,187.49046
10513,337.09204
10514,400.151
10515,272.22562
10516,328.41748
10517,304.16992
10518,640.33887
10519,215.89406
10520,234.51057
10521,209.70085
10522,265.29678
10523,90.558975
10524,208.71764
10525,232.04388
10526,337.81223
10527,325.66544
10528,704.91113
10529,373.4316
10530,382.02112
10531,84.6937
10532,753.80914
10533,2.127604
10534,302.75687
10535,3.5268474
10536,573.4521
10537,214.2926
10538,243.4862
10539,253.56487
10540,257.27322
10541,255.30069
10542,645.3163
10543,224.17271
10544,346.50485
10545,266.00726
10546,296.089
10547,220.91667
10548,246.7146
10549,352.1068
10550,240.29977
10551,154.66191
10552,249.28351
10553,106.01579
10554,245.27942
10555,230.39568
10556,992.36786
10557,76.18368
10558,224.07655
10559,260.79935
10560,239.30888
10561,305.2036
10562,173.45694
10563,285.05386
10564,276.86627
10565,257.93167
10566,186.75697
10567,298.20193
10568,656.1983
10569,56.27758
10570,289.22546
10571,218.98422
10572,319.7236
10573,127.277565
10574,160.58298
10575,239.20723
10576,265.9717
10577,2.2219448
10578,176.00317
10579,266.56073
10580,263.5534
10581,230.54263
10582,509.75085
10583,138.29788
10584,188.116
10585,169.55397
10586,596.07965
10587,107.825615
10588,208.9463
10589,326.15076
10590,873.32623
10591,2.0829318
10592,232.47614
10593,346.7941
10594,487.12885
10595,203.35182
10596,316.1225
10597,292.8737
10598,979.1009
10599,252.7934
10600,305.5908
10601,3.0329716
10602,975.5668
10603,254.23114
10604,273.5468
10605,270.80295
10606,660.9434
10607,178.41476
10608,182.79901
10609,272.7228
10610,745.66345
10611,9.502395
10612,204.10838
10613,332.126
10614,272.57883
10615,298.81613
10616,709.24475
10617,197.66878
10618,221.3614
10619,198.80693
10620,267.19183
10621,305.70056
10622,943.4453
10623,64.298134
10624,2.3135858
10625,256.10413
10626,355.1085
10627,293.06708
10628,770.6804
10629,227.25197
10630,324.24582
10631,268.68732
10632,529.2581
10633,148.26411
10634,278.37115
10635,172.00923
10636,185.80417
10637,299.3057
10638,396.8983
10639,185.24611
10640,295.0613
10641,252.47469
10642,570.3677
10643,226.06801
10644,191.48608
10645,267.296
10646,627.34436
10647,119.95963
10648,201.7204
10649,260.37213
10650,231.42888
10651,210.0089
10652,854.8247
10653,3.2799046
10654,256.7445
10655,294.51544
10656,754.86707
10657,165.75543
10658,309.28497
10659,285.80746
10660,695.175
10661,191.43672
10662,141.72914
10663,185.15411
10664,244.97536
10665,221.138
10666,159.7732
10667,145.36208
10668,218.86185
10669,176.25615
10670,638.5821
10671,257.59488
10672,276.63675
10673,232.49925
10674,902.79614
10675,298.05484
10676,175.65433
10677,256.11212
10678,771.70953
10679,263.6056
10680,163.00809
10681,156.35992
10682,185.9882
10683,255.41846
10684,245.57413
10685,168.4309
10686,208.97017
10687,239.01584
10688,761.8963
10689,275.47354
10690,228.52739
10691,144.47429
10692,292.77795
10693,162.33241
10694,331.30948
10695,370.25723
10696,261.73868
10697,321.00214
10698,593.6757
10699,265.07056
10700,312.5287
10701,150.31198
10702,804.7397
10703,315.52457
10704,356.70163
10705,137.65675
10706,304.73337
10707,222.74069
10708,533.1838
10709,246.00914
10710,233.31627
10711,104.41019
10712,787.77246
10713,2.2732794
10714,284.0381
10715,3.2170484
10716,246.37906
10717,309.24847
10718,645.6407
10719,213.47125
10720,170.69786
10721,268.24698
10722,588.4504
10723,294.4103
10724,268.61475
10725,275.83655
10726,554.2905
10727,21.82368
10728,244.86717
10729,167.01968
10730,596.52686
10731,163.41245
10732,2.0918393
10733,315.0958
10734,725.2433
10735,98.261215
10736,129.77365
10737,305.49966
10738,914.69104
10739,2.1300936
10740,247.05246
10741,184.51254
10742,251.524
10743,252.2826
10744,272.41467
10745,296.8599
10746,882.14545
10747,229.93318
10748,257.10324
10749,176.1294
10750,327.53925
10751,280.3227
10752,756.82556
10753,270.1511
10754,266.00293
10755,203.63881
10756,511.54175
10757,213.34895
10758,231.66077
10759,338.84366
10760,685.5234
10761,2.127604
10762,175.53574
10763,346.81345
10764,841.8375
10765,2.2061598
10766,220.55724
10767,205.11014
10768,884.5365
10769,2.0918398
10770,306.52423
10771,270.68216
10772,309.7825
10773,154.2749
10774,164.75294
10775,241.7613
10776,299.70532
10777,236.7798
10778,325.0432
10779,5.791221
10780,298.26447
10781,343.62003
10782,750.7694
10783,3.8737884
10784,170.75813
10785,329.15134
10786,768.19556
10787,232.8709
10788,292.99756
10789,267.45493
10790,344.8073
10791,255.59912
10792,266.4159
10793,2.0918398
10794,49.713814
10795,226.74968
10796,277.37735
10797,172.75793
10798,595.7193
10799,2.2759273
10800,206.09189
10801,2.29527
10802,205.86046
10803,307.10544
10804,180.52397
10805,351.90103
10806,773.5123
10807,2.091892
10808,195.64682
10809,274.51743
10810,543.53906
10811,281.59656
10812,369.43472
10813,281.63718
10814,564.7017
10815,283.583
10816,421.3146
10817,288.14478
10818,641.8344
10819,2.0918398
10820,2.0918398
10821,289.6685
10822,220.76547
10823,2.8165145
10824,2.6496446
10825,249.33809
10826,243.59836
10827,268.9222
10828,287.8481
10829,320.7307
10830,904.88354
10831,7.5546403
10832,2.1737943
10833,220.6434
10834,297.8629
10835,233.5907
10836,779.3768
10837,2.0918393
10838,270.28085
10839,297.3803
10840,507.1353
10841,220.6708
10842,89.599045
10843,57.135227
10844,1115.4731
10845,20.487238
10846,364.0997
10847,213.98889
10848,684.5455
10849,269.59827
10850,287.85208
10851,260.0633
10852,303.9391
10853,33.42429
10854,2.1294048
10855,221.66148
10856,118.244156
10857,169.54472
10858,113.812454
10859,266.68677
10860,3.081812
10861,602.5759
10862,200.11061
10863,300.2069
10864,438.1741
10865,13.41902
10866,276.326
10867,255.83496
10868,1146.9962
10869,2.2354856
10870,269.72952
10871,225.18265
10872,2.9869022
10873,280.10794
10874,490.98312
10875,249.21767
10876,238.80452
10877,260.76892
10878,887.763
10879,201.757
10880,236.15227
10881,225.79028
10882,825.6712
10883,2.2355068
10884,227.06845
10885,98.42394
10886,844.43066
10887,8.24209
10888,14.248604
10889,270.26736
10890,340.6143
10891,274.60455
10892,362.08804
10893,312.10342
10894,418.39786
10895,224.80229
10896,725.72186
10897,41.988194
10898,250.3779
10899,327.37436
10900,570.4841
10901,2.412854
10902,111.84555
10903,414.78665
10904,407.77707
10905,2.1933286
10906,212.28362
10907,217.05554
10908,299.3431
10909,208.22757
10910,346.57538
10911,178.4597
10912,328.8533
10913,251.41571
10914,959.6589
10915,87.73374
10916,214.00665
10917,283.71246
10918,197.10172
10919,190.53328
10920,226.0717
10921,300.65244
10922,741.8303
10923,307.9
10924,352.3308
10925,57.56882
10926,170.07556
10927,260.90512
10928,957.2622
10929,306.39963
10930,2.0957596
10931,49.342224
10932,327.03293
10933,163.18668
10934,776.6645
10935,63.76312
10936,2.0918403
10937,182.48938
10938,178.62633
10939,238.21507
10940,88.03494
10941,190.12943
10942,314.6567
10943,16.319765
10944,2.2400222
10945,29.612871
10946,14.215785
10947,269.05063
10948,209.68628
10949,307.6136
10950,328.48648
10951,250.09964
10952,840.00226
10953,208.64745
10954,299.7703
10955,213.43773
10956,925.5883
10957,175.32079
10958,296.95517
10959,301.08948
10960,429.8147
10961,2.4821873
10962,264.26245
10963,226.31834
10964,635.98047
10965,2.0918398
10966,265.68698
10967,2.5748708
10968,625.0698
10969,125.48043
10970,249.44466
10971,324.7252
10972,764.2005
10973,192.87662
10974,203.583
10975,234.89543
10976,604.3397
10977,265.3882
10978,294.61255
10979,266.86807
10980,876.2676
10981,136.0079
10982,336.34424
10983,274.00763
10984,260.72525
10985,209.93971
10986,255.36835
10987,280.65106
10988,444.09793
10989,7.550045
10990,177.79642
10991,243.85637
10992,262.24475
10993,311.52554
10994,276.92944
10995,200.24281
10996,106.47069
10997,4.6721425
10998,298.3675
10999,14.983336
11000,807.1602
11001,75.28247
11002,287.47415
11003,290.36432
11004,918.5306
11005,299.14075
11006,156.10498
11007,185.73346
11008,624.2787
11009,159.50357
11010,307.90988
11011,154.46367
11012,918.9553
11013,176.30417
11014,277.9447
11015,162.65047
11016,744.1275
11017,272.18295
11018,312.4372
11019,3.2370102
11020,199.23354
11021,208.89224
11022,565.47925
11023,27.187704
11024,175.29016
11025,2.108759
11026,225.45662
11027,226.76042
11028,267.9506
11029,257.63275
11030,253.1223
11031,161.57825
11032,711.4679
11033,187.70984
11034,217.23796
11035,158.91063
11036,927.37976
11037,-0.14185421
11038,188.87114
11039,219.9632
11040,2.4296505
11041,246.35469
11042,2.3080661
11043,267.2478
11044,263.25656
11045,151.99127
11046,199.87491
11047,230.68445
11048,333.6474
11049,0.4613492
11050,33.722088
11051,136.57607
11052,2.8245718
11053,219.2435
11054,138.6377
11055,214.67905
11056,276.33624
11057,136.70366
11058,243.25192
11059,275.47076
11060,478.562
11061,85.28771
11062,220.68098
11063,310.441
11064,763.9918
11065,126.44484
11066,176.52493
11067,291.83353
11068,280.01727
11069,323.67697
11070,326.95013
11071,182.09222
11072,285.39478
11073,196.71597
11074,2.3057308
11075,77.30935
11076,182.9395
11077,285.56412
11078,280.43286
11079,457.19186
11080,839.3692
11081,194.96382
11082,178.39053
11083,294.57498
11084,298.8925
11085,274.39392
11086,278.7592
11087,331.767
11088,189.42783
11089,305.76392
11090,198.59235
11091,170.45631
11092,931.9287
11093,2.961931
11094,231.14542
11095,314.77676
11096,771.741
11097,280.40787
11098,201.88281
11099,5.946702
11100,2.5748203
11101,220.41618
11102,218.48863
11103,272.23645
11104,306.50534
11105,237.93745
11106,728.30164
11107,282.65244
11108,229.55716
11109,272.96683
11110,273.90076
11111,130.15419
11112,316.7599
11113,354.93634
11114,284.84836
11115,113.77212
11116,487.9263
11117,2.274263
11118,112.852516
11119,154.82661
11120,212.08763
11121,176.24461
11122,207.20152
11123,202.87341
11124,240.03522
11125,363.98123
11126,325.87473
11127,2.2519886
11128,169.52022
11129,377.09952
11130,269.7568
11131,258.30856
11132,382.8994
11133,20.166857
11134,178.00717
11135,305.73914
11136,613.9229
11137,2.0918915
11138,276.1838
11139,275.86218
11140,890.8412
11141,22.679873
11142,329.6915
11143,292.33047
11144,866.7798
11145,304.8345
11146,263.28125
11147,236.29546
11148,316.0819
11149,177.71681
11150,255.83453
11151,238.31497
11152,781.3252
11153,3.881121
11154,77.19065
11155,197.42955
11156,2.6608467
11157,273.48654
11158,194.4618
11159,226.64194
11160,46.35271
11161,280.53372
11162,3.0538912
11163,226.24776
11164,749.5161
11165,36.026554
11166,209.78548
11167,314.5222
11168,801.6298
11169,170.85078
11170,2.0940237
11171,155.20247
11172,57.535778
11173,280.6811
11174,237.80235
11175,2.0918398
11176,2.0918398
11177,139.60152
11178,263.49255
11179,172.72946
11180,284.7976
11181,251.08345
11182,168.61882
11183,154.02734
11184,275.97757
11185,201.25279
11186,806.943
11187,218.05792
11188,306.80194
11189,232.8004
11190,760.1344
11191,2.0918915
11192,331.0767
11193,209.58232
11194,634.948
11195,322.4721
11196,173.00844
11197,34.41793
11198,217.13281
11199,227.73222
11200,515.22327
11201,225.86792
11202,154.53671
11203,170.63666
11204,261.65405
11205,205.17671
11206,292.69702
11207,269.65512
11208,298.05032
11209,228.06433
11210,295.81085
11211,224.01599
11212,841.80853
11213,221.7422
11214,187.3278
11215,341.5644
11216,406.3959
11217,2.671399
11218,202.96817
11219,112.64627
11220,278.83102
11221,2.5806098
11222,105.7297
11223,235.03903
11224,355.444
11225,2.2742624
11226,195.01405
11227,284.02383
11228,166.60684
11229,253.06972
11230,405.3159
11231,2.3689737
11232,197.89021
11233,275.60333
11234,318.83884
11235,273.56018
11236,184.87595
11237,105.321304
11238,287.69482
11239,288.97452
11240,1036.1915
11241,2.108004
11242,214.99896
11243,155.73488
11244,632.27515
11245,244.4974
11246,240.34718
11247,211.45395
11248,263.65848
11249,173.49379
11250,140.45189
11251,310.97485
11252,683.9651
11253,273.61945
11254,207.79924
11255,212.38596
11256,286.5737
11257,168.95255
11258,266.28656
11259,289.91043
11260,799.34875
11261,59.355392
11262,145.1884
11263,193.75143
11264,300.26633
11265,118.881165
11266,300.0302
11267,209.94392
11268,690.96924
11269,299.3541
11270,303.2132
11271,286.95367
11272,812.8301
11273,304.8709
11274,237.57945
11275,260.96075
11276,757.9885
11277,249.18085
11278,312.41656
11279,385.1001
11280,862.84033
11281,209.60104
11282,2.0921237
11283,295.44193
11284,164.97688
11285,433.5919
11286,797.62756
11287,2.7640197
11288,321.998
11289,164.38817
11290,606.80634
11291,61.862003
11292,2.093429
11293,135.75677
11294,315.4412
11295,299.04688
11296,670.2043
11297,3.5654986
11298,2.0910435
11299,276.9478
11300,310.28067
11301,118.87592
11302,997.9894
11303,33.63929
11304,2.0904152
11305,3.5675907
11306,297.58618
11307,306.7244
11308,231.0655
11309,264.4876
11310,680.195
11311,45.2051
11312,12.270865
11313,285.5282
11314,208.91942
11315,188.13086
11316,131.52808
11317,195.44052
11318,295.89075
11319,340.659
11320,298.69803
11321,299.35086
11322,283.5162
11323,190.72136
11324,211.4146
11325,344.6748
11326,428.14093
11327,4.917114
11328,194.24754
11329,2.5635245
11330,474.10477
11331,4.238733
11332,268.92627
11333,284.21555
11334,307.07224
11335,4.532241
11336,270.155
11337,266.06223
11338,475.53036
11339,4.4639354
11340,4.4639354
11341,205.72551
11342,51.691696
11343,262.2654
11344,696.2613
11345,2.0957592
11346,288.10266
11347,318.23462
11348,804.48334
11349,103.82378
11350,259.97617
11351,62.257862
11352,644.891
11353,34.11333
11354,2.1274955
11355,247.38554
11356,2.805933
11357,276.70508
11358,1002.3307
11359,316.93387
11360,472.53192
11361,12.719568
11362,182.10521
11363,2.0918393
11364,19.2506
11365,234.25171
11366,249.80031
11367,304.5228
11368,247.28743
11369,328.32532
11370,722.85645
11371,192.7003
11372,261.28955
11373,250.97833
11374,166.12201
11375,422.56537
11376,368.91403
11377,328.71472
11378,712.30347
11379,217.57735
11380,210.96294
11381,282.4591
11382,637.011
11383,253.56567
11384,358.1437
11385,324.54218
11386,325.35883
11387,207.28221
11388,471.05283
11389,168.5727
11390,203.10283
11391,209.4484
11392,354.71362
11393,251.89732
11394,722.16693
11395,16.910593
11396,2.1886797
11397,251.12752
11398,250.35727
11399,319.16953
11400,936.605
11401,2.1939666
11402,268.72873
11403,316.3741
11404,660.347
11405,286.29944
11406,451.398
11407,2.1933906
11408,244.34384
11409,323.6384
11410,867.392
11411,14.252163
11412,2.1886797
11413,315.9935
11414,320.20636
11415,223.6261
11416,879.59674
11417,26.299232
11418,295.8357
11419,82.3201
11420,646.586
11421,119.7947
11422,114.868904
11423,128.38828
11424,320.7993
11425,338.66196
11426,781.8802
11427,205.52002
11428,321.45404
11429,235.99423
11430,372.48758
11431,285.02194
11432,711.2628
11433,2.2088573
11434,267.9348
11435,146.74622
11436,560.1622
11437,2.0943074
11438,209.89287
11439,251.77444
11440,335.636
11441,237.4097
11442,341.35114
11443,291.44818
11444,852.45056
11445,2.0918393
11446,291.24814
11447,210.64586
11448,687.58215
11449,300.6357
11450,530.34393
11451,289.8032
11452,727.72375
11453,301.89926
11454,368.9051
11455,312.03812
11456,914.96484
11457,285.2481
11458,223.27202
11459,2.0918393
11460,300.08167
11461,307.46216
11462,837.8399
11463,157.29814
11464,187.9163
11465,274.83136
11466,261.67337
11467,125.34308
11468,426.64633
11469,227.39906
11470,234.31163
11471,94.291115
11472,245.18422
11473,156.90768
11474,167.69055
11475,191.09596
11476,258.14633
11477,233.74449
11478,311.3458
11479,242.17813
11480,749.59814
11481,272.96872
11482,296.02982
11483,178.15213
11484,226.5385
11485,-0.31656802
11486,2.0918398
11487,219.52266
11488,198.02917
11489,194.59636
11490,280.5683
11491,254.04979
11492,285.14178
11493,278.50488
11494,681.667
11495,178.72548
11496,269.64035
11497,277.6834
11498,789.1005
11499,177.47256
11500,211.14328
11501,290.96475
11502,649.62054
11503,2.091892
11504,2.1340733
11505,265.418
11506,326.66022
11507,249.63873
11508,493.2296
11509,184.78577
11510,232.73758
11511,187.3682
11512,807.0318
11513,2.0918398
11514,279.36426
11515,183.24947
11516,468.41754
11517,2.6760218
11518,192.8074
11519,213.13342
11520,606.27496
11521,170.85803
11522,396.57574
11523,23.940939
11524,277.9133
11525,291.49875
11526,983.1505
11527,74.754265
11528,175.57735
11529,222.33252
11530,292.97595
11531,290.14984
11532,736.81085
11533,229.68652
11534,177.19595
11535,345.6257
11536,217.93288
11537,105.73114
11538,148.69331
11539,5.124811
11540,2.1289463
11541,95.3777
11542,299.63092
11543,157.34297
11544,267.94446
11545,178.57768
11546,243.9348
11547,214.1551
11548,362.8382
11549,52.61281
11550,2.0918398
11551,286.436
11552,231.08183
11553,190.04288
11554,634.59717
11555,43.67886
11556,164.46585
11557,176.2305
11558,237.77701
11559,232.08914
11560,222.85757
11561,108.58781
11562,860.2259
11563,2.1284077
11564,321.2674
11565,312.4784
11566,817.30524
11567,2.2339416
11568,9.874857
11569,287.4288
11570,240.75522
11571,228.2356
11572,346.42236
11573,105.490616
11574,68.062325
11575,183.00595
11576,253.83295
11577,240.05046
11578,864.6692
11579,44.30433
11580,276.60098
11581,319.19693
11582,441.11008
11583,50.58809
11584,280.9122
11585,242.47499
11586,925.265
11587,4.275124
11588,4.1960835
11589,9.35253
11590,234.88548
11591,3.0386577
11592,2.830423
11593,250.37138
11594,588.77454
11595,195.19847
11596,305.87784
11597,282.4054
11598,374.47333
11599,228.35526
11600,601.2207
11601,38.761257
11602,285.92792
11603,239.83513
11604,602.7906
11605,131.21974
11606,229.40079
11607,259.0996
11608,284.87048
11609,318.79605
11610,866.4278
11611,263.66528
11612,281.0109
11613,237.23737
11614,235.5603
11615,244.77917
11616,301.1797
11617,213.59781
11618,698.2843
11619,208.67162
11620,363.33636
11621,243.57918
11622,208.22816
11623,338.8879
11624,708.82574
11625,200.25539
11626,148.9892
11627,225.06355
11628,176.10358
11629,212.94417
11630,194.26538
11631,114.83224
11632,368.7712
11633,223.74307
11634,477.07364
11635,2.0918393
11636,2.0918393
11637,2.0918393
11638,261.71063
11639,234.37798
11640,324.43515
11641,265.57632
11642,772.331
11643,336.98712
11644,168.32455
11645,362.4823
11646,593.4971
11647,2.128045
11648,282.2876
11649,213.84514
11650,75.722824
11651,2.5418503
11652,143.71678
11653,257.041
11654,443.5291
11655,213.81873
11656,282.1178
11657,253.71495
11658,203.2773
11659,266.3618
11660,300.34708
11661,232.98598
11662,652.80597
11663,240.30849
11664,154.11925
11665,238.90019
11666,179.4964
11667,168.40215
11668,206.99474
11669,172.96814
11670,290.4991
11671,2.3148332
11672,2.6943676
11673,241.9129
11674,246.48134
11675,296.20166
11676,318.17648
11677,2.1218572
11678,213.00822
11679,359.62067
11680,316.4511
11681,2.9351017
11682,214.90335
11683,212.98926
11684,288.1581
11685,153.45296
11686,750.6289
11687,268.45734
11688,257.95578
11689,255.27795
11690,644.4057
11691,291.6159
11692,233.73291
11693,177.89468
11694,278.66876
11695,286.51886
11696,797.24664
11697,15.797855
11698,240.22795
11699,241.41386
11700,230.46411
11701,236.18858
11702,216.17308
11703,2.641522
11704,124.36369
11705,234.79662
11706,206.87259
11707,3.167854
11708,245.02101
11709,286.91537
11710,567.8866
11711,53.791836
11712,112.51869
11713,410.81677
11714,582.6408
11715,317.4304
11716,632.8909
11717,316.76407
11718,3.069206
11719,298.7881
11720,779.093
11721,93.96197
11722,2.0918393
11723,2.0918393
11724,304.37204
11725,72.81506
11726,95.167946
11727,265.94818
11728,238.30307
11729,262.77393
11730,239.16821
11731,58.89583
11732,114.949234
11733,229.77397
11734,315.85678
11735,282.92642
11736,951.10596
11737,176.49126
11738,279.07065
11739,324.82965
11740,721.1218
11741,2.1318767
11742,259.09155
11743,278.55725
11744,846.6332
11745,2.185215
11746,2.4969275
11747,310.0737
11748,16.458237
11749,2.1525095
11750,249.15564
11751,108.469444
11752,329.0043
11753,268.7346
11754,92.453636
11755,341.83206
11756,696.4235
11757,3.663206
11758,265.37173
11759,364.73853
11760,874.35754
11761,250.99062
11762,314.07843
11763,29.629587
11764,145.68236
11765,299.60638
11766,341.24603
11767,268.52307
11768,965.55426
11769,2.0912848
11770,318.1812
11771,274.70303
11772,640.2019
11773,12.675942
11774,13.207638
11775,192.47975
11776,230.2384
11777,237.78531
11778,891.92596
11779,206.73706
11780,297.32718
11781,333.0225
11782,792.29767
11783,206.7198
11784,301.42883
11785,241.2809
11786,466.02863
11787,170.69398
11788,121.60651
11789,76.96012
11790,491.1618
11791,242.34383
11792,273.7751
11793,109.201225
11794,264.1473
11795,214.20131
11796,272.20935
11797,305.71127
11798,596.89044
11799,14.0683
11800,200.32312
11801,319.0885
11802,387.37527
11803,277.73434
11804,272.1539
11805,263.41217
11806,780.6444
11807,320.51285
11808,198.28514
11809,129.20102
11810,280.60745
11811,248.479
11812,818.0774
11813,294.50293
11814,311.0928
11815,2.0918915
11816,276.2412
11817,428.6536
11818,727.808
11819,262.19498
11820,268.23703
11821,131.57344
11822,186.00209
11823,253.98418
11824,185.01865
11825,2.0900638
11826,283.88043
11827,482.24564
11828,2.0900638
11829,264.2486
11830,100.8158
11831,314.1676
11832,241.9331
11833,187.87616
11834,222.06258
11835,300.63974
11836,251.17934
11837,262.1668
11838,604.9351
11839,313.7127
11840,374.78015
11841,326.08408
11842,610.1167
11843,233.86552
11844,263.02097
11845,2.1139395
11846,85.897385
11847,314.93143
11848,885.8579
11849,81.81548
11850,18.088247
11851,288.54736
11852,191.30045
11853,289.39124
11854,173.50615
11855,212.09882
11856,171.84894
11857,261.39124
11858,339.96118
11859,286.54495
11860,337.4084
11861,13.616915
11862,47.52568
11863,274.64813
11864,345.62442
11865,327.37326
11866,820.64044
11867,31.55466
11868,312.3766
11869,283.00073
11870,289.83832
11871,286.31305
11872,465.10712
11873,208.96002
11874,297.2724
11875,259.56268
11876,17.218565
11877,398.8449
11878,290.77707
11879,157.46695
11880,523.8057
11881,107.40001
11882,269.06345
11883,257.1595
11884,667.48926
11885,168.37178
11886,304.74783
11887,317.73245
11888,428.35782
11889,2.542441
11890,293.4998
11891,263.68637
11892,446.23743
11893,3.1103053
11894,229.74084
11895,332.76804
11896,585.18854
11897,2.8997483
11898,206.25543
11899,322.88934
11900,541.96326
11901,2.1198657
11902,244.1396
11903,299.7166
11904,432.78442
11905,2.1198657
11906,221.06667
11907,338.00714
11908,913.38135
11909,50.294155
11910,154.74289
11911,57.37144
11912,210.11723
11913,181.8662
11914,196.98006
11915,2.6381457
11916,3.0671604
11917,286.04645
11918,687.38293
11919,14.887735
11920,252.23863
11921,269.4738
11922,317.86118
11923,308.27878
11924,331.8385
11925,286.14505
11926,898.577
11927,2.0918608
11928,287.28992
11929,322.81683
11930,272.22348
11931,295.94455
11932,468.1965
11933,71.28186
11934,124.81793
11935,96.334816
11936,78.817474
11937,2.125977
11938,206.83318
11939,175.43646
11940,295.92136
11941,376.53842
11942,443.81296
11943,315.66663
11944,505.41183
11945,270.0769
11946,680.387
11947,68.521774
11948,307.6037
11949,230.15619
11950,769.6285
11951,287.67462
11952,324.35083
11953,202.65897
11954,698.63837
11955,292.40482
11956,412.11337
11957,277.27716
11958,299.75165
11959,270.97684
11960,618.6698
11961,30.934687
11962,154.20259
11963,322.27368
11964,679.7102
11965,310.90915
11966,482.9463
11967,77.40071
11968,219.00941
11969,317.28345
11970,183.3184
11971,330.48163
11972,449.15488
11973,261.5964
11974,2.0918393
11975,308.23236
11976,269.1047
11977,295.71826
11978,757.1059
11979,202.9785
11980,295.17084
11981,275.86148
11982,641.92426
11983,257.75775
11984,287.93164
11985,225.2662
11986,55.275978
11987,185.83432
11988,378.51984
11989,3.5310578
11990,769.84705
11991,275.96512
11992,217.4927
11993,134.60152
11994,245.96059
11995,187.99435
11996,225.06334
11997,280.48276
11998,682.1436
11999,104.149315
12000,169.46133
12001,253.73366
12002,372.60315
12003,166.29312
12004,293.91147
12005,214.228
12006,245.51982
12007,273.9564
12008,206.31229
12009,228.47514
12010,237.59329
12011,282.5379
12012,1002.81226
12013,167.79492
12014,248.84494
12015,307.34015
12016,724.51086
12017,1.9464234
12018,1.9464234
12019,214.40962
12020,246.26286
12021,188.66235
12022,714.6734
12023,294.80914
12024,272.5986
12025,134.24481
12026,325.82202
12027,212.6662
12028,291.63834
12029,341.48285
12030,317.42975
12031,394.55682
12032,490.0357
12033,44.50122
12034,75.18712
12035,21.463984
12036,212.8427
12037,202.36029
12038,193.33098
12039,164.12784
12040,157.77686
12041,314.20547
12042,811.91187
12043,43.909016
12044,300.51337
12045,318.62305
12046,967.28577
12047,2.0918608
12048,170.9748
12049,313.09222
12050,1005.88666
12051,2.0918608
12052,234.95587
12053,249.92197
12054,169.82605
12055,232.35533
12056,220.83003
12057,228.37885
12058,788.37506
12059,10.052403
12060,186.22227
12061,244.63342
12062,300.0098
12063,210.95473
12064,1005.3474
12065,2.4883583
12066,174.84561
12067,2.809221
12068,173.62775
12069,279.72256
12070,966.93896
12071,275.4492
12072,220.44928
12073,201.1765
12074,578.55457
12075,198.16513
12076,153.36838
12077,260.67032
12078,233.01204
12079,161.91667
12080,418.2704
12081,206.79721
12082,289.42966
12083,125.02413
12084,487.1758
12085,268.57468
12086,543.0081
12087,2.1238375
12088,2.1061528
12089,298.67526
12090,199.55783
12091,247.86378
12092,499.7581
12093,211.65617
12094,235.17482
12095,204.47594
12096,256.88583
12097,164.80603
12098,113.093376
12099,159.68515
12100,141.67035
12101,128.37712
12102,724.3287
12103,290.2278
12104,350.46313
12105,201.28578
12106,374.74713
12107,257.88803
12108,596.6298
12109,239.14914
12110,497.74545
12111,138.47606
12112,231.83084
12113,293.43073
12114,503.00974
12115,13.215607
12116,293.92596
12117,252.39081
12118,780.94495
12119,2.0918608
12120,263.35016
12121,220.32776
12122,653.236
12123,92.3736
12124,200.51147
12125,227.87784
12126,844.537
12127,2.0918608
12128,2.5404
12129,263.45627
12130,191.24796
12131,319.73715
12132,261.9128
12133,279.82016
12134,178.29433
12135,72.70293
12136,101.41425
12137,283.144
12138,190.88248
12139,304.23032
12140,526.188
12141,188.6904
12142,278.00177
12143,249.6139
12144,703.3718
12145,260.99454
12146,198.88759
12147,237.53386
12148,2.2437234
12149,238.12004
12150,248.646
12151,164.72319
12152,608.6334
12153,216.67137
12154,214.50356
12155,295.26205
12156,453.32565
12157,268.7237
12158,813.92303
12159,2.1096148
12160,279.77484
12161,266.70343
12162,635.83435
12163,189.7554
12164,200.98738
12165,251.34254
12166,569.46515
12167,291.693
12168,314.3775
12169,273.0296
12170,342.7547
12171,56.050003
12172,54.88212
12173,143.4763
12174,197.23555
12175,384.65768
12176,651.7015
12177,194.10847
12178,314.90094
12179,201.98355
12180,820.12256
12181,2.363015
12182,17.15209
12183,168.07523
12184,293.99017
12185,148.03436
12186,244.36664
12187,321.54196
12188,311.06155
12189,329.49927
12190,365.84164
12191,240.53372
12192,159.12097
12193,283.2563
12194,283.20953
12195,324.00278
12196,403.80118
12197,174.4399
12198,207.9695
12199,190.63962
12200,244.21584
12201,145.23286
12202,210.66592
12203,262.32172
12204,638.0399
12205,286.4586
12206,196.0661
12207,268.3146
12208,941.69403
12209,6.269375
12210,216.67479
12211,331.77594
12212,900.17584
12213,7.2660704
12214,48.754597
12215,289.04376
12216,225.1639
12217,238.16629
12218,840.90845
12219,230.6214
12220,3.1326165
12221,3.1326165
12222,271.15533
12223,304.5894
12224,255.61153
12225,294.1122
12226,691.7818
12227,243.1525
12228,238.94766
12229,3.0692308
12230,337.53925
12231,220.99593
12232,272.39224
12233,2.0918403
12234,150.05302
12235,205.64285
12236,251.91531
12237,194.48099
12238,262.1312
12239,191.3522
12240,295.0321
12241,204.63112
12242,371.79828
12243,246.45929
12244,153.83746
12245,309.7759
12246,310.457
12247,118.14255
12248,209.29985
12249,232.35728
12250,344.18927
12251,230.5408
12252,248.55649
12253,306.8935
12254,658.2108
12255,274.60663
12256,170.7145
12257,234.66594
12258,822.14575
12259,216.60594
12260,265.22943
12261,282.70917
12262,255.77454
12263,231.37749
12264,611.24615
12265,285.04346
12266,226.06824
12267,186.48163
12268,219.1281
12269,260.8054
12270,339.01633
12271,46.62979
12272,274.0697
12273,262.76248
12274,653.5289
12275,239.10951
12276,326.35138
12277,256.74088
12278,284.73123
12279,254.71552
12280,359.76642
12281,2.2437024
12282,90.555695
12283,3.0088863
12284,224.65149
12285,168.8901
12286,210.4431
12287,296.7129
12288,298.92435
12289,197.98851
12290,244.1286
12291,2.2437239
12292,203.40656
12293,238.19794
12294,287.55222
12295,73.170006
12296,2.9655914
12297,216.53537
12298,245.9946
12299,287.16193
12300,292.6354
12301,76.12242
12302,252.42233
12303,281.19977
12304,479.55194
12305,2.0918393
12306,166.58472
12307,297.84705
12308,462.1342
12309,125.742966
12310,68.061424
12311,151.49928
12312,263.57367
12313,314.41504
12314,217.1206
12315,290.02414
12316,542.4292
12317,258.6528
12318,1008.8301
12319,176.85606
12320,291.92007
12321,172.24898
12322,799.42303
12323,265.23444
12324,190.08379
12325,186.6905
12326,254.88234
12327,299.2285
12328,717.78577
12329,177.53787
12330,247.14749
12331,207.54268
12332,753.2811
12333,46.86472
12334,204.24545
12335,343.15106
12336,850.21375
12337,2.4465258
12338,16.063158
12339,259.79175
12340,264.6968
12341,240.8005
12342,578.8821
12343,146.97903
12344,197.6131
12345,201.48822
12346,250.90779
12347,232.34761
12348,298.9805
12349,312.77042
12350,324.8136
12351,140.0465
12352,270.9201
12353,366.9068
12354,784.34174
12355,101.16285
12356,30.05757
12357,285.34793
12358,295.84338
12359,140.84537
12360,702.7013
12361,235.74005
12362,43.32597
12363,276.68182
12364,167.8469
12365,366.0231
12366,588.4731
12367,207.52087
12368,310.88422
12369,216.88641
12370,182.61046
12371,285.24094
12372,232.4412
12373,314.65714
12374,687.06274
12375,141.36417
12376,2.1909866
12377,281.75403
12378,265.39343
12379,182.79025
12380,292.92175
12381,128.36809
12382,203.92969
12383,246.45558
12384,588.44257
12385,205.71054
12386,287.21918
12387,162.61449
12388,542.9986
12389,222.80289
12390,259.51624
12391,2.1641111
12392,153.6016
12393,183.91292
12394,244.84862
12395,151.73155
12396,9.817445
12397,278.03525
12398,201.6759
12399,272.9039
12400,217.62274
12401,210.44978
12402,143.28433
12403,237.56046
12404,292.5848
12405,185.90192
12406,546.05176
12407,180.70726
12408,163.2347
12409,193.40115
12410,169.07458
12411,135.60674
12412,306.38693
12413,219.3241
12414,193.13876
12415,118.36626
12416,644.23773
12417,195.7201
12418,314.0322
12419,294.1259
12420,2.0916963
12421,21.764208
12422,245.02927
12423,283.92343
12424,379.22922
12425,344.098
12426,305.83115
12427,219.91386
12428,202.5983
12429,256.831
12430,641.5737
12431,310.37796
12432,335.32504
12433,211.17265
12434,239.95418
12435,250.27203
12436,888.6801
12437,54.905148
12438,261.95743
12439,240.05528
12440,229.35635
12441,294.25082
12442,166.5583
12443,287.6102
12444,501.36172
12445,215.30861
12446,307.8699
12447,147.8586
12448,243.59799
12449,301.79813
12450,694.73004
12451,20.10475
12452,54.337753
12453,194.26666
12454,138.4195
12455,308.13977
12456,185.5798
12457,193.42932
12458,295.4899
12459,237.04764
12460,1066.119
12461,258.63687
12462,322.45752
12463,229.63164
12464,413.78348
12465,198.57762
12466,244.99956
12467,305.3225
12468,521.7022
12469,218.97083
12470,271.64166
12471,5.5216055
12472,234.79736
12473,2.2625353
12474,189.23888
12475,38.29503
12476,757.81995
12477,310.6959
12478,227.41084
12479,162.37932
12480,203.62836
12481,2.0918393
12482,189.15096
12483,2.304001
12484,230.3108
12485,271.7581
12486,622.932
12487,322.11877
12488,288.9093
12489,317.3805
12490,632.5423
12491,217.27327
12492,261.92026
12493,278.081
12494,198.5513
12495,144.23755
12496,295.29572
12497,288.19763
12498,482.1009
12499,262.85767
12500,308.52676
12501,221.89645
12502,635.70526
12503,285.8098
12504,374.60373
12505,278.0822
12506,673.893
12507,166.47714
12508,248.16187
12509,290.62912
12510,261.41956
12511,2.0918398
12512,292.61182
12513,319.0812
12514,991.96515
12515,2.088703
12516,2.0909343
12517,2.0909343
12518,302.7396
12519,323.7784
12520,3.2458112
12521,313.7619
12522,740.1609
12523,2.1166275
12524,2.0918398
12525,2.0918398
12526,304.17468
12527,259.10242
12528,287.2553
12529,260.08038
12530,821.788
12531,255.50789
12532,258.51636
12533,280.51138
12534,323.15448
12535,331.43817
12536,370.11008
12537,229.6033
12538,250.16273
12539,206.28537
12540,321.86514
12541,188.66693
12542,242.19417
12543,310.8121
12544,235.56982
12545,256.20926
12546,605.3467
12547,267.23306
12548,221.14941
12549,342.35086
12550,656.60834
12551,168.73056
12552,48.532
12553,2.0918393
12554,234.44525
12555,238.93195
12556,255.33434
12557,3.0451396
12558,147.89557
12559,261.8467
12560,325.24237
12561,330.6901
12562,785.3221
12563,292.05545
12564,310.17352
12565,230.627
12566,594.38855
12567,269.42023
12568,287.13272
12569,223.14958
12570,616.25684
12571,210.97357
12572,341.11914
12573,234.83409
12574,278.0557
12575,335.92447
12576,235.5773
12577,264.1905
12578,302.13937
12579,301.00458
12580,889.3282
12581,253.53961
12582,274.81458
12583,10.401289
12584,262.98322
12585,307.52158
12586,975.1734
12587,227.88324
12588,245.47267
12589,229.24576
12590,205.94962
12591,11.175341
12592,217.13069
12593,280.74408
12594,293.16574
12595,2.4295921
12596,2.517187
12597,196.16205
12598,241.96162
12599,271.73535
12600,262.4869
12601,317.7765
12602,513.6271
12603,184.8315
12604,274.2802
12605,2.0980723
12606,233.91595
12607,293.18552
12608,253.7011
12609,287.56284
12610,988.6012
12611,272.15033
12612,151.73941
12613,208.81851
12614,301.73328
12615,268.2214
12616,648.326
12617,2.0940237
12618,124.46125
12619,337.72253
12620,615.788
12621,183.14665
12622,237.9378
12623,237.31679
12624,258.93582
12625,254.54626
12626,861.8819
12627,265.39154
12628,588.31366
12629,255.15698
12630,241.60696
12631,205.27272
12632,936.2115
12633,2.1120467
12634,197.81813
12635,356.87955
12636,636.9067
12637,2.0918403
12638,2.0918403
12639,280.85397
12640,278.6232
12641,210.35364
12642,225.1804
12643,18.220493
12644,249.36665
12645,325.17368
12646,259.23193
12647,273.30396
12648,831.6675
12649,200.19786
12650,308.20935
12651,164.2833
12652,569.6242
12653,203.45978
12654,207.52579
12655,2.7120645
12656,289.98312
12657,152.55139
12658,250.98042
12659,249.914
12660,610.4833
12661,8.391018
12662,182.97235
12663,272.4965
12664,826.8902
12665,316.30923
12666,245.89157
12667,2.089686
12668,208.13213
12669,88.494644
12670,247.2429
12671,228.83658
12672,624.9396
12673,38.995968
12674,190.64882
12675,267.89062
12676,320.53873
12677,2.0910435
12678,252.89948
12679,330.30554
12680,826.85895
12681,2.6895638
12682,2.0910435
12683,326.1488
12684,301.36676
12685,3.094458
12686,712.3441
12687,293.47025
12688,305.61768
12689,309.6418
12690,1000.57745
12691,0.9390241
12692,301.82657
12693,255.58131
12694,306.4381
12695,211.19911
12696,561.80927
12697,2.0904152
12698,66.428116
12699,112.64778
12700,98.45755
12701,348.96146
12702,325.59097
12703,250.52037
12704,776.21466
12705,8.047228
12706,2.0904152
12707,291.28778
12708,174.18588
12709,312.12418
12710,187.79659
12711,134.94753
12712,179.69408
12713,14.685548
12714,281.31137
12715,255.05293
12716,681.9344
12717,214.72723
12718,278.1932
12719,310.6857
12720,504.22824
12721,317.7159
12722,338.32275
12723,301.56055
12724,879.6042
12725,15.334082
12726,3.7078738
12727,3.7078738
12728,309.4615
12729,297.93796
12730,268.72665
12731,423.94806
12732,353.09576
12733,12.552984
12734,13.536259
12735,162.88725
12736,328.423
12737,190.63794
12738,144.82198
12739,240.27892
12740,287.90625
12741,2.0918398
12742,330.079
12743,359.31467
12744,866.687
12745,55.657055
12746,307.09656
12747,296.6242
12748,760.3478
12749,289.07977
12750,260.74048
12751,2.0918915
12752,336.41452
12753,325.17386
12754,844.28174
12755,320.369
12756,608.81824
12757,223.42351
12758,260.7788
12759,334.43582
12760,867.67285
12761,233.47269
12762,219.52066
12763,349.69046
12764,1045.9312
12765,4.073721
12766,4.0568023
12767,4.073721
12768,324.22147
12769,219.86816
12770,208.9991
12771,328.16193
12772,507.74976
12773,54.744823
12774,334.60727
12775,262.63626
12776,786.26056
12777,317.84848
12778,259.78592
12779,226.26503
12780,173.80104
12781,173.21082
12782,297.01315
12783,15.762854
12784,84.80028
12785,2.098024
12786,2.1048052
12787,266.29498
12788,106.65318
12789,247.17067
12790,305.33206
12791,176.69514
12792,320.16415
12793,8.791497
12794,11.470286
12795,287.9046
12796,223.13423
12797,280.95523
12798,309.24164
12799,163.0988
12800,205.24997
12801,279.48608
12802,600.43475
12803,102.3047
12804,230.08763
12805,170.49287
12806,617.22064
12807,159.31122
12808,271.82187
12809,251.46338
12810,251.36444
12811,254.88179
12812,622.13794
12813,106.409615
12814,297.13763
12815,221.93129
12816,501.39017
12817,261.8151
12818,196.67287
12819,131.32999
12820,236.32506
12821,296.62054
12822,642.0152
12823,2.3380013
12824,14.849479
12825,317.34027
12826,2.6892397
12827,282.02765
12828,575.9381
12829,298.33328
12830,208.23781
12831,175.29639
12832,344.5701
12833,2.0918393
12834,271.17365
12835,307.97968
12836,364.57275
12837,197.85788
12838,235.01285
12839,185.1359
12840,109.20361
12841,223.64742
12842,765.14404
12843,266.1219
12844,297.273
12845,297.40668
12846,221.56117
12847,277.5007
12848,500.1425
12849,206.9366
12850,285.56406
12851,297.84354
12852,729.42303
12853,54.781357
12854,196.94563
12855,313.1494
12856,732.5329
12857,123.57254
12858,399.63513
12859,297.15216
12860,328.8051
12861,268.50842
12862,176.20857
12863,271.60034
12864,925.2174
12865,238.60046
12866,286.90213
12867,81.284065
12868,283.4056
12869,202.68053
12870,265.5379
12871,298.21405
12872,634.15234
12873,130.69395
12874,191.17459
12875,332.721
12876,809.31683
12877,2.0829606
12878,235.64629
12879,246.61191
12880,263.14835
12881,300.87936
12882,245.26442
12883,262.0217
12884,663.973
12885,275.4312
12886,213.58847
12887,293.51382
12888,631.54803
12889,2.1795306
12890,239.74615
12891,168.066
12892,290.428
12893,8.660876
12894,173.76056
12895,323.60422
12896,801.21136
12897,256.42203
12898,150.61148
12899,11.645289
12900,213.89258
12901,294.57095
12902,355.16754
12903,38.481552
12904,187.232
12905,246.59253
12906,301.27145
12907,354.34616
12908,416.74554
12909,132.39444
12910,384.30215
12911,236.02293
12912,267.03766
12913,168.9879
12914,224.8318
12915,203.96284
12916,477.6571
12917,142.49658
12918,233.79782
12919,2.1284142
12920,71.1
12921,275.6702
12922,214.30714
12923,315.88596
12924,622.9076
12925,276.5186
12926,295.73462
12927,146.40549
12928,927.1542
12929,189.11859
12930,2.1038198
12931,159.10016
12932,221.80385
12933,216.66718
12934,247.9384
12935,318.7228
12936,2.7711809
12937,25.332129
12938,288.0945
12939,263.91348
12940,193.22841
12941,182.12799
12942,282.27667
12943,271.89346
12944,165.62787
12945,2.7711809
12946,273.26346
12947,313.4197
12948,285.60107
12949,211.11745
12950,242.097
12951,224.25203
12952,2.1218572
12953,198.39561
12954,295.1662
12955,231.32175
12956,282.55173
12957,247.6596
12958,602.70886
12959,187.85428
12960,207.54335
12961,2.4998028
12962,175.47896
12963,276.49374
12964,240.21178
12965,301.32562
12966,737.6472
12967,175.48993
12968,292.5926
12969,241.00356
12970,1018.1999
12971,2.456692
12972,259.24927
12973,411.96378
12974,17.979973
12975,229.81013
12976,140.7557
12977,303.08173
12978,358.79694
12979,170.2274
12980,265.508
12981,159.75943
12982,1165.1254
12983,163.81241
12984,282.63657
12985,211.64362
12986,279.55743
12987,285.61945
12988,628.105
12989,2.0918403
12990,18.736217
12991,2.0918403
12992,15.626434
12993,7.938031
12994,205.36913
12995,118.64957
12996,257.98495
12997,279.40378
12998,226.32405
12999,313.05954
13000,836.84216
13001,2.0933843
13002,2.0918403
13003,48.111008
13004,2.746254
13005,20.629776
13006,220.11261
13007,283.35657
13008,348.3733
13009,303.04547
13010,447.19986
13011,2.8794723
13012,4.0505276
13013,216.81071
13014,261.88947
13015,237.8565
13016,1169.1838
13017,271.289
13018,407.63556
13019,264.0017
13020,250.45389
13021,267.2104
13022,193.19888
13023,215.73207
13024,2.1276567
13025,258.14355
13026,284.54507
13027,225.9733
13028,581.99286
13029,250.51057
13030,573.0851
13031,203.25294
13032,233.51682
13033,272.0413
13034,478.50565
13035,246.9549
13036,957.2525
13037,295.71075
13038,2.164711
13039,225.21268
13040,305.5083
13041,250.6957
13042,407.74872
13043,265.53506
13044,321.94397
13045,231.33174
13046,156.65031
13047,198.06317
13048,167.09367
13049,172.1159
13050,242.42792
13051,262.86313
13052,220.55986
13053,2.216893
13054,259.90503
13055,234.03232
13056,471.65594
13057,212.5466
13058,243.11185
13059,297.74292
13060,754.68115
13061,63.006557
13062,44.24551
13063,277.21082
13064,194.2881
13065,201.0165
13066,731.4109
13067,314.87244
13068,211.07245
13069,182.50641
13070,899.6299
13071,16.238924
13072,219.86311
13073,278.12604
13074,315.17032
13075,252.6464
13076,2.0934472
13077,310.51642
13078,354.552
13079,367.1094
13080,835.383
13081,18.951117
13082,14.997991
13083,26.468815
13084,324.17902
13085,340.68155
13086,275.4311
13087,299.7646
13088,555.66504
13089,2.700106
13090,339.14883
13091,347.92758
13092,505.86545
13093,245.88226
13094,391.8481
13095,174.41791
13096,118.5755
13097,317.56427
13098,489.3323
13099,13.573188
13100,197.68843
13101,313.15186
13102,1044.1041
13103,2.0949597
13104,307.23007
13105,315.5297
13106,404.09146
13107,171.88446
13108,277.91623
13109,464.35147
13110,763.78735
13111,123.78078
13112,141.22798
13113,45.316166
13114,69.08482
13115,13.968881
13116,13.705458
13117,157.47075
13118,162.7913
13119,292.8566
13120,311.33755
13121,295.87592
13122,602.0879
13123,230.32576
13124,302.36108
13125,270.57745
13126,505.29257
13127,307.61182
13128,411.04645
13129,205.61568
13130,273.71994
13131,286.68665
13132,196.65294
13133,230.80075
13134,300.52612
13135,203.2126
13136,2.0918608
13137,8.533285
13138,196.93152
13139,236.68092
13140,329.28128
13141,158.96672
13142,186.86748
13143,254.42015
13144,821.0146
13145,285.6438
13146,341.2359
13147,256.90845
13148,713.8653
13149,2.4691572
13150,255.34709
13151,221.08096
13152,310.55408
13153,306.02603
13154,707.2428
13155,67.65338
13156,12.7453575
13157,232.83447
13158,203.26733
13159,377.29318
13160,169.80122
13161,283.89944
13162,241.30727
13163,2.0918608
13164,204.86662
13165,2.5067048
13166,223.70976
13167,224.55586
13168,273.19232
13169,111.523254
13170,263.36536
13171,233.71114
13172,258.1164
13173,271.72476
13174,240.60826
13175,2.1014872
13176,2.0918608
13177,2.0918608
13178,168.6852
13179,178.48962
13180,301.29163
13181,209.3884
13182,79.60822
13183,249.08708
13184,513.99817
13185,254.92491
13186,326.48883
13187,308.03552
13188,948.5419
13189,67.30919
13190,123.6517
13191,219.43956
13192,258.91873
13193,177.25626
13194,791.4914
13195,2.145504
13196,101.464005
13197,51.187363
13198,229.79556
13199,155.21803
13200,292.4449
13201,250.46228
13202,272.08392
13203,2.1411102
13204,209.2146
13205,338.1163
13206,627.6419
13207,213.78528
13208,263.0638
13209,232.63693
13210,603.0567
13211,304.5397
13212,200.53673
13213,323.45944
13214,632.69275
13215,259.84222
13216,317.5295
13217,183.61432
13218,271.52307
13219,296.5964
13220,304.5618
13221,280.39365
13222,187.9484
13223,268.59167
13224,244.62366
13225,284.72546
13226,259.172
13227,131.6503
13228,985.8296
13229,30.238424
13230,296.07083
13231,372.17203
13232,519.88806
13233,235.34018
13234,315.58002
13235,159.31165
13236,81.995804
13237,290.0399
13238,242.5483
13239,194.1327
13240,261.69608
13241,275.13818
13242,292.32166
13243,94.38757
13244,387.8426
13245,247.34697
13246,1094.7238
13247,17.868507
13248,14.279625
13249,65.39877
13250,340.25818
13251,196.18697
13252,273.96506
13253,65.40758
13254,361.8803
13255,188.7059
13256,225.37874
13257,235.36005
13258,313.47455
13259,26.421064
13260,196.0193
13261,13.601709
13262,296.78125
13263,240.53407
13264,314.87344
13265,276.9261
13266,539.2071
13267,181.91919
13268,200.75575
13269,220.43617
13270,566.09076
13271,2.6656027
13272,277.04706
13273,340.59027
13274,499.14877
13275,265.374
13276,260.37167
13277,306.03812
13278,315.26035
13279,211.6992
13280,302.94843
13281,118.52474
13282,303.33032
13283,145.78035
13284,101.54725
13285,264.0069
13286,180.26355
13287,2.2530918
13288,2.2530704
13289,270.38376
13290,164.09343
13291,234.19553
13292,319.48822
13293,347.6229
13294,538.6572
13295,45.759785
13296,83.073395
13297,58.459858
13298,12.164857
13299,2.2964659
13300,284.3096
13301,311.93027
13302,54.98541
13303,315.71933
13304,294.99292
13305,37.928288
13306,2.289399
13307,243.37744
13308,250.89977
13309,329.50177
13310,618.72784
13311,161.49962
13312,200.83644
13313,269.5318
13314,790.98724
13315,119.666885
13316,66.32341
13317,321.33997
13318,290.12997
13319,301.89157
13320,336.08856
13321,336.61746
13322,908.56604
13323,129.49342
13324,282.33945
13325,312.87778
13326,845.79535
13327,2.0918925
13328,212.24078
13329,160.6965
13330,287.01944
13331,149.69887
13332,306.33392
13333,10.883885
13334,13.655739
13335,224.4278
13336,2.0918403
13337,220.48778
13338,168.01283
13339,190.73953
13340,122.27519
13341,228.79749
13342,191.25545
13343,214.79584
13344,146.99968
13345,193.70026
13346,122.93526
13347,285.10745
13348,238.288
13349,187.5556
13350,391.35114
13351,286.33508
13352,815.04083
13353,238.25668
13354,321.19568
13355,249.37375
13356,724.0046
13357,205.42024
13358,271.6025
13359,257.47995
13360,1126.8503
13361,52.21262
13362,212.3567
13363,310.87247
13364,648.7079
13365,167.08987
13366,297.02747
13367,259.95135
13368,708.7898
13369,173.98198
13370,328.9149
13371,323.2247
13372,994.0972
13373,127.93405
13374,145.34386
13375,300.54282
13376,213.0428
13377,262.54617
13378,753.09973
13379,2.0918398
13380,13.463971
13381,270.75305
13382,124.77294
13383,298.7781
13384,615.20514
13385,271.85648
13386,240.83379
13387,161.26167
13388,261.69223
13389,215.57956
13390,234.80182
13391,2.374312
13392,244.35762
13393,98.81549
13394,197.93073
13395,191.58032
13396,367.51624
13397,320.12695
13398,754.3085
13399,2.8641977
13400,-4.0830398
13401,212.87741
13402,331.4705
13403,261.2371
13404,977.77094
13405,123.846245
13406,288.31833
13407,242.05203
13408,317.83878
13409,313.1789
13410,655.9035
13411,2.087969
13412,287.83612
13413,98.10777
13414,606.6881
13415,286.19904
13416,421.28702
13417,286.19904
13418,487.91675
13419,89.802505
13420,249.16177
13421,187.47928
13422,660.6109
13423,2.106773
13424,263.60104
13425,287.05612
13426,391.52136
13427,5.0654063
13428,320.69388
13429,340.61514
13430,331.6055
13431,2.106825
13432,314.84824
13433,297.6725
13434,859.0273
13435,197.64555
13436,233.22324
13437,333.38214
13438,709.5444
13439,2.0921788
13440,258.44437
13441,340.7513
13442,254.75494
13443,21.453997
13444,346.2543
13445,290.0366
13446,570.8
13447,2.6752808
13448,167.35596
13449,163.4291
13450,200.05174
13451,278.1917
13452,160.19461
13453,160.00537
13454,301.48785
13455,2.2253242
13456,2.2137022
13457,211.3604
13458,335.87003
13459,168.362
13460,294.25006
13461,271.32162
13462,222.1678
13463,268.53055
13464,605.82434
13465,236.20001
13466,268.5375
13467,282.90402
13468,870.08405
13469,2.7386088
13470,280.39438
13471,170.39037
13472,1030.7922
13473,17.771177
13474,259.94272
13475,267.7403
13476,212.34624
13477,199.21902
13478,621.1597
13479,295.8029
13480,281.27493
13481,2.1165693
13482,65.05749
13483,2.949951
13484,238.07918
13485,244.96019
13486,261.31042
13487,297.4307
13488,984.1084
13489,110.89595
13490,2.1096363
13491,9.338585
13492,266.6565
13493,3.0804574
13494,274.84024
13495,308.9642
13496,900.7848
13497,131.61917
13498,172.47783
13499,94.37649
13500,238.69365
13501,265.2911
13502,174.70515
13503,302.10324
13504,484.3788
13505,141.59906
13506,431.7382
13507,111.63915
13508,99.361084
13509,2.1096363
13510,2.1096148
13511,193.13104
13512,234.2344
13513,330.7911
13514,242.20041
13515,260.22165
13516,309.23828
13517,220.24644
13518,278.84387
13519,282.92682
13520,202.25652
13521,100.385216
13522,323.50244
13523,234.1097
13524,1035.3033
13525,2.0919127
13526,2.8143394
13527,2.0919127
13528,111.81784
13529,147.01666
13530,394.51514
13531,290.50458
13532,210.8044
13533,235.07686
13534,780.46246
13535,247.77007
13536,302.5508
13537,273.9716
13538,248.02998
13539,101.68309
13540,597.8627
13541,236.72961
13542,191.30582
13543,230.13617
13544,206.97746
13545,291.3755
13546,665.3645
13547,248.00185
13548,290.44238
13549,332.63556
13550,989.3763
13551,200.98965
13552,301.4968
13553,324.65982
13554,238.66583
13555,2.112099
13556,296.73755
13557,339.2398
13558,628.74365
13559,3.0054731
13560,344.9164
13561,327.79367
13562,754.1433
13563,200.6053
13564,186.08592
13565,308.5127
13566,854.371
13567,165.756
13568,2.1099563
13569,281.45578
13570,250.06972
13571,354.27612
13572,775.97186
13573,261.2649
13574,351.49054
13575,216.31741
13576,173.38081
13577,332.93933
13578,326.94943
13579,256.21002
13580,189.69989
13581,314.94583
13582,625.0219
13583,188.76045
13584,289.43478
13585,146.56729
13586,2.284921
13587,270.4144
13588,558.6624
13589,253.19844
13590,250.04555
13591,308.58026
13592,387.2868
13593,2.19435
13594,237.14268
13595,255.62234
13596,554.4407
13597,224.50063
13598,344.82
13599,303.516
13600,423.91443
13601,277.47824
13602,259.9456
13603,2.084797
13604,283.89337
13605,220.20108
13606,290.47165
13607,275.7967
13608,293.42172
13609,198.15344
13610,507.95145
13611,279.9092
13612,192.984
13613,259.48145
13614,304.02753
13615,7.27942
13616,444.0688
13617,265.52686
13618,366.094
13619,141.12302
13620,469.73718
13621,138.2691
13622,208.03575
13623,250.25243
13624,613.8594
13625,281.9558
13626,195.18625
13627,206.85046
13628,217.72757
13629,289.5972
13630,299.56027
13631,252.00032
13632,311.19125
13633,306.9253
13634,499.48987
13635,289.55865
13636,237.61317
13637,272.6094
13638,651.73114
13639,280.36844
13640,237.15782
13641,230.71468
13642,132.03922
13643,202.69829
13644,108.82177
13645,198.80109
13646,853.75824
13647,85.442894
13648,306.84015
13649,327.8088
13650,618.54333
13651,2.0830374
13652,291.21378
13653,304.30878
13654,679.6672
13655,2.0940242
13656,284.7023
13657,175.9058
13658,674.38715
13659,2.2512836
13660,161.08485
13661,244.97939
13662,194.62227
13663,223.58653
13664,450.3778
13665,146.05261
13666,257.3834
13667,95.21802
13668,633.9651
13669,2.091892
13670,241.65631
13671,267.48227
13672,480.31516
13673,275.3427
13674,301.82306
13675,312.99387
13676,747.03125
13677,175.10986
13678,313.05978
13679,313.45056
13680,744.4728
13681,197.4918
13682,309.54813
13683,145.97147
13684,487.30322
13685,239.47485
13686,329.51483
13687,276.34464
13688,919.242
13689,9.223047
13690,273.4952
13691,251.54547
13692,3.0991504
13693,295.52875
13694,792.3081
13695,47.477734
13696,219.64742
13697,91.562706
13698,2.0918403
13699,5.875601
13700,209.95372
13701,232.22473
13702,199.59947
13703,239.27084
13704,365.05734
13705,2.1296906
13706,288.02496
13707,300.16525
13708,921.8221
13709,2.1238375
13710,281.58035
13711,290.03964
13712,982.9991
13713,2.091892
13714,188.9596
13715,3.0410285
13716,843.0298
13717,395.99188
13718,417.07828
13719,260.67368
13720,325.5881
13721,254.0403
13722,954.6775
13723,238.36191
13724,183.93588
13725,273.73105
13726,899.5788
13727,2.091211
13728,276.99484
13729,253.86293
13730,361.23264
13731,167.24757
13732,362.5765
13733,207.98569
13734,267.46277
13735,91.50356
13736,444.95782
13737,198.40323
13738,270.22235
13739,300.2128
13740,234.74875
13741,196.74918
13742,392.61188
13743,217.69382
13744,235.96997
13745,222.46962
13746,313.41013
13747,208.58478
13748,771.3072
13749,216.39891
13750,257.14545
13751,312.91675
13752,748.9411
13753,286.7495
13754,339.09433
13755,174.94968
13756,226.07953
13757,254.94624
13758,370.73694
13759,304.49243
13760,262.11554
13761,293.20847
13762,500.20877
13763,288.7365
13764,832.7338
13765,279.41647
13766,93.91891
13767,274.10968
13768,702.7803
13769,259.34988
13770,294.9688
13771,228.7951
13772,188.7173
13773,292.44382
13774,195.25877
13775,194.40442
13776,379.9892
13777,53.79193
13778,156.54926
13779,149.58655
13780,481.49292
13781,2.091892
13782,183.25793
13783,288.4037
13784,603.3815
13785,212.84506
13786,2.2325764
13787,250.65057
13788,304.18375
13789,255.09851
13790,1266.975
13791,2.1787667
13792,469.52527
13793,204.89148
13794,665.62604
13795,1.4640427
13796,282.5399
13797,130.43787
13798,602.4065
13799,68.53842
13800,193.5611
13801,263.81485
13802,239.41438
13803,277.81647
13804,683.6131
13805,2.1551647
13806,274.85522
13807,234.25462
13808,705.2787
13809,2.0918398
13810,187.88454
13811,167.21054
13812,192.4002
13813,215.96404
13814,22.20059
13815,22.20059
13816,623.6141
13817,265.25827
13818,375.0269
13819,344.06802
13820,863.0878
13821,184.46608
13822,240.8519
13823,248.67638
13824,874.71704
13825,270.52255
13826,281.4022
13827,237.13385
13828,695.4033
13829,222.07108
13830,291.013
13831,276.83533
13832,819.4204
13833,106.26243
13834,302.3323
13835,342.83853
13836,929.39056
13837,309.29782
13838,427.53796
13839,266.13107
13840,944.55164
13841,164.20198
13842,208.0238
13843,277.01486
13844,167.53873
13845,227.62445
13846,95.11135
13847,192.98746
13848,240.85956
13849,201.03888
13850,321.88788
13851,283.13983
13852,308.2705
13853,199.32977
13854,197.37286
13855,290.19058
13856,866.82495
13857,363.08765
13858,190.78912
13859,132.79724
13860,332.1162
13861,283.79468
13862,213.80656
13863,185.86374
13864,724.31647
13865,196.6231
13866,163.45654
13867,179.07898
13868,223.5193
13869,262.226
13870,275.10065
13871,314.2825
13872,898.13055
13873,271.46494
13874,163.35054
13875,270.33725
13876,213.42639
13877,183.34196
13878,372.18106
13879,2.1189063
13880,167.07414
13881,2.328546
13882,192.54863
13883,121.61939
13884,212.67316
13885,166.46873
13886,325.79108
13887,2.4646342
13888,276.77072
13889,185.4975
13890,287.5804
13891,169.98233
13892,169.24454
13893,-0.6261358
13894,-0.5856914
13895,132.77716
13896,76.71694
13897,276.13962
13898,729.8945
13899,113.047585
13900,145.43765
13901,281.25717
13902,201.52168
13903,262.4548
13904,735.0588
13905,0.031165844
13906,278.5131
13907,275.30493
13908,646.99396
13909,135.60805
13910,184.44661
13911,256.34723
13912,705.8591
13913,222.01512
13914,283.3904
13915,313.5539
13916,618.43256
13917,34.527588
13918,199.84604
13919,172.78908
13920,199.07921
13921,268.56976
13922,469.5355
13923,2.0918398
13924,160.11824
13925,150.80049
13926,227.71284
13927,1.2403578
13928,284.21002
13929,283.68158
13930,916.1662
13931,1.0144451
13932,285.39304
13933,277.79883
13934,790.61194
13935,118.18338
13936,350.4605
13937,256.30588
13938,914.7027
13939,2.091892
13940,332.20758
13941,307.44678
13942,907.2158
13943,293.48212
13944,281.52637
13945,225.36246
13946,61.901176
13947,4.31366
13948,980.6313
13949,206.72896
13950,136.8975
13951,271.59006
13952,328.53024
13953,178.2843
13954,264.1632
13955,243.79964
13956,418.64645
13957,1.5822341
13958,287.25006
13959,332.80667
13960,935.42145
13961,35.35959
13962,320.6758
13963,261.66882
13964,397.88834
13965,12.113308
13966,188.36014
13967,184.81274
13968,204.58414
13969,179.42854
13970,286.24573
13971,273.19308
13972,681.94
13973,220.99078
13974,185.03111
13975,187.94025
13976,250.68065
13977,79.52062
13978,289.70352
13979,2.1411102
13980,163.23712
13981,130.35495
13982,166.1593
13983,249.1653
13984,936.1865
13985,2.0918608
13986,299.14105
13987,183.31609
13988,722.56647
13989,10.713279
13990,250.57329
13991,257.53656
13992,197.59314
13993,74.52847
13994,492.4666
13995,178.46486
13996,2.0918608
13997,182.03857
13998,65.09385
13999,204.01064
14000,197.78732
14001,283.52982
14002,601.13696
14003,118.87476
14004,201.17029
14005,300.70752
14006,237.00443
14007,258.04248
14008,971.79987
14009,5.490167
14010,9.374867
14011,2.2059822
14012,307.48856
14013,149.61461
14014,304.13226
14015,257.01334
14016,896.0636
14017,59.96113
14018,301.40695
14019,325.09204
14020,587.13824
14021,299.3003
14022,288.55573
14023,169.04892
14024,506.53497
14025,48.667736
14026,238.94016
14027,167.07224
14028,944.15204
14029,14.501362
14030,233.64622
14031,271.67413
14032,93.31999
14033,308.60593
14034,177.49179
14035,15.01722
14036,144.53946
14037,260.19656
14038,527.1204
14039,2.3188958
14040,266.60074
14041,243.60286
14042,703.3488
14043,260.0599
14044,181.71573
14045,259.9802
14046,727.10114
14047,217.50356
14048,263.90268
14049,199.66641
14050,410.43393
14051,2.0928452
14052,264.39453
14053,204.69437
14054,685.5186
14055,2.0928452
14056,261.05713
14057,123.51231
14058,368.8811
14059,2.0928667
14060,3.221886
14061,2.1276178
14062,177.63782
14063,213.90005
14064,149.86916
14065,518.12085
14066,205.95403
14067,2.0928452
14068,242.30183
14069,197.92365
14070,173.4924
14071,389.69006
14072,310.7118
14073,325.74826
14074,745.8345
14075,2.0928452
14076,174.4332
14077,0.4015896
14078,171.98631
14079,286.518
14080,314.20056
14081,386.2258
14082,619.8744
14083,2.9378142
14084,194.4171
14085,172.1728
14086,227.20334
14087,236.80414
14088,904.171
14089,285.71686
14090,243.62643
14091,249.15543
14092,304.37506
14093,266.1236
14094,491.68353
14095,2.1058
14096,2.1058
14097,177.73036
14098,128.16313
14099,291.2253
14100,481.52612
14101,2.1099348
14102,236.25072
14103,290.2793
14104,254.34004
14105,100.08822
14106,446.69952
14107,290.1833
14108,188.65208
14109,19.062492
14110,2.0940237
14111,220.2184
14112,287.14297
14113,233.30927
14114,204.75548
14115,241.31389
14116,327.52264
14117,269.54266
14118,520.98987
14119,2.0918403
14120,232.45381
14121,3.1462238
14122,768.15814
14123,2.0918403
14124,161.53708
14125,151.63797
14126,3.275246
14127,278.62488
14128,640.3924
14129,2.452034
14130,187.08247
14131,137.83263
14132,511.84464
14133,137.94044
14134,578.2654
14135,166.8669
14136,69.677246
14137,264.33777
14138,293.60675
14139,269.62424
14140,192.59155
14141,271.69522
14142,915.7558
14143,109.97708
14144,2.0918398
14145,216.83739
14146,244.19922
14147,253.07089
14148,369.36514
14149,318.53384
14150,348.368
14151,328.41415
14152,820.494
14153,218.46844
14154,313.20956
14155,270.78864
14156,233.9441
14157,2.789115
14158,275.36023
14159,302.22357
14160,322.33768
14161,5.087771
14162,193.25095
14163,262.67267
14164,679.9766
14165,304.15182
14166,263.50714
14167,248.74338
14168,245.22118
14169,270.404
14170,322.00305
14171,2.7661564
14172,322.12466
14173,373.33426
14174,872.23376
14175,214.23096
14176,207.44446
14177,294.73038
14178,334.43277
14179,268.55743
14180,695.49615
14181,204.45529
14182,375.03622
14183,198.14078
14184,618.15497
14185,280.27368
14186,280.39554
14187,310.68573
14188,627.6032
14189,161.28185
14190,271.9441
14191,353.95792
14192,727.58997
14193,240.89526
14194,266.83002
14195,253.13202
14196,579.1544
14197,161.41718
14198,189.90445
14199,216.11336
14200,274.0515
14201,2.4643958
14202,222.27756
14203,189.9779
14204,680.59344
14205,229.41182
14206,150.53844
14207,134.14697
14208,728.1496
14209,250.42839
14210,338.34326
14211,354.99002
14212,940.37726
14213,14.783443
14214,77.73115
14215,294.09274
14216,246.82706
14217,251.95183
14218,896.25195
14219,271.66547
14220,311.1765
14221,315.00934
14222,370.82495
14223,246.96298
14224,295.44556
14225,273.0763
14226,341.47604
14227,2.0918398
14228,309.32266
14229,111.05891
14230,183.84735
14231,2.0918398
14232,2.0918398
14233,2.0786183
14234,2.0918398
14235,322.3357
14236,114.68679
14237,115.68233
14238,2.7482116
14239,2.7692611
14240,877.7062
14241,250.81903
14242,195.02957
14243,204.23347
14244,363.13235
14245,152.14268
14246,210.23279
14247,2.1040723
14248,163.5238
14249,169.67725
14250,105.222404
14251,2.8645754
14252,315.49686
14253,164.7909
14254,569.39996
14255,2.1411097
14256,145.48428
14257,54.59261
14258,197.05731
14259,273.82858
14260,289.72592
14261,159.29918
14262,151.8658
14263,152.01784
14264,697.2661
14265,2.222743
14266,159.39243
14267,259.90512
14268,306.84442
14269,223.40501
14270,836.41614
14271,207.76958
14272,189.21782
14273,224.0377
14274,184.5581
14275,279.4211
14276,3.132323
14277,233.23068
14278,678.12244
14279,2.7079983
14280,165.28577
14281,249.36696
14282,209.04391
14283,254.99799
14284,248.92017
14285,164.11272
14286,239.78635
14287,246.83513
14288,214.01453
14289,193.4339
14290,188.39609
14291,270.73642
14292,226.09747
14293,317.06433
14294,729.96265
14295,266.7384
14296,295.5851
14297,172.36998
14298,220.16002
14299,177.26416
14300,6.187888
14301,177.18558
14302,274.5026
14303,123.00174
14304,171.63715
14305,282.072
14306,910.14136
14307,125.451866
14308,271.68127
14309,169.00713
14310,260.05347
14311,325.78537
14312,757.45013
14313,162.38408
14314,203.7841
14315,261.35306
14316,391.57
14317,7.2955074
14318,30.685246
14319,257.35422
14320,223.47202
14321,249.99776
14322,165.90416
14323,291.03128
14324,2.1165693
14325,314.9038
14326,334.80054
14327,372.26953
14328,760.43646
14329,240.71361
14330,32.215122
14331,326.25497
14332,240.6165
14333,269.59467
14334,431.6364
14335,220.40991
14336,312.98657
14337,348.8081
14338,432.4553
14339,13.536809
14340,202.93683
14341,163.14476
14342,288.83936
14343,198.65018
14344,206.50768
14345,279.8249
14346,5.3032403
14347,235.42924
14348,239.16225
14349,271.35468
14350,126.350426
14351,2.1611533
14352,2.1543932
14353,274.68777
14354,217.08774
14355,305.40286
14356,766.87036
14357,237.52437
14358,271.20224
14359,221.61273
14360,182.62726
14361,247.8844
14362,583.3522
14363,269.4664
14364,106.92944
14365,266.6799
14366,170.81201
14367,242.06468
14368,833.3752
14369,183.52864
14370,185.84291
14371,332.6834
14372,697.36896
14373,162.08607
14374,257.04333
14375,243.52805
14376,799.2504
14377,270.78366
14378,306.48245
14379,191.36862
14380,982.27155
14381,2.1236484
14382,202.46848
14383,268.5169
14384,784.7396
14385,297.40338
14386,432.78897
14387,2.0943074
14388,273.1835
14389,231.8016
14390,570.1447
14391,225.48422
14392,182.93057
14393,273.82724
14394,359.67624
14395,284.97418
14396,86.46176
14397,384.9547
14398,320.86066
14399,319.41382
14400,750.5003
14401,275.62662
14402,214.22519
14403,304.63647
14404,524.3601
14405,2.6452005
14406,2.3428445
14407,267.36633
14408,258.56522
14409,319.18802
14410,838.5959
14411,343.67715
14412,330.71652
14413,14.80506
14414,168.69426
14415,318.41098
14416,207.36703
14417,201.95564
14418,243.91179
14419,156.05115
14420,246.62602
14421,225.63928
14422,305.87357
14423,2.1576293
14424,134.75189
14425,363.48486
14426,395.55206
14427,266.30542
14428,325.526
14429,292.3631
14430,256.08487
14431,45.674446
14432,566.9541
14433,268.56668
14434,228.96376
14435,164.68895
14436,125.400375
14437,272.6569
14438,297.192
14439,250.90086
14440,399.29205
14441,266.3075
14442,262.1253
14443,173.35501
14444,332.4087
14445,200.3074
14446,227.78879
14447,225.99081
14448,257.93716
14449,284.85858
14450,461.48077
14451,279.30984
14452,204.99922
14453,278.15884
14454,751.3432
14455,275.0142
14456,127.92915
14457,261.3742
14458,123.94926
14459,235.76952
14460,751.5925
14461,230.62744
14462,199.94878
14463,253.55896
14464,267.8372
14465,216.13963
14466,286.38254
14467,233.14873
14468,216.36928
14469,192.86044
14470,238.59564
14471,216.79799
14472,500.58923
14473,181.66682
14474,191.53833
14475,118.81548
14476,613.013
14477,284.0273
14478,428.137
14479,2.239511
14480,3.1553955
14481,291.79315
14482,336.26877
14483,242.03632
14484,623.85834
14485,2.309778
14486,200.91025
14487,166.25732
14488,689.7314
14489,202.34946
14490,2.2285578
14491,2.1745346
14492,2.1745346
14493,187.06432
14494,2.440659
14495,2.3327186
14496,308.32812
14497,188.51389
14498,587.62054
14499,236.07893
14500,305.41394
14501,247.18173
14502,396.76898
14503,313.45566
14504,397.52307
14505,264.48676
14506,402.84045
14507,231.48875
14508,913.8507
14509,2.4310493
14510,302.44968
14511,311.58893
14512,360.62335
14513,257.72266
14514,657.98267
14515,310.75275
14516,241.082
14517,197.38145
14518,652.2103
14519,215.16556
14520,180.28809
14521,284.88202
14522,205.2586
14523,256.24188
14524,712.44226
14525,295.9696
14526,191.3783
14527,94.45997
14528,225.59474
14529,194.60066
14530,240.82635
14531,298.6175
14532,218.6351
14533,335.65778
14534,1066.927
14535,313.76837
14536,303.01645
14537,205.22667
14538,313.12573
14539,23.804237
14540,264.84457
14541,276.46594
14542,312.73465
14543,2.935956
14544,732.4036
14545,203.57433
14546,190.4303
14547,194.61905
14548,929.69617
14549,272.7577
14550,269.1467
14551,272.37042
14552,292.1359
14553,308.8265
14554,331.71075
14555,189.53006
14556,189.81985
14557,175.4461
14558,390.77057
14559,249.38242
14560,441.70508
14561,3.2760644
14562,3.3288298
14563,151.19681
14564,218.8774
14565,2.0918393
14566,260.16385
14567,220.41698
14568,238.5547
14569,291.0239
14570,162.85197
14571,324.92297
14572,288.4661
14573,2.0918393
14574,87.87323
14575,265.05164
14576,289.86343
14577,301.82675
14578,922.3177
14579,340.62292
14580,226.58055
14581,291.74936
14582,275.39215
14583,114.04148
14584,173.73453
14585,318.6396
14586,678.3027
14587,239.59
14588,247.88365
14589,227.80048
14590,285.2286
14591,2.1151297
14592,243.89406
14593,255.3067
14594,289.69333
14595,195.66324
14596,267.10327
14597,110.18948
14598,242.27701
14599,158.22334
14600,222.34
14601,188.17282
14602,183.81674
14603,176.06042
14604,490.34244
14605,174.26419
14606,65.73893
14607,204.994
14608,301.5691
14609,258.08228
14610,270.02893
14611,261.99854
14612,986.6001
14613,163.1675
14614,168.68343
14615,245.64252
14616,297.7008
14617,212.44757
14618,1001.4016
14619,2.088437
14620,216.74889
14621,263.61002
14622,152.22195
14623,312.5096
14624,234.1581
14625,294.1434
14626,354.3587
14627,227.21982
14628,237.4662
14629,347.54657
14630,446.80576
14631,218.75395
14632,389.13736
14633,91.087135
14634,271.2555
14635,3.2173977
14636,252.7618
14637,179.5085
14638,173.54095
14639,199.94746
14640,157.68883
14641,182.74077
14642,130.19409
14643,299.0943
14644,605.87976
14645,216.13177
14646,216.52975
14647,6.7125273
14648,203.69348
14649,266.60278
14650,377.14526
14651,301.08124
14652,759.34314
14653,228.02571
14654,284.94672
14655,288.9994
14656,845.31274
14657,260.51575
14658,306.93076
14659,201.89484
14660,616.6398
14661,233.23712
14662,165.97935
14663,214.91853
14664,196.39972
14665,2.0918398
14666,266.7313
14667,181.1366
14668,664.9079
14669,107.94842
14670,255.69327
14671,184.83563
14672,804.94293
14673,184.94241
14674,163.79079
14675,241.29556
14676,217.21289
14677,277.65475
14678,153.88365
14679,292.4205
14680,664.2815
14681,234.72018
14682,295.80936
14683,315.20752
14684,790.1351
14685,282.3274
14686,277.08594
14687,295.21896
14688,369.78882
14689,16.338448
14690,186.1789
14691,2.3255522
14692,192.95508
14693,334.31415
14694,262.29163
14695,3.2667696
14696,348.21277
14697,72.80874
14698,293.70285
14699,2.2662928
14700,197.66626
14701,331.92572
14702,229.87003
14703,262.617
14704,514.36975
14705,190.0271
14706,294.27673
14707,332.0711
14708,662.1216
14709,247.91432
14710,276.37396
14711,2.1576293
14712,328.97556
14713,171.36253
14714,680.8823
14715,165.39062
14716,230.89967
14717,257.77524
14718,349.0103
14719,255.81694
14720,274.29324
14721,288.67978
14722,627.98346
14723,273.36
14724,221.51913
14725,168.50443
14726,254.75491
14727,257.10266
14728,281.70712
14729,287.6908
14730,471.14417
14731,287.73126
14732,164.57591
14733,343.9114
14734,661.5722
14735,306.60672
14736,141.69379
14737,191.9032
14738,768.7266
14739,249.18222
14740,265.9468
14741,242.39624
14742,333.76938
14743,212.70956
14744,853.31866
14745,314.7195
14746,397.2384
14747,335.20633
14748,263.52628
14749,140.98274
14750,227.35109
14751,178.31776
14752,297.39774
14753,328.18585
14754,603.735
14755,276.1648
14756,194.69557
14757,308.02472
14758,915.732
14759,2.0922573
14760,2.0922573
14761,309.46396
14762,301.9934
14763,301.21298
14764,288.5754
14765,227.46477
14766,755.4244
14767,190.09581
14768,327.85394
14769,296.8706
14770,818.54974
14771,266.78867
14772,263.08954
14773,287.4183
14774,396.12946
14775,2.608114
14776,273.8855
14777,360.5976
14778,280.7966
14779,255.01866
14780,681.27057
14781,147.02943
14782,317.2208
14783,2.2599974
14784,167.95018
14785,313.3577
14786,390.31836
14787,322.344
14788,218.13931
14789,298.97064
14790,2.5634348
14791,287.53006
14792,333.60593
14793,331.50443
14794,13.362938
14795,276.71655
14796,292.70926
14797,55.832275
14798,881.5145
14799,272.3022
14800,335.41684
14801,14.683673
14802,143.19722
14803,300.7656
14804,653.6854
14805,146.96153
14806,254.43437
14807,478.99017
14808,891.7647
14809,2.091892
14810,314.98074
14811,172.786
14812,468.6302
14813,299.32224
14814,448.79395
14815,13.60709
14816,2.2296407
14817,204.93686
14818,439.0348
14819,302.54495
14820,310.8976
14821,168.99011
14822,825.1842
14823,257.31683
14824,353.8723
14825,173.33176
14826,360.95175
14827,14.168859
14828,124.18699
14829,220.37242
14830,282.09955
14831,205.7591
14832,775.3221
14833,265.25055
14834,320.09607
14835,123.87317
14836,279.71188
14837,433.95566
14838,306.35687
14839,2.1451318
14840,315.46838
14841,311.85214
14842,747.6839
14843,294.0605
14844,238.70126
14845,307.112
14846,345.72827
14847,206.06644
14848,357.00052
14849,310.9895
14850,599.88385
14851,286.32245
14852,241.49295
14853,271.59854
14854,248.38058
14855,160.11229
14856,573.14307
14857,2.091892
14858,12.563956
14859,263.51712
14860,209.45792
14861,279.84238
14862,367.14682
14863,279.132
14864,266.65994
14865,266.41467
14866,228.01045
14867,11.591039
14868,279.21387
14869,147.19456
14870,499.29532
14871,233.72379
14872,497.3195
14873,325.0401
14874,962.754
14875,290.8085
14876,276.1943
14877,221.986
14878,339.01068
14879,2.0918398
14880,289.51324
14881,169.06871
14882,214.97067
14883,362.63107
14884,672.4742
14885,2.3255522
14886,128.40935
14887,266.5494
14888,740.84534
14889,33.43599
14890,273.7352
14891,199.34427
14892,262.7523
14893,283.16666
14894,544.74524
14895,184.87762
14896,264.28683
14897,287.29288
14898,247.15063
14899,304.5958
14900,731.407
14901,251.08551
14902,295.3663
14903,295.49255
14904,625.7812
14905,2.1576293
14906,282.00034
14907,312.7413
14908,375.01337
14909,297.1421
14910,578.3858
14911,2.1899064
14912,201.8928
14913,311.2376
14914,549.8592
14915,211.91722
14916,178.65813
14917,152.16872
14918,636.70795
14919,181.13983
14920,250.88753
14921,625.65924
14922,227.39992
14923,186.08665
14924,174.52945
14925,271.98987
14926,320.9377
14927,256.67303
14928,641.3616
14929,254.01189
14930,165.36777
14931,250.09134
14932,805.6986
14933,293.77115
14934,302.1574
14935,158.32317
14936,165.1849
14937,208.17323
14938,93.52371
14939,317.70486
14940,491.2372
14941,2.2336707
14942,107.47469
14943,197.2202
14944,784.1484
14945,238.80173
14946,281.38126
14947,163.76103
14948,663.4886
14949,2.551069
14950,247.55305
14951,262.7524
14952,593.74744
14953,251.29396
14954,115.05744
14955,144.53624
14956,669.66113
14957,287.19412
14958,274.32123
14959,282.24118
14960,511.77557
14961,202.31322
14962,228.33858
14963,198.64569
14964,687.73035
14965,46.29955
14966,2.091892
14967,192.48166
14968,208.85664
14969,286.21014
14970,164.56566
14971,89.03666
14972,748.96716
14973,212.2148
14974,225.27362
14975,244.87611
14976,287.87653
14977,152.05197
14978,774.0621
14979,201.38759
14980,164.11612
14981,314.0007
14982,685.41205
14983,2.0918398
14984,-1.8394061
14985,46.92423
14986,218.12395
14987,173.43564
14988,239.43036
14989,267.55518
14990,501.53235
14991,85.93428
14992,163.25047
14993,7.235364
14994,8.874972
14995,208.16833
14996,248.6495
14997,291.6127
14998,628.8797
14999,372.01685
15000,281.51907
15001,171.44823
15002,289.84622
15003,480.0344
15004,290.3244
15005,313.75943
15006,477.41397
15007,47.864563
15008,136.22507
15009,262.2839
15010,315.39838
15011,271.08105
15012,331.85535
15013,2.0918393
15014,1.6546799
15015,56.81895
15016,44.879017
15017,204.56714
15018,292.27707
15019,77.10123
15020,228.83636
15021,322.4448
15022,562.11566
15023,2.0918393
15024,234.90982
15025,2.6501443
15026,302.14767
15027,169.56856
15028,238.89827
15029,266.12384
15030,314.20917
15031,312.5029
15032,809.6272
15033,180.48401
15034,18.661581
15035,287.80914
15036,301.1693
15037,275.07242
15038,749.83875
15039,256.0344
15040,331.20154
15041,270.4909
15042,254.93361
15043,200.95149
15044,309.71048
15045,242.78151
15046,317.2353
15047,154.40977
15048,205.78629
15049,71.81717
15050,2.157619
15051,93.7743
15052,145.07495
15053,225.03374
15054,290.94284
15055,137.77994
15056,264.0706
15057,196.48149
15058,304.23016
15059,211.47833
15060,491.73102
15061,207.83209
15062,127.20248
15063,171.46455
15064,156.99983
15065,280.0353
15066,689.60394
15067,224.53577
15068,292.70825
15069,277.1212
15070,336.2956
15071,146.19424
15072,201.49046
15073,223.1978
15074,331.3357
15075,2.0918608
15076,215.70168
15077,374.2962
15078,753.1425
15079,265.58392
15080,421.6715
15081,223.84747
15082,234.43233
15083,256.87772
15084,225.48132
15085,241.10939
15086,351.5391
15087,159.89426
15088,280.0489
15089,304.6852
15090,678.61066
15091,256.55914
15092,191.16475
15093,172.86652
15094,236.58336
15095,263.33206
15096,311.38574
15097,297.03403
15098,799.91327
15099,80.331345
15100,16.574272
15101,183.69583
15102,164.22289
15103,307.543
15104,248.73618
15105,319.91306
15106,247.94067
15107,218.91724
15108,1000.7763
15109,172.70905
15110,108.286804
15111,203.63658
15112,343.23602
15113,230.0117
15114,773.7475
15115,61.82183
15116,102.94631
15117,167.12622
15118,216.6472
15119,210.63803
15120,256.47836
15121,256.40103
15122,683.97614
15123,2.3893583
15124,256.19543
15125,228.65767
15126,830.2211
15127,43.23516
15128,2.1204348
15129,265.0158
15130,182.97589
15131,211.48936
15132,264.22812
15133,4.177856
15134,733.24054
15135,204.49957
15136,237.04112
15137,294.72815
15138,283.83786
15139,271.4366
15140,640.00714
15141,272.26477
15142,380.95428
15143,113.303116
15144,241.48996
15145,302.85117
15146,133.8434
15147,175.31624
15148,536.8557
15149,2.9064212
15150,304.32486
15151,117.609375
15152,331.87546
15153,165.22069
15154,285.7766
15155,271.5335
15156,237.44914
15157,292.02234
15158,37.911392
15159,291.51556
15160,362.87225
15161,137.19066
15162,208.88779
15163,381.81525
15164,776.34454
15165,260.01373
15166,312.30676
15167,266.7935
15168,754.6316
15169,158.04442
15170,310.43423
15171,194.8672
15172,250.0823
15173,302.26004
15174,667.6914
15175,44.267773
15176,296.8244
15177,376.21417
15178,531.58777
15179,2.1938782
15180,194.11937
15181,180.71312
15182,230.60287
15183,269.4554
15184,967.07886
15185,210.16956
15186,2.8889477
15187,289.1672
15188,3.1811483
15189,270.18152
15190,630.77655
15191,181.01144
15192,164.59564
15193,194.79662
15194,488.2836
15195,5.883409
15196,195.20416
15197,303.64157
15198,583.5028
15199,259.16583
15200,255.3008
15201,252.54652
15202,977.3413
15203,179.86128
15204,166.23718
15205,367.01794
15206,147.05313
15207,206.40851
15208,563.82306
15209,254.49716
15210,226.36328
15211,291.72354
15212,627.96466
15213,38.791416
15214,259.85825
15215,214.08218
15216,1126.103
15217,62.092052
15218,233.32716
15219,280.9072
15220,285.89627
15221,272.9761
15222,844.7604
15223,242.14772
15224,264.3883
15225,4.966444
15226,834.90326
15227,3.701698
15228,289.1822
15229,302.09378
15230,761.10693
15231,68.80325
15232,278.6126
15233,219.6301
15234,482.77197
15235,181.42728
15236,279.4177
15237,249.40564
15238,846.3283
15239,157.50833
15240,38.21177
15241,281.03412
15242,168.9094
15243,276.6821
15244,543.09894
15245,178.83934
15246,248.74368
15247,169.7812
15248,562.9746
15249,194.53914
15250,264.50632
15251,205.71422
15252,234.51944
15253,253.98834
15254,261.2754
15255,2.2082837
15256,157.70518
15257,232.4845
15258,576.16833
15259,261.20587
15260,275.92264
15261,190.08777
15262,226.9056
15263,243.81221
15264,205.0542
15265,115.20782
15266,505.13562
15267,2.2466042
15268,75.29443
15269,168.98656
15270,276.72147
15271,126.16169
15272,639.979
15273,243.66449
15274,280.63864
15275,152.93852
15276,217.70686
15277,169.67972
15278,252.46065
15279,145.75539
15280,767.35565
15281,254.71376
15282,46.30834
15283,277.6526
15284,278.0228
15285,152.74649
15286,929.2122
15287,224.20328
15288,287.53992
15289,339.64627
15290,402.73798
15291,2.1594355
15292,190.43887
15293,258.398
15294,630.1501
15295,284.23578
15296,253.03094
15297,295.26285
15298,125.52559
15299,2.7124932
15300,270.30228
15301,272.3996
15302,909.7237
15303,170.58043
15304,348.10205
15305,222.79857
15306,344.43292
15307,261.38815
15308,232.32652
15309,252.94864
15310,763.3941
15311,247.08144
15312,289.34964
15313,294.54733
15314,794.7428
15315,172.15538
15316,239.4648
15317,284.37204
15318,271.54843
15319,238.0297
15320,299.43408
15321,240.16339
15322,295.42932
15323,20.2692
15324,104.37907
15325,239.63
15326,227.92719
15327,204.78056
15328,219.22151
15329,191.2251
15330,284.8464
15331,146.13625
15332,545.18536
15333,2.0860732
15334,156.23587
15335,299.89453
15336,463.2408
15337,27.233479
15338,80.02277
15339,241.4973
15340,717.55695
15341,252.73824
15342,187.19194
15343,46.24072
15344,185.54453
15345,208.14507
15346,328.93237
15347,201.49893
15348,210.42249
15349,11.196347
15350,185.85805
15351,231.3108
15352,194.996
15353,180.00793
15354,789.2926
15355,33.53231
15356,263.95312
15357,134.26231
15358,650.6652
15359,214.2583
15360,260.45642
15361,220.21143
15362,430.70822
15363,194.00351
15364,263.0611
15365,6.930836
15366,230.94891
15367,241.81671
15368,323.82645
15369,68.28175
15370,2.6838925
15371,121.8141
15372,253.87134
15373,250.84032
15374,228.21877
15375,248.00279
15376,817.28125
15377,192.90596
15378,180.4627
15379,225.30289
15380,330.80383
15381,161.71272
15382,300.46063
15383,290.6903
15384,593.3933
15385,154.06183
15386,209.13785
15387,236.54286
15388,684.4184
15389,165.15256
15390,272.48483
15391,335.73352
15392,500.62372
15393,2.215193
15394,83.74148
15395,2.317055
15396,415.7543
15397,158.36897
15398,327.52585
15399,163.40118
15400,2.153673
15401,271.12762
15402,274.38486
15403,290.62946
15404,156.35158
15405,235.5714
15406,267.0251
15407,295.37247
15408,866.3573
15409,209.00414
15410,309.10333
15411,198.14229
15412,808.4317
15413,335.261
15414,333.32098
15415,190.31659
15416,741.37915
15417,2.5129018
15418,311.6838
15419,85.88876
15420,765.4226
15421,2.3385835
15422,103.92084
15423,341.52856
15424,199.76476
15425,174.11421
15426,276.66318
15427,155.314
15428,116.49707
15429,287.01254
15430,142.60202
15431,1.8758836
15432,2.4099083
15433,123.94746
15434,121.20955
15435,177.87038
15436,169.93422
15437,205.32692
15438,239.82129
15439,198.43411
15440,151.71164
15441,240.23436
15442,292.67117
15443,274.5973
15444,818.548
15445,176.80853
15446,260.29965
15447,298.332
15448,450.4542
15449,2.0918915
15450,16.745392
15451,200.13647
15452,282.83295
15453,267.73706
15454,690.25525
15455,251.4651
15456,261.43646
15457,125.17744
15458,233.20589
15459,223.22327
15460,130.24083
15461,129.25128
15462,264.19333
15463,324.17435
15464,854.8555
15465,32.995064
15466,279.98956
15467,39.315117
15468,2.143639
15469,239.48184
15470,283.27936
15471,220.71288
15472,281.8382
15473,217.76793
15474,742.0958
15475,3.2845428
15476,100.103226
15477,246.98787
15478,206.02423
15479,230.1172
15480,250.48067
15481,179.88681
15482,236.09357
15483,147.77557
15484,262.43695
15485,293.65277
15486,838.8896
15487,104.70859
15488,282.74246
15489,300.71808
15490,584.54517
15491,89.53206
15492,260.18512
15493,330.37012
15494,724.84735
15495,9.66207
15496,283.17776
15497,237.85114
15498,641.4112
15499,274.54306
15500,251.01631
15501,281.90887
15502,907.32214
15503,245.78323
15504,317.74237
15505,349.26788
15506,320.51422
15507,293.39093
15508,665.967
15509,286.74872
15510,251.94193
15511,518.0266
15512,612.9257
15513,211.63812
15514,478.8599
15515,396.3782
15516,818.29364
15517,147.09604
15518,186.60664
15519,280.99387
15520,291.6559
15521,179.96072
15522,229.54385
15523,269.35596
15524,806.1511
15525,256.2267
15526,304.06122
15527,453.97708
15528,757.57745
15529,2.1236212
15530,2.1236212
15531,289.39996
15532,262.54114
15533,234.40422
15534,705.17725
15535,2.0918393
15536,2.0918393
15537,255.70619
15538,223.92847
15539,300.0468
15540,589.21375
15541,221.83923
15542,269.67184
15543,250.95811
15544,614.3636
15545,26.847885
15546,159.15562
15547,109.32886
15548,129.77832
15549,110.46642
15550,137.72559
15551,93.01056
15552,269.4036
15553,306.16867
15554,177.26913
15555,60.701084
15556,405.96188
15557,245.77466
15558,139.72661
15559,25.565851
15560,197.8754
15561,222.1069
15562,223.12076
15563,2.3008554
15564,61.828876
15565,241.19951
15566,239.5476
15567,193.19058
15568,655.3943
15569,270.4049
15570,308.8465
15571,-0.2887889
15572,260.47113
15573,28.90329
15574,140.56624
15575,20.778505
15576,274.42972
15577,122.46163
15578,2.109462
15579,273.1098
15580,301.41565
15581,198.40814
15582,298.8068
15583,2.165197
15584,266.3519
15585,230.23042
15586,287.52866
15587,113.80796
15588,268.68875
15589,283.86804
15590,666.4296
15591,28.32313
15592,156.01373
15593,263.5014
15594,189.34677
15595,113.983894
15596,195.90555
15597,254.32806
15598,651.5303
15599,243.2737
15600,126.072296
15601,239.7691
15602,827.9732
15603,164.04106
15604,61.144913
15605,338.98584
15606,245.59862
15607,206.45819
15608,992.5834
15609,191.61629
15610,303.43546
15611,300.0006
15612,292.70984
15613,270.6908
15614,1057.6248
15615,143.37532
15616,2.0918393
15617,2.0918393
15618,35.35959
15619,59.340496
15620,294.76324
15621,211.21884
15622,3.4775426
15623,3.4775426
15624,288.65057
15625,169.85843
15626,291.18237
15627,116.61895
15628,316.9732
15629,353.99146
15630,849.4406
15631,36.70635
15632,2.0918393
15633,295.53824
15634,4.405531
15635,201.35968
15636,564.1463
15637,2.1467972
15638,308.6026
15639,331.49838
15640,302.37085
15641,308.7612
15642,365.07028
15643,265.98343
15644,120.20598
15645,201.45932
15646,267.76553
15647,239.88298
15648,319.98776
15649,265.81256
15650,301.8069
15651,274.50836
15652,605.11115
15653,2.1635256
15654,279.109
15655,326.15152
15656,746.21606
15657,3.8630962
15658,274.20667
15659,228.001
15660,736.2442
15661,267.43573
15662,241.64275
15663,251.36751
15664,975.7979
15665,177.99626
15666,294.3632
15667,316.19006
15668,862.37085
15669,188.88481
15670,228.01689
15671,253.62762
15672,132.09224
15673,144.04146
15674,455.37396
15675,2.2330968
15676,247.16353
15677,161.70697
15678,292.60358
15679,274.20148
15680,830.4181
15681,266.41342
15682,274.71042
15683,3.1296544
15684,743.99084
15685,2.0918393
15686,169.7869
15687,278.2538
15688,308.89914
15689,256.38943
15690,419.75906
15691,46.24049
15692,7.8431234
15693,56.586464
15694,15.71045
15695,220.40138
15696,224.6507
15697,285.7884
15698,635.7514
15699,149.30884
15700,156.3429
15701,6.4095106
15702,264.35736
15703,274.64587
15704,146.7012
15705,198.30064
15706,644.35406
15707,192.55426
15708,201.31157
15709,231.21457
15710,962.50305
15711,197.91896
15712,2.0918393
15713,262.9707
15714,232.0845
15715,306.88214
15716,636.1451
15717,187.36003
15718,54.525547
15719,165.95071
15720,224.0862
15721,272.02805
15722,213.77196
15723,275.95758
15724,607.76904
15725,70.729645
15726,173.02432
15727,193.14206
15728,187.162
15729,178.29013
15730,322.19647
15731,2.0918915
15732,270.2256
15733,2.692728
15734,706.73236
15735,45.903255
15736,288.65045
15737,313.5007
15738,754.85315
15739,264.56818
15740,170.48459
15741,252.00941
15742,697.9784
15743,261.05283
15744,60.733112
15745,2.0918608
15746,220.24182
15747,160.10255
15748,707.9118
15749,265.51547
15750,303.25082
15751,441.2895
15752,520.6069
15753,256.6357
15754,281.52548
15755,184.45865
15756,231.61742
15757,74.58818
15758,163.87068
15759,13.76419
15760,257.02222
15761,347.68527
15762,260.16675
15763,222.43033
15764,630.07916
15765,0.6961988
15766,259.93713
15767,250.56853
15768,307.77075
15769,103.68703
15770,268.80148
15771,256.43182
15772,930.11084
15773,47.375103
15774,282.12924
15775,258.8908
15776,457.77502
15777,45.34808
15778,233.42393
15779,186.92867
15780,262.97635
15781,275.3092
15782,862.015
15783,331.25684
15784,322.4348
15785,275.23294
15786,189.19055
15787,210.96358
15788,300.22983
15789,3.1162713
15790,293.51736
15791,278.3161
15792,402.20038
15793,313.37958
15794,926.4667
15795,265.25192
15796,304.43307
15797,180.57466
15798,218.07616
15799,334.48248
15800,763.9752
15801,301.12488
15802,256.0273
15803,214.73494
15804,518.1269
15805,283.17218
15806,327.41992
15807,300.07422
15808,382.3507
15809,251.5457
15810,867.171
15811,128.27849
15812,238.43411
15813,2.1419804
15814,30.389244
15815,97.19732
15816,299.50452
15817,322.93903
15818,346.97342
15819,169.61316
15820,229.63977
15821,27.635004
15822,295.15063
15823,316.50998
15824,272.0836
15825,301.46475
15826,755.92334
15827,258.66116
15828,256.91962
15829,2.106773
15830,306.61697
15831,296.2343
15832,252.04776
15833,183.20671
15834,206.23378
15835,2.6149209
15836,238.19109
15837,178.61
15838,297.36392
15839,274.92285
15840,453.28497
15841,253.48123
15842,199.3021
15843,305.65103
15844,455.29016
15845,236.46088
15846,317.03024
15847,166.29184
15848,231.66481
15849,2.5427153
15850,167.29904
15851,248.52928
15852,2.0928667
15853,2.0928452
15854,35.2169
15855,143.6853
15856,222.21019
15857,251.29646
15858,210.95645
15859,178.07414
15860,223.77205
15861,212.88083
15862,361.1213
15863,270.09274
15864,840.4685
15865,273.23706
15866,226.2128
15867,228.64616
15868,521.691
15869,2.2401228
15870,190.15816
15871,297.33643
15872,230.03198
15873,293.8006
15874,208.11421
15875,281.52057
15876,283.808
15877,204.20085
15878,175.65042
15879,191.42207
15880,212.43611
15881,367.4613
15882,373.75464
15883,56.078453
15884,103.131546
15885,43.114162
15886,253.75914
15887,288.4416
15888,143.91612
15889,338.453
15890,161.13994
15891,3.0483034
15892,345.61963
15893,329.58618
15894,985.50415
15895,134.75348
15896,307.9615
15897,288.11935
15898,629.9246
15899,93.686844
15900,122.60422
15901,346.9702
15902,580.8792
15903,44.037704
15904,16.7768
15905,311.7501
15906,362.65607
15907,207.28813
15908,767.8827
15909,109.634094
15910,115.20475
15911,297.847
15912,199.38905
15913,210.31178
15914,616.50494
15915,285.3976
15916,255.52217
15917,275.80768
15918,613.29425
15919,222.73424
15920,224.83463
15921,173.90723
15922,967.74774
15923,219.13654
15924,487.25638
15925,341.49127
15926,297.8088
15927,71.07209
15928,101.05599
15929,223.98567
15930,295.632
15931,250.07683
15932,301.68665
15933,233.74829
15934,333.43692
15935,2.1094136
15936,11.542379
15937,248.55913
15938,2.5629587
15939,318.4536
15940,862.71826
15941,2.1094136
15942,48.770065
15943,288.18924
15944,340.66
15945,348.348
15946,281.6525
15947,202.2516
15948,261.19485
15949,293.034
15950,484.8737
15951,195.61668
15952,285.0606
15953,253.7164
15954,421.91632
15955,257.46716
15956,141.70389
15957,207.68774
15958,151.94864
15959,290.4208
15960,501.26202
15961,7.9478908
15962,174.10052
15963,180.04338
15964,285.076
15965,345.1785
15966,579.7267
15967,291.57574
15968,174.6699
15969,220.36005
15970,875.3446
15971,298.1009
15972,317.85703
15973,326.9881
15974,815.5296
15975,5.9028244
15976,260.2542
15977,292.2593
15978,735.955
15979,252.60321
15980,111.426155
15981,2.5774493
15982,161.80624
15983,265.55847
15984,875.17633
15985,272.28522
15986,280.66156
15987,203.02852
15988,732.4317
15989,2.1811714
15990,229.24399
15991,287.1935
15992,695.7712
15993,262.28464
15994,368.41278
15995,266.36285
15996,642.6174
15997,181.30186
15998,303.90683
15999,319.68588
16000,306.8879
16001,256.79703
16002,404.55768
16003,250.7051
16004,244.93774
16005,273.9345
16006,731.918
16007,260.01318
16008,285.94727
16009,210.52007
16010,483.77213
16011,59.6429
16012,204.22162
16013,169.5751
16014,448.06696
16015,163.1759
16016,100.88513
16017,2.5265262
16018,289.02188
16019,126.36005
16020,261.7703
16021,232.82251
16022,469.6712
16023,254.9371
16024,278.89645
16025,261.46887
16026,478.27814
16027,153.56679
16028,123.16017
16029,116.5284
16030,191.81181
16031,313.1028
16032,523.2886
16033,2.1480393
16034,312.9501
16035,242.8495
16036,614.62213
16037,2.0918393
16038,320.65097
16039,277.8267
16040,805.8696
16041,270.24268
16042,511.06125
16043,77.90522
16044,342.18344
16045,338.40393
16046,480.38214
16047,304.7332
16048,664.44806
16049,2.724437
16050,2.0907905
16051,321.90884
16052,146.31932
16053,344.25375
16054,435.9083
16055,22.2782
16056,5.3676496
16057,2.2934208
16058,1.9040327
16059,152.07407
16060,2.2372208
16061,266.93106
16062,2.249652
16063,260.72455
16064,169.98666
16065,3.4204996
16066,239.34828
16067,244.88594
16068,151.21681
16069,215.1653
16070,782.9722
16071,289.89697
16072,285.64212
16073,128.66502
16074,2.1099348
16075,224.17584
16076,243.20378
16077,306.98434
16078,1085.5219
16079,3.0859804
16080,173.7522
16081,340.2755
16082,669.8651
16083,179.10649
16084,172.1039
16085,150.02242
16086,421.9697
16087,9.184215
16088,109.57786
16089,286.63684
16090,218.79805
16091,284.6147
16092,190.12834
16093,2.1092443
16094,132.8799
16095,87.46935
16096,275.44434
16097,90.73552
16098,3.2539213
16099,228.50287
16100,571.6515
16101,280.5949
16102,397.54
16103,2.5238194
16104,231.77914
16105,262.9915
16106,206.9571
16107,267.3641
16108,258.89398
16109,239.10782
16110,574.92944
16111,204.78015
16112,254.22269
16113,229.91145
16114,332.36514
16115,14.454314
16116,173.20366
16117,2.12949
16118,252.22145
16119,294.38696
16120,131.28746
16121,272.9786
16122,466.4025
16123,212.09633
16124,347.45566
16125,204.65292
16126,293.19873
16127,332.05527
16128,354.83633
16129,251.3903
16130,235.72981
16131,211.92667
16132,277.33466
16133,269.72867
16134,283.89047
16135,367.798
16136,680.1264
16137,212.05367
16138,282.06052
16139,289.78122
16140,816.0187
16141,280.16458
16142,212.51727
16143,290.00034
16144,215.76141
16145,313.4919
16146,796.95483
16147,329.54608
16148,653.3115
16149,2.1525095
16150,201.72972
16151,176.5527
16152,2.4966304
16153,241.50346
16154,283.2217
16155,225.45087
16156,250.70682
16157,302.92365
16158,221.97728
16159,194.3779
16160,362.88254
16161,156.78822
16162,59.877636
16163,110.27031
16164,204.36652
16165,281.02966
16166,290.91205
16167,147.94327
16168,289.15067
16169,320.80533
16170,372.20374
16171,254.68785
16172,351.7321
16173,210.97021
16174,883.2361
16175,260.08636
16176,247.73238
16177,65.26088
16178,343.50122
16179,322.76953
16180,687.74194
16181,311.198
16182,303.6895
16183,184.42967
16184,688.1699
16185,161.49585
16186,313.22528
16187,214.02098
16188,382.04538
16189,165.03806
16190,307.41757
16191,166.39838
16192,306.4545
16193,359.19653
16194,808.5834
16195,196.80185
16196,222.40263
16197,309.42432
16198,332.50232
16199,177.01765
16200,2.0918608
16201,235.28438
16202,78.83331
16203,281.7101
16204,826.83905
16205,2.2565496
16206,319.48975
16207,92.6679
16208,862.8865
16209,211.89798
16210,194.27644
16211,250.25082
16212,269.16718
16213,241.3233
16214,298.92578
16215,230.28966
16216,181.24202
16217,235.74968
16218,306.0053
16219,228.06918
16220,785.1273
16221,2.8270924
16222,397.77304
16223,256.1679
16224,234.77452
16225,291.45358
16226,848.04205
16227,95.411125
16228,236.95483
16229,296.17386
16230,228.57191
16231,177.63037
16232,759.5501
16233,2.091892
16234,243.08435
16235,123.18419
16236,698.349
16237,190.89256
16238,235.01215
16239,292.91962
16240,630.2891
16241,237.37465
16242,269.99792
16243,245.31793
16244,795.8763
16245,140.77455
16246,330.64514
16247,302.0109
16248,196.34477
16249,188.67082
16250,290.9362
16251,280.11575
16252,615.5965
16253,2.107531
16254,13.793432
16255,280.8554
16256,2.5879843
16257,194.13078
16258,627.08044
16259,253.23283
16260,254.82477
16261,306.96603
16262,908.93933
16263,39.146484
16264,38.860344
16265,2.1094136
16266,293.80756
16267,245.5149
16268,209.55223
16269,165.28333
16270,251.50476
16271,190.8909
16272,205.9651
16273,266.41177
16274,231.68399
16275,288.25238
16276,275.14444
16277,235.80212
16278,763.58954
16279,197.82297
16280,273.70953
16281,191.15636
16282,306.43518
16283,207.18047
16284,774.8832
16285,186.78003
16286,306.14563
16287,196.87262
16288,367.57953
16289,290.64993
16290,437.40125
16291,242.11688
16292,640.1438
16293,311.25262
16294,354.21872
16295,252.17896
16296,729.39233
16297,251.84741
16298,241.74435
16299,275.55032
16300,309.51303
16301,270.7539
16302,264.09564
16303,265.02362
16304,638.3384
16305,201.8522
16306,265.55496
16307,159.5863
16308,497.97598
16309,2.0913703
16310,237.30402
16311,263.09164
16312,679.6272
16313,138.5034
16314,243.01134
16315,210.96284
16316,522.2594
16317,184.17088
16318,253.06113
16319,284.2476
16320,353.21948
16321,176.75874
16322,908.396
16323,2.4594088
16324,2.4594088
16325,289.4041
16326,205.37589
16327,2.71143
16328,301.82114
16329,286.52695
16330,600.2254
16331,177.9004
16332,2.0782635
16333,183.17441
16334,261.49088
16335,208.40361
16336,92.16577
16337,2.444224
16338,205.19408
16339,289.14288
16340,735.5425
16341,189.86835
16342,129.88745
16343,237.31554
16344,91.78283
16345,226.93025
16346,822.2303
16347,229.83632
16348,267.77652
16349,282.10886
16350,274.2474
16351,3.2162702
16352,306.4942
16353,228.82027
16354,255.87901
16355,179.16188
16356,280.54752
16357,227.65381
16358,679.2998
16359,0.9925287
16360,220.98361
16361,204.40103
16362,965.74396
16363,146.00908
16364,291.46646
16365,217.19037
16366,212.84964
16367,264.92087
16368,848.8005
16369,163.05557
16370,217.34277
16371,284.10858
16372,721.2461
16373,188.03517
16374,209.9294
16375,110.40631
16376,1043.3335
16377,254.18738
16378,291.52426
16379,301.3065
16380,898.43463
16381,292.6937
16382,38.647987
16383,2.0904152
16384,291.10272
16385,248.76486
16386,157.40822
16387,227.72273
16388,595.8042
16389,288.69952
16390,212.56914
16391,233.2054
16392,779.34393
16393,291.08905
16394,267.4984
16395,298.28372
16396,659.67017
16397,2.6346827
16398,276.974
16399,257.78677
16400,289.922
16401,2.089686
16402,158.52763
16403,360.37018
16404,302.7042
16405,242.21461
16406,436.16592
16407,2.1057615
16408,190.54176
16409,254.36461
16410,637.5802
16411,306.3325
16412,162.69788
16413,299.64014
16414,906.389
16415,62.986187
16416,323.7871
16417,236.41988
16418,730.50653
16419,302.0669
16420,223.76067
16421,287.83798
16422,2.2327356
16423,30.125834
16424,246.53732
16425,298.83087
16426,3.255506
16427,283.62103
16428,608.90186
16429,292.79434
16430,229.65044
16431,2.7919652
16432,198.0691
16433,185.50711
16434,180.82922
16435,342.99838
16436,214.3497
16437,237.42975
16438,243.29816
16439,12.045334
16440,249.71645
16441,257.75436
16442,625.53894
16443,305.1818
16444,283.29285
16445,252.71811
16446,665.8776
16447,263.33276
16448,199.684
16449,272.90677
16450,856.1263
16451,231.94325
16452,285.31137
16453,337.1845
16454,1046.1422
16455,530.68896
16456,375.22333
16457,208.52524
16458,734.5176
16459,64.657875
16460,315.5216
16461,280.76938
16462,609.2858
16463,2.1905916
16464,287.12595
16465,62.772594
16466,730.2628
16467,2.1189058
16468,2.1189058
16469,3.2515016
16470,5.113881
16471,270.14
16472,262.32056
16473,3.3278801
16474,3.3278801
16475,317.2877
16476,981.67426
16477,2.0918915
16478,306.47437
16479,274.188
16480,764.8349
16481,2.0918393
16482,272.42923
16483,240.5658
16484,328.9824
16485,177.98239
16486,178.20728
16487,111.63418
16488,258.28088
16489,281.43207
16490,140.52
16491,140.04826
16492,564.9129
16493,200.21877
16494,182.43388
16495,2.2803884
16496,9.250669
16497,2.2803884
16498,259.20093
16499,2.8018749
16500,270.2247
16501,70.851425
16502,393.2481
16503,2.1753602
16504,275.9301
16505,252.29878
16506,304.08676
16507,290.86426
16508,468.0025
16509,192.32088
16510,264.77344
16511,2.630855
16512,2.1389363
16513,242.40419
16514,276.3072
16515,328.59085
16516,624.88135
16517,241.10994
16518,430.98367
16519,379.51862
16520,2.1399422
16521,192.32185
16522,438.90482
16523,444.13074
16524,593.48346
16525,248.02719
16526,317.00705
16527,242.96242
16528,327.67346
16529,2.320288
16530,230.38116
16531,279.3279
16532,803.9436
16533,378.79123
16534,408.30804
16535,306.6992
16536,574.7258
16537,261.664
16538,150.79402
16539,269.33282
16540,627.0827
16541,106.483665
16542,154.88835
16543,141.4441
16544,628.4184
16545,205.46144
16546,181.5856
16547,308.90494
16548,280.65848
16549,292.12878
16550,187.55443
16551,340.16025
16552,708.90784
16553,282.75308
16554,172.60858
16555,284.11356
16556,213.6292
16557,251.48201
16558,204.13542
16559,291.85593
16560,280.14026
16561,41.186535
16562,264.14478
16563,306.09915
16564,909.67114
16565,36.531113
16566,2.1262536
16567,286.73355
16568,267.80173
16569,229.49976
16570,423.30875
16571,2.1268566
16572,45.84336
16573,296.3771
16574,244.04448
16575,182.19986
16576,747.53656
16577,210.79965
16578,272.03745
16579,288.20493
16580,607.4158
16581,2.2872949
16582,2.0910435
16583,342.80835
16584,216.39911
16585,184.9361
16586,776.35803
16587,161.77205
16588,287.7331
16589,153.06427
16590,461.48962
16591,2.0918398
16592,182.26749
16593,228.84404
16594,285.42584
16595,232.66801
16596,241.21184
16597,465.4694
16598,908.94916
16599,4.205945
16600,285.9282
16601,251.49501
16602,196.44064
16603,238.88025
16604,306.28064
16605,293.14102
16606,612.1789
16607,51.414192
16608,233.01707
16609,278.63156
16610,1.8698967
16611,349.4133
16612,891.5526
16613,31.790758
16614,61.785717
16615,2.5223498
16616,278.8945
16617,311.8745
16618,278.79868
16619,260.1164
16620,349.1073
16621,101.73909
16622,253.28378
16623,331.36603
16624,783.1257
16625,2.163446
16626,262.81952
16627,216.33015
16628,828.7697
16629,251.45149
16630,269.72537
16631,269.36496
16632,272.49384
16633,327.57733
16634,466.44815
16635,235.43564
16636,240.66602
16637,2.0918398
16638,2.0918398
16639,270.33163
16640,67.894
16641,173.28384
16642,267.275
16643,271.67935
16644,633.36774
16645,167.40862
16646,246.46527
16647,143.69673
16648,3.9531384
16649,2.1474187
16650,2.1474187
16651,256.36188
16652,280.95425
16653,2.9184241
16654,260.6165
16655,287.92188
16656,412.14917
16657,266.92892
16658,611.7534
16659,124.02085
16660,236.58195
16661,329.04846
16662,283.00082
16663,296.74954
16664,147.99042
16665,219.71101
16666,627.9563
16667,156.42297
16668,288.0878
16669,358.9392
16670,497.71024
16671,282.31427
16672,223.64368
16673,216.54646
16674,1019.40356
16675,329.6844
16676,320.37057
16677,80.53725
16678,284.73996
16679,172.60544
16680,879.9456
16681,209.6951
16682,317.54904
16683,283.06155
16684,319.44485
16685,275.57205
16686,708.36664
16687,309.291
16688,323.38443
16689,296.9461
16690,874.7143
16691,357.4632
16692,276.5063
16693,57.883934
16694,170.0113
16695,327.94836
16696,530.85815
16697,2.3142064
16698,149.12312
16699,259.03757
16700,181.062
16701,233.75313
16702,272.61435
16703,2.767776
16704,249.37288
16705,189.78558
16706,427.2833
16707,97.080956
16708,312.20398
16709,232.72327
16710,561.1108
16711,265.0303
16712,161.76608
16713,255.30078
16714,647.7631
16715,52.0795
16716,210.64606
16717,319.88943
16718,413.47305
16719,2.1525304
16720,4.609541
16721,231.19113
16722,247.3929
16723,274.4594
16724,250.20801
16725,2.7983406
16726,184.42885
16727,267.31296
16728,243.3886
16729,192.14316
16730,936.4884
16731,2.7733057
16732,207.96884
16733,302.54236
16734,4.088776
16735,302.52
16736,868.2465
16737,322.4822
16738,452.68027
16739,252.03166
16740,275.12125
16741,239.14862
16742,772.89764
16743,198.63486
16744,256.02744
16745,286.0845
16746,589.70325
16747,263.7213
16748,157.52896
16749,131.39284
16750,724.7367
16751,192.07939
16752,261.19736
16753,39.04113
16754,241.5084
16755,2.462607
16756,220.17717
16757,261.47534
16758,610.0614
16759,48.135437
16760,182.25267
16761,2.0918398
16762,182.20172
16763,265.53842
16764,938.8578
16765,2.0918398
16766,315.94754
16767,4.7464304
16768,932.28357
16769,65.5663
16770,286.8044
16771,191.94917
16772,301.40347
16773,4.739869
16774,986.95935
16775,252.1622
16776,6.7718163
16777,244.97273
16778,263.24603
16779,235.92178
16780,294.72427
16781,136.47414
16782,704.3094
16783,3.3285997
16784,277.77072
16785,283.63895
16786,601.5816
16787,262.5763
16788,206.30995
16789,296.3274
16790,231.44705
16791,260.3939
16792,233.34088
16793,2.0918398
16794,198.10367
16795,174.79855
16796,827.10394
16797,300.7094
16798,214.13692
16799,122.00764
16800,526.9462
16801,250.42911
16802,150.16472
16803,197.15419
16804,249.06393
16805,56.566177
16806,627.84357
16807,173.0371
16808,253.09296
16809,185.52037
16810,627.8095
16811,171.93112
16812,245.26688
16813,248.68579
16814,816.73456
16815,304.9325
16816,470.22754
16817,329.63556
16818,323.79184
16819,134.25183
16820,123.265045
16821,248.07156
16822,196.31445
16823,287.8229
16824,264.22882
16825,2.4588673
16826,323.90247
16827,85.5139
16828,153.46167
16829,254.98425
16830,241.97327
16831,239.00389
16832,466.23615
16833,199.94728
16834,405.93332
16835,2.2475412
16836,278.03613
16837,436.53763
16838,639.83966
16839,380.60715
16840,198.16043
16841,84.87686
16842,148.01471
16843,122.440414
16844,696.6147
16845,74.44666
16846,268.19122
16847,310.0893
16848,701.5011
16849,205.21494
16850,262.71585
16851,178.1907
16852,284.24246
16853,281.3384
16854,181.1264
16855,265.1327
16856,490.1731
16857,107.49165
16858,293.77353
16859,183.21635
16860,984.78625
16861,2.1212893
16862,279.48853
16863,167.91998
16864,526.03174
16865,266.38678
16866,303.37317
16867,262.92184
16868,241.52074
16869,243.50664
16870,924.95483
16871,252.66556
16872,292.97598
16873,335.43076
16874,248.919
16875,171.3595
16876,152.89648
16877,314.78485
16878,729.7664
16879,296.55997
16880,232.37996
16881,273.87634
16882,693.5711
16883,2.0918398
16884,289.16638
16885,2.6806035
16886,307.0379
16887,255.48119
16888,495.18896
16889,3.7879577
16890,97.89744
16891,222.09114
16892,285.9183
16893,-0.40597716
16894,249.9338
16895,238.37656
16896,225.86781
16897,282.59457
16898,274.12582
16899,373.47366
16900,477.99963
16901,220.76074
16902,253.04048
16903,248.55487
16904,265.24802
16905,213.48518
16906,345.5564
16907,240.90886
16908,230.41327
16909,169.1959
16910,195.05922
16911,60.35212
16912,813.83777
16913,138.41196
16914,245.832
16915,255.34981
16916,727.1193
16917,155.18478
16918,126.711815
16919,232.08432
16920,238.11635
16921,144.60419
16922,608.7504
16923,98.390335
16924,201.65155
16925,102.57381
16926,2.1748922
16927,149.31337
16928,282.85468
16929,115.09863
16930,247.97461
16931,193.96895
16932,244.68716
16933,206.76112
16934,217.4948
16935,5.1547184
16936,92.62805
16937,259.10083
16938,253.3594
16939,149.33354
16940,153.23822
16941,233.81506
16942,696.96423
16943,311.12268
16944,180.10358
16945,327.5945
16946,632.6676
16947,184.91681
16948,281.7362
16949,268.6262
16950,649.6141
16951,247.06985
16952,516.591
16953,19.236032
16954,6.684181
16955,265.34344
16956,257.77042
16957,219.18448
16958,867.6029
16959,226.9216
16960,209.41737
16961,290.7795
16962,129.37018
16963,179.80469
16964,287.5615
16965,6.959288
16966,255.22646
16967,311.24445
16968,174.86932
16969,234.63177
16970,455.4356
16971,234.33955
16972,244.7453
16973,237.48576
16974,257.25482
16975,257.69595
16976,956.3612
16977,2.8440075
16978,326.42523
16979,54.505165
16980,448.88422
16981,2.2730145
16982,239.42137
16983,248.05061
16984,213.5221
16985,299.87064
16986,639.78143
16987,218.39711
16988,243.78339
16989,218.13167
16990,936.42413
16991,186.65703
16992,190.45554
16993,103.97057
16994,255.21074
16995,298.5878
16996,982.7741
16997,169.55244
16998,278.8201
16999,262.2215
17000,853.4616
17001,287.69012
17002,261.27432
17003,167.93312
17004,231.81595
17005,2.1165693
17006,225.14214
17007,2.7160249
17008,835.1062
17009,258.81628
17010,383.37427
17011,293.00446
17012,340.01175
17013,242.36159
17014,594.7323
17015,2.1318767
17016,227.05428
17017,336.02216
17018,219.8345
17019,171.51784
17020,180.42941
17021,159.90195
17022,201.58185
17023,2.1165693
17024,195.70175
17025,352.74466
17026,633.06226
17027,263.27408
17028,183.40256
17029,197.33774
17030,225.34055
17031,295.56735
17032,511.11502
17033,260.84348
17034,277.5043
17035,244.21219
17036,210.21234
17037,263.34418
17038,726.8639
17039,148.24762
17040,272.42252
17041,232.29883
17042,260.76324
17043,181.33768
17044,361.67838
17045,260.9104
17046,326.20917
17047,249.56686
17048,287.83984
17049,159.67374
17050,725.53595
17051,2.087574
17052,297.39737
17053,141.6515
17054,724.01886
17055,241.96918
17056,418.2844
17057,147.83667
17058,284.5074
17059,276.6337
17060,763.2958
17061,2.087574
17062,59.980343
17063,247.97185
17064,197.52696
17065,3.6742573
17066,233.6116
17067,211.10643
17068,292.94174
17069,266.1043
17070,295.64532
17071,305.5107
17072,459.98984
17073,35.124588
17074,257.13788
17075,251.43082
17076,639.129
17077,321.34714
17078,328.13135
17079,217.62178
17080,531.0276
17081,168.10513
17082,218.76456
17083,241.53061
17084,252.4768
17085,2.1852145
17086,233.80551
17087,182.55482
17088,192.391
17089,268.16742
17090,422.539
17091,260.82172
17092,261.2365
17093,216.95975
17094,261.60056
17095,256.84802
17096,235.49661
17097,165.06532
17098,782.73663
17099,272.24014
17100,257.07935
17101,206.14165
17102,695.98676
17103,273.00693
17104,244.15132
17105,249.77364
17106,278.42056
17107,179.32239
17108,717.8597
17109,2.1202035
17110,244.37408
17111,3.5091102
17112,426.95828
17113,140.5877
17114,144.61752
17115,2.1240962
17116,254.04445
17117,3.1204123
17118,559.5648
17119,6.911617
17120,237.84877
17121,226.45241
17122,860.8454
17123,56.20649
17124,256.20227
17125,309.8741
17126,619.4107
17127,180.22787
17128,274.35663
17129,182.92212
17130,209.64522
17131,268.75497
17132,671.8469
17133,162.21523
17134,128.7606
17135,177.8544
17136,220.67117
17137,10.934868
17138,128.93677
17139,280.95602
17140,665.627
17141,202.14278
17142,333.95697
17143,4.528433
17144,38.263054
17145,70.345695
17146,187.5655
17147,187.49213
17148,173.73424
17149,268.40106
17150,261.07968
17151,199.53494
17152,190.58377
17153,130.60915
17154,-0.36203375
17155,118.076706
17156,174.70163
17157,149.94402
17158,184.041
17159,217.6919
17160,441.80188
17161,270.60217
17162,704.67285
17163,215.76637
17164,215.696
17165,141.91231
17166,506.00803
17167,189.68797
17168,296.7389
17169,96.77303
17170,84.57317
17171,2.1190274
17172,427.71393
17173,247.8324
17174,291.482
17175,298.0351
17176,677.5692
17177,2.1822205
17178,169.74464
17179,247.32396
17180,296.22577
17181,190.24841
17182,262.58508
17183,275.26474
17184,585.1473
17185,2.107349
17186,174.34198
17187,259.5291
17188,285.42453
17189,286.63437
17190,243.1552
17191,338.32864
17192,460.34402
17193,209.15292
17194,295.9598
17195,232.70029
17196,676.4219
17197,273.60437
17198,335.08942
17199,2.8491435
17200,2.1389363
17201,204.70724
17202,200.02673
17203,2.9292774
17204,168.71408
17205,206.9651
17206,243.98236
17207,2.4684677
17208,184.65822
17209,329.3848
17210,2.106773
17211,187.59244
17212,333.13022
17213,3.0120482
17214,683.56036
17215,18.489492
17216,217.40518
17217,305.88022
17218,626.9015
17219,18.647894
17220,215.22601
17221,310.28528
17222,255.36234
17223,228.35768
17224,286.0998
17225,83.67932
17226,140.29074
17227,205.59167
17228,175.28969
17229,357.00952
17230,178.00414
17231,347.28552
17232,903.41473
17233,212.37888
17234,273.75308
17235,318.5553
17236,604.6359
17237,83.45409
17238,233.99817
17239,179.72212
17240,107.00608
17241,329.42517
17242,812.11584
17243,316.51428
17244,169.78484
17245,289.72418
17246,179.84279
17247,269.16608
17248,892.21985
17249,276.79742
17250,77.44462
17251,117.75299
17252,139.4453
17253,326.97086
17254,648.832
17255,268.72678
17256,217.3919
17257,162.69391
17258,2.0918393
17259,94.63355
17260,236.77502
17261,200.60553
17262,263.98843
17263,247.03792
17264,120.25263
17265,2.905822
17266,644.3644
17267,140.74155
17268,235.79839
17269,213.29877
17270,1050.3574
17271,217.2701
17272,246.57295
17273,230.51422
17274,169.83205
17275,248.47806
17276,675.75574
17277,205.3717
17278,289.66068
17279,80.826294
17280,257.7696
17281,261.4477
17282,366.33942
17283,332.6063
17284,335.34146
17285,2.1073704
17286,311.29962
17287,282.78848
17288,464.73285
17289,277.4402
17290,194.63484
17291,266.02435
17292,462.99213
17293,2.350318
17294,206.63231
17295,49.132885
17296,216.10419
17297,92.80278
17298,1266.7827
17299,2.307488
17300,3.10771
17301,256.84595
17302,242.96286
17303,253.09404
17304,563.6561
17305,2.3148782
17306,264.34018
17307,275.00876
17308,828.1132
17309,2.1029227
17310,2.1029227
17311,2.1029227
17312,0.8562218
17313,300.23917
17314,300.30405
17315,208.67343
17316,303.29816
17317,226.50258
17318,191.55687
17319,137.26616
17320,237.32097
17321,221.28214
17322,708.12067
17323,14.265391
17324,48.150078
17325,59.287975
17326,204.97354
17327,256.0116
17328,189.62216
17329,383.52127
17330,233.36201
17331,222.40823
17332,479.59906
17333,236.81409
17334,317.20215
17335,189.87358
17336,294.0059
17337,256.6863
17338,299.42334
17339,3.6424096
17340,29.82753
17341,378.58667
17342,271.21387
17343,4.158369
17344,251.29582
17345,298.41052
17346,158.57584
17347,183.32442
17348,671.3617
17349,2.1099348
17350,268.3533
17351,98.46215
17352,824.10406
17353,305.04858
17354,327.00714
17355,237.93785
17356,249.56248
17357,203.76523
17358,393.1548
17359,120.169395
17360,135.90884
17361,102.56312
17362,185.60222
17363,80.29023
17364,291.86328
17365,122.4694
17366,604.22485
17367,180.02364
17368,339.19336
17369,260.9563
17370,359.3797
17371,338.10226
17372,397.22614
17373,2.143135
17374,322.20627
17375,314.57318
17376,344.51917
17377,302.14926
17378,281.31915
17379,303.75644
17380,700.1573
17381,337.20792
17382,305.1203
17383,203.8303
17384,286.7669
17385,195.46712
17386,849.9904
17387,225.0047
17388,231.37688
17389,328.10608
17390,763.26666
17391,2.0943074
17392,258.7062
17393,298.44922
17394,626.13
17395,289.69156
17396,140.6555
17397,196.43105
17398,2.0918393
17399,293.4645
17400,341.4099
17401,3.1675742
17402,709.5206
17403,299.66833
17404,325.491
17405,253.022
17406,61.97995
17407,235.6753
17408,301.97195
17409,228.2015
17410,454.3999
17411,2.1496165
17412,238.51074
17413,357.25198
17414,428.87238
17415,2.1868021
17416,17.40027
17417,276.74304
17418,456.0063
17419,2.7356527
17420,274.76083
17421,376.0115
17422,724.95166
17423,182.40977
17424,256.6234
17425,300.00345
17426,271.49612
17427,276.75925
17428,479.407
17429,143.99397
17430,200.5779
17431,288.1434
17432,885.2624
17433,2.0918608
17434,312.83508
17435,323.22598
17436,520.29913
17437,190.33995
17438,261.10922
17439,258.82037
17440,596.1288
17441,43.98515
17442,222.03793
17443,300.79968
17444,224.611
17445,224.00078
17446,256.0547
17447,237.95734
17448,762.8896
17449,95.162674
17450,198.65805
17451,336.99704
17452,703.9253
17453,203.58165
17454,284.37354
17455,282.80457
17456,295.6162
17457,196.79872
17458,80.988396
17459,307.17145
17460,771.8751
17461,15.223459
17462,209.2409
17463,171.7352
17464,285.11023
17465,2.5526993
17466,606.44324
17467,227.40501
17468,314.4966
17469,2.0918393
17470,279.36743
17471,252.8444
17472,593.06085
17473,2.8539488
17474,317.3428
17475,196.02534
17476,536.4953
17477,234.98082
17478,289.4214
17479,163.79448
17480,587.0463
17481,2.8077197
17482,313.2429
17483,267.61862
17484,453.84503
17485,2.1966963
17486,275.07352
17487,229.91385
17488,565.14905
17489,296.9798
17490,274.51624
17491,2.1414866
17492,299.86853
17493,357.31412
17494,245.03511
17495,323.3878
17496,303.38068
17497,305.54938
17498,241.82071
17499,210.49728
17500,245.7424
17501,223.28972
17502,246.62311
17503,243.11543
17504,708.9126
17505,225.89616
17506,153.15866
17507,249.29779
17508,302.68863
17509,131.68858
17510,213.16301
17511,338.41678
17512,306.9887
17513,327.9044
17514,576.7012
17515,19.406464
17516,147.35995
17517,416.53665
17518,726.973
17519,2.1174455
17520,15.421852
17521,229.04199
17522,190.56285
17523,313.2432
17524,270.42557
17525,178.3835
17526,326.95236
17527,201.36984
17528,305.7866
17529,183.29678
17530,502.45148
17531,176.54976
17532,263.05695
17533,331.19937
17534,547.515
17535,2.5380785
17536,243.39221
17537,358.7241
17538,263.52933
17539,327.4529
17540,540.7865
17541,2.0918393
17542,12.204333
17543,139.28973
17544,2.0873845
17545,2.3497212
17546,281.15973
17547,327.372
17548,230.2007
17549,171.81157
17550,176.05559
17551,213.07372
17552,754.06146
17553,311.85913
17554,328.65558
17555,306.74567
17556,626.96075
17557,289.47342
17558,295.43344
17559,219.39717
17560,302.27533
17561,290.50912
17562,213.7282
17563,348.5371
17564,637.38654
17565,117.17222
17566,309.26538
17567,204.96208
17568,164.85742
17569,348.59268
17570,303.846
17571,252.31583
17572,232.08298
17573,283.47134
17574,197.88493
17575,134.3703
17576,160.68355
17577,165.32484
17578,861.62585
17579,259.4231
17580,242.59593
17581,305.47083
17582,233.21007
17583,206.98993
17584,825.8533
17585,44.018665
17586,330.36948
17587,246.2374
17588,424.67242
17589,2.2363021
17590,275.67883
17591,141.48013
17592,889.2239
17593,206.65369
17594,164.50298
17595,185.32314
17596,212.83028
17597,73.11643
17598,189.67004
17599,271.6113
17600,531.2167
17601,46.517063
17602,7.3502703
17603,181.20796
17604,262.01385
17605,214.4925
17606,958.035
17607,199.37535
17608,352.32248
17609,63.881424
17610,2.1041672
17611,2.1041884
17612,22.677872
17613,2.3028204
17614,2.1041884
17615,219.67236
17616,241.76836
17617,190.42438
17618,240.91241
17619,97.641914
17620,3.1631453
17621,238.43369
17622,722.5117
17623,215.72266
17624,8.964374
17625,223.173
17626,176.9309
17627,276.7873
17628,273.93466
17629,242.58109
17630,439.3135
17631,250.30455
17632,89.67334
17633,256.57352
17634,891.6862
17635,45.722202
17636,233.0897
17637,221.64482
17638,447.56305
17639,265.45154
17640,404.63763
17641,154.0993
17642,213.45818
17643,277.22015
17644,215.79057
17645,170.51938
17646,261.27975
17647,302.80423
17648,361.2629
17649,10.570329
17650,43.183884
17651,207.7386
17652,252.14456
17653,266.2082
17654,359.3894
17655,169.54085
17656,159.8459
17657,267.20218
17658,273.5594
17659,290.42786
17660,766.50745
17661,226.2355
17662,300.14896
17663,252.50975
17664,514.3159
17665,197.49629
17666,150.30687
17667,61.27068
17668,204.90251
17669,299.9342
17670,300.72543
17671,275.54135
17672,461.69193
17673,140.26985
17674,214.49669
17675,212.44273
17676,542.0346
17677,246.33151
17678,300.53195
17679,2.1190298
17680,186.16272
17681,200.38905
17682,236.99765
17683,229.03848
17684,857.6621
17685,282.9308
17686,224.87415
17687,209.4164
17688,101.35903
17689,284.72128
17690,76.14375
17691,133.09193
17692,273.9276
17693,296.9058
17694,621.92224
17695,174.70334
17696,226.6844
17697,173.30234
17698,803.6682
17699,221.3832
17700,284.4763
17701,260.18896
17702,882.6873
17703,241.23843
17704,327.03116
17705,319.14902
17706,645.27094
17707,242.63916
17708,265.43298
17709,2.113812
17710,280.91003
17711,290.27502
17712,221.82912
17713,274.8481
17714,311.76498
17715,171.54085
17716,702.6127
17717,120.614845
17718,152.617
17719,220.78798
17720,2.9514344
17721,225.58495
17722,754.85614
17723,290.1336
17724,288.05566
17725,266.99448
17726,278.36548
17727,266.5335
17728,386.4674
17729,258.07077
17730,803.20654
17731,12.629235
17732,280.76535
17733,262.96603
17734,748.1347
17735,234.58871
17736,313.4675
17737,191.72012
17738,220.79701
17739,232.99112
17740,115.86455
17741,147.59955
17742,584.87274
17743,178.73724
17744,180.83894
17745,267.8464
17746,266.1874
17747,318.3318
17748,710.5146
17749,314.30695
17750,264.35153
17751,291.253
17752,714.1758
17753,296.9218
17754,322.15353
17755,174.78705
17756,170.28737
17757,218.0671
17758,278.40714
17759,42.43702
17760,14.627655
17761,81.65473
17762,275.6158
17763,57.934948
17764,638.43616
17765,42.615417
17766,49.365597
17767,2.327523
17768,157.2959
17769,177.4147
17770,222.94
17771,213.26219
17772,226.76071
17773,219.18533
17774,896.07935
17775,2.1189063
17776,20.740149
17777,234.97276
17778,270.36807
17779,224.45985
17780,614.07983
17781,2.1189063
17782,2.1189063
17783,147.71484
17784,219.90054
17785,253.53217
17786,104.85024
17787,260.27637
17788,672.5038
17789,212.45085
17790,159.63773
17791,198.30698
17792,68.61655
17793,239.7507
17794,428.82053
17795,138.25076
17796,246.75938
17797,33.857082
17798,200.42519
17799,249.83174
17800,194.19261
17801,2.5634093
17802,581.4101
17803,0.31676072
17804,146.57921
17805,300.94955
17806,312.41455
17807,0.8599473
17808,213.09001
17809,315.60947
17810,761.15576
17811,256.7987
17812,172.3579
17813,263.71594
17814,485.6238
17815,248.18326
17816,586.9805
17817,37.870724
17818,2.452727
17819,228.36568
17820,302.35223
17821,211.99205
17822,363.2912
17823,298.5558
17824,285.67184
17825,244.99158
17826,166.25343
17827,184.92139
17828,913.19525
17829,2.0918398
17830,14.366117
17831,347.40497
17832,288.86206
17833,311.71625
17834,571.35986
17835,2.0918398
17836,199.12595
17837,271.8015
17838,625.14667
17839,2.5552473
17840,213.89703
17841,346.6126
17842,783.59296
17843,2.7553694
17844,2.7553694
17845,212.15007
17846,6.9768257
17847,242.58424
17848,859.08844
17849,129.40388
17850,143.45392
17851,235.37286
17852,99.33032
17853,353.48148
17854,588.6556
17855,121.32715
17856,1.5326341
17857,46.625656
17858,154.69765
17859,176.72491
17860,127.93318
17861,176.4361
17862,227.82251
17863,118.72556
17864,236.64961
17865,316.09418
17866,308.63177
17867,68.871056
17868,128.26321
17869,372.45383
17870,313.48273
17871,140.37436
17872,150.92676
17873,326.30417
17874,298.48132
17875,329.08365
17876,736.91364
17877,192.31305
17878,197.1212
17879,312.0891
17880,790.3273
17881,121.24841
17882,69.98197
17883,202.37682
17884,315.4517
17885,277.9507
17886,871.6724
17887,154.99489
17888,331.58273
17889,70.09569
17890,613.55585
17891,180.9436
17892,329.74564
17893,164.10648
17894,631.93054
17895,103.42828
17896,182.2441
17897,163.9752
17898,68.38906
17899,296.33972
17900,912.6678
17901,157.13652
17902,2.0918398
17903,241.74814
17904,194.1277
17905,255.85648
17906,406.65472
17907,186.72498
17908,342.4881
17909,114.0017
17910,173.60963
17911,4.4779267
17912,146.39174
17913,19.651175
17914,153.74014
17915,7.81017
17916,156.09734
17917,205.43423
17918,255.81389
17919,168.09526
17920,241.27295
17921,282.22284
17922,100.4261
17923,2.0918398
17924,172.94159
17925,230.4894
17926,212.92938
17927,230.47714
17928,797.75183
17929,68.374794
17930,141.66751
17931,279.79062
17932,242.77126
17933,325.51715
17934,805.50696
17935,138.42119
17936,11.305926
17937,251.34
17938,221.94823
17939,162.72829
17940,770.4061
17941,239.2733
17942,155.75674
17943,294.48602
17944,310.8064
17945,239.5219
17946,253.47162
17947,2.0918608
17948,315.5283
17949,305.97934
17950,833.3097
17951,294.38602
17952,210.93492
17953,309.4365
17954,729.6302
17955,2.0918393
17956,287.403
17957,3.0093787
17958,644.33325
17959,289.20853
17960,290.18863
17961,301.0008
17962,746.80585
17963,256.69608
17964,246.04755
17965,287.47516
17966,304.95474
17967,11.885981
17968,313.47852
17969,267.56708
17970,223.8711
17971,242.7739
17972,846.6373
17973,162.56598
17974,253.43695
17975,288.15512
17976,260.44348
17977,299.69543
17978,150.99405
17979,240.0342
17980,246.62552
17981,234.47275
17982,613.42206
17983,7.6135263
17984,289.42554
17985,259.94003
17986,478.92462
17987,130.86954
17988,229.96016
17989,148.70128
17990,485.61353
17991,190.01923
17992,215.34851
17993,2.6065404
17994,309.93616
17995,189.24445
17996,389.43494
17997,326.55734
17998,526.94995
17999,7.0895176
18000,44.577145
18001,201.07294
18002,287.64743
18003,146.67767
18004,235.5767
18005,252.2892
18006,739.90173
18007,167.45198
18008,260.72656
18009,283.07117
18010,342.92014
18011,231.49861
18012,427.02063
18013,113.768456
18014,293.485
18015,199.11826
18016,448.99963
18017,2.1189063
18018,137.56705
18019,2.3809266
18020,200.11394
18021,132.78781
18022,2.1189063
18023,4.9886208
18024,220.77528
18025,89.96145
18026,62.441875
18027,265.60822
18028,246.22452
18029,171.54976
18030,224.96407
18031,17.292643
18032,186.7033
18033,225.98656
18034,176.20062
18035,26.924658
18036,59.784744
18037,184.08542
18038,362.79147
18039,157.31418
18040,757.1571
18041,224.02692
18042,320.00977
18043,277.19418
18044,2.3681908
18045,58.551853
18046,274.3984
18047,301.52423
18048,831.22296
18049,122.19788
18050,271.26218
18051,292.43076
18052,602.2092
18053,2.8616247
18054,186.27783
18055,227.8586
18056,318.864
18057,308.96182
18058,616.7693
18059,88.637146
18060,35.84222
18061,86.95617
18062,2.7975318
18063,294.01224
18064,292.69846
18065,297.69223
18066,138.13445
18067,189.2826
18068,630.5187
18069,279.60245
18070,484.21207
18071,154.79218
18072,307.1446
18073,242.71704
18074,290.35696
18075,271.58185
18076,980.10876
18077,2.108677
18078,322.99414
18079,247.101
18080,205.28986
18081,307.94052
18082,299.1024
18083,234.13994
18084,275.60043
18085,10.600316
18086,307.2793
18087,295.33405
18088,584.437
18089,177.11584
18090,277.43625
18091,333.37515
18092,455.94617
18093,155.55165
18094,2.1578639
18095,159.58707
18096,296.27887
18097,102.492226
18098,625.04236
18099,241.54979
18100,317.56058
18101,3.483862
18102,724.1808
18103,33.03275
18104,138.9705
18105,282.27136
18106,245.12631
18107,3.9032385
18108,368.35468
18109,125.04241
18110,217.2863
18111,232.60283
18112,83.54557
18113,240.41064
18114,270.5493
18115,287.76675
18116,205.1552
18117,305.73184
18118,303.86768
18119,250.1771
18120,257.98297
18121,180.91924
18122,290.72452
18123,190.10077
18124,738.64746
18125,290.22385
18126,356.80872
18127,273.64108
18128,641.097
18129,280.07736
18130,303.53766
18131,283.66837
18132,290.33517
18133,54.37448
18134,230.7818
18135,2.5352297
18136,296.67325
18137,288.7111
18138,653.30365
18139,292.0921
18140,425.6844
18141,287.5795
18142,446.23624
18143,292.95816
18144,308.41006
18145,296.85645
18146,330.86752
18147,12.205355
18148,279.32098
18149,262.4226
18150,319.58276
18151,263.06604
18152,306.37024
18153,52.08058
18154,181.77364
18155,160.38902
18156,213.74063
18157,116.43952
18158,6.132859
18159,275.88773
18160,110.119804
18161,274.3387
18162,633.57886
18163,2.0982773
18164,283.8002
18165,4.7090225
18166,626.7777
18167,13.5437765
18168,211.16068
18169,263.54034
18170,862.3027
18171,320.16693
18172,108.34061
18173,210.54422
18174,396.25864
18175,299.49042
18176,272.82507
18177,455.81796
18178,651.88617
18179,100.74641
18180,260.5435
18181,2.2087
18182,94.629616
18183,207.21806
18184,331.52454
18185,263.8353
18186,798.11383
18187,304.56427
18188,192.93459
18189,286.84726
18190,210.47765
18191,200.84268
18192,195.53784
18193,267.15887
18194,298.0636
18195,158.44534
18196,329.0662
18197,216.63376
18198,243.3767
18199,371.65417
18200,486.72183
18201,273.50345
18202,315.36313
18203,10.0449505
18204,482.4378
18205,263.52835
18206,254.67274
18207,176.6252
18208,316.35767
18209,284.814
18210,365.21585
18211,263.18857
18212,404.3176
18213,310.09064
18214,229.2581
18215,271.18796
18216,366.7518
18217,257.48227
18218,345.03122
18219,170.95961
18220,372.55283
18221,206.5006
18222,346.37134
18223,258.89716
18224,431.42188
18225,258.06497
18226,319.9549
18227,282.873
18228,554.102
18229,2.4757063
18230,215.69814
18231,209.10796
18232,726.5416
18233,388.50476
18234,468.87296
18235,329.57175
18236,893.1719
18237,151.39038
18238,347.7958
18239,198.26569
18240,841.8221
18241,177.24849
18242,292.94342
18243,336.09036
18244,214.59889
18245,263.64026
18246,6.460703
18247,153.36339
18248,302.78668
18249,311.74252
18250,421.005
18251,286.88248
18252,662.00214
18253,18.558094
18254,136.78377
18255,335.92612
18256,446.20926
18257,205.53589
18258,332.16174
18259,286.15973
18260,250.5879
18261,291.2135
18262,457.53708
18263,20.360723
18264,158.79634
18265,319.6695
18266,270.571
18267,355.6166
18268,354.36346
18269,2.2699597
18270,2.7870605
18271,334.22067
18272,322.9376
18273,238.00777
18274,772.4828
18275,215.56572
18276,136.75563
18277,228.87617
18278,2.0918233
18279,273.573
18280,46.568554
18281,81.80312
18282,70.4643
18283,68.51635
18284,246.00607
18285,130.91508
18286,158.6946
18287,157.35596
18288,135.60011
18289,186.06905
18290,203.78455
18291,199.20074
18292,182.7093
18293,136.26385
18294,93.890274
18295,160.24782
18296,762.21844
18297,246.634
18298,183.08931
18299,137.84439
18300,178.54492
18301,164.10626
18302,726.66565
18303,2.2385087
18304,273.11804
18305,243.83067
18306,767.79706
18307,5.6866684
18308,176.17973
18309,223.72508
18310,245.34114
18311,244.42293
18312,570.6456
18313,222.16652
18314,299.67847
18315,2.091892
18316,178.87117
18317,2.8563871
18318,267.8892
18319,168.39781
18320,285.88123
18321,72.07994
18322,834.1293
18323,165.61813
18324,217.98479
18325,276.74533
18326,156.82368
18327,271.9701
18328,302.00977
18329,243.19362
18330,285.18802
18331,222.58624
18332,310.31763
18333,179.95314
18334,207.6819
18335,64.11033
18336,153.06674
18337,189.82706
18338,138.8524
18339,135.99515
18340,277.7284
18341,231.67209
18342,174.57042
18343,132.3848
18344,130.42528
18345,246.44936
18346,636.02686
18347,3.605122
18348,128.03613
18349,260.2576
18350,250.10602
18351,278.2717
18352,823.0114
18353,282.96365
18354,283.93542
18355,311.25073
18356,440.03406
18357,225.84537
18358,244.47159
18359,271.5697
18360,489.2407
18361,286.7671
18362,320.9987
18363,200.05624
18364,984.5854
18365,253.94327
18366,216.9198
18367,262.09836
18368,745.38513
18369,2.0918398
18370,263.3562
18371,329.6826
18372,961.71515
18373,1.1958077
18374,1.1677018
18375,106.581245
18376,280.5728
18377,204.94167
18378,317.36435
18379,191.80328
18380,622.99744
18381,144.9341
18382,273.93924
18383,164.30267
18384,198.87349
18385,301.14023
18386,219.05493
18387,310.8701
18388,749.1004
18389,270.9053
18390,321.57166
18391,357.37183
18392,634.8069
18393,177.58609
18394,274.80005
18395,172.92178
18396,68.369
18397,322.39655
18398,306.48618
18399,320.87854
18400,824.3767
18401,245.18549
18402,271.62106
18403,304.31604
18404,109.89107
18405,321.9122
18406,742.8163
18407,243.97789
18408,271.80258
18409,273.285
18410,314.40033
18411,248.71014
18412,262.3262
18413,20.154438
18414,136.2222
18415,289.0644
18416,325.0338
18417,145.79622
18418,201.3895
18419,263.12503
18420,723.1446
18421,115.10423
18422,105.1267
18423,211.58144
18424,217.24867
18425,250.77383
18426,175.9765
18427,244.88077
18428,164.44257
18429,2.0918393
18430,168.86932
18431,202.02077
18432,226.68962
18433,220.07898
18434,204.5181
18435,183.7941
18436,187.40793
18437,264.66724
18438,756.00073
18439,254.01457
18440,312.95676
18441,219.60825
18442,604.4672
18443,117.55516
18444,293.9353
18445,83.06528
18446,487.87094
18447,52.52808
18448,52.319504
18449,155.59645
18450,290.0416
18451,2.5513396
18452,335.10806
18453,214.23062
18454,189.33107
18455,119.072914
18456,251.49298
18457,251.4257
18458,267.15854
18459,156.95937
18460,756.7619
18461,371.97913
18462,349.71353
18463,265.33188
18464,448.71274
18465,2.0918403
18466,251.52518
18467,165.62741
18468,245.86737
18469,155.90727
18470,189.27931
18471,2.0918403
18472,202.93408
18473,2.7562776
18474,250.30667
18475,276.00565
18476,57.71773
18477,7.532722
18478,215.54263
18479,245.41934
18480,298.29623
18481,194.11696
18482,669.463
18483,305.0872
18484,149.00409
18485,238.36299
18486,259.71405
18487,276.77637
18488,1118.6667
18489,217.7154
18490,268.809
18491,245.37343
18492,248.25931
18493,188.35916
18494,283.62024
18495,223.06479
18496,537.7963
18497,67.55388
18498,290.63098
18499,297.88217
18500,873.43176
18501,229.11682
18502,219.8548
18503,122.42092
18504,613.5883
18505,196.37654
18506,260.7377
18507,191.69414
18508,243.29878
18509,2.6515048
18510,695.2897
18511,203.41618
18512,234.16574
18513,189.67177
18514,1092.5673
18515,2.1449351
18516,149.64812
18517,2.145036
18518,331.96225
18519,317.88873
18520,322.15216
18521,180.68932
18522,806.37823
18523,42.409126
18524,43.132145
18525,230.33342
18526,294.73364
18527,242.6272
18528,864.05383
18529,71.32685
18530,223.27386
18531,351.32025
18532,908.51215
18533,2.0918393
18534,136.54839
18535,200.0703
18536,291.7475
18537,155.78296
18538,171.24585
18539,284.9347
18540,921.9098
18541,67.09757
18542,13.813707
18543,2.0918393
18544,246.58925
18545,205.96584
18546,275.6635
18547,304.1921
18548,960.33813
18549,11.476744
18550,2.1525304
18551,254.60745
18552,138.26134
18553,267.6891
18554,1017.9364
18555,4.8052173
18556,2.1852145
18557,2.1852145
18558,277.61176
18559,112.48037
18560,295.02762
18561,322.24606
18562,191.3034
18563,290.24188
18564,305.2166
18565,204.45686
18566,233.20451
18567,141.63908
18568,946.7428
18569,4.8245373
18570,211.56728
18571,306.0326
18572,341.94116
18573,255.07071
18574,145.95712
18575,2.5703819
18576,123.20638
18577,2.0804245
18578,333.73462
18579,254.26675
18580,251.03531
18581,392.04108
18582,475.22787
18583,44.69503
18584,225.8458
18585,258.86557
18586,358.45996
18587,140.53268
18588,800.37787
18589,191.98381
18590,212.4221
18591,248.43433
18592,266.15024
18593,277.11182
18594,272.8711
18595,137.76633
18596,291.6264
18597,15.545554
18598,218.11449
18599,145.88956
18600,225.96025
18601,153.75749
18602,582.6867
18603,295.70853
18604,345.36765
18605,51.787266
18606,157.95773
18607,285.13007
18608,366.7109
18609,309.42255
18610,343.79453
18611,186.76479
18612,263.386
18613,293.24213
18614,297.1012
18615,283.791
18616,239.00151
18617,270.2385
18618,8.407959
18619,365.00946
18620,732.56445
18621,2.567346
18622,237.0167
18623,328.89932
18624,673.12335
18625,2.1633108
18626,16.070324
18627,112.95874
18628,105.34479
18629,268.19806
18630,205.42964
18631,184.10638
18632,93.68088
18633,171.80464
18634,311.59402
18635,193.90889
18636,146.37712
18637,172.74539
18638,364.50867
18639,182.85857
18640,213.82832
18641,64.00589
18642,2.1737943
18643,228.33565
18644,281.18118
18645,3.1770663
18646,632.864
18647,182.15965
18648,461.22522
18649,158.19456
18650,277.33444
18651,172.60347
18652,241.17105
18653,111.91379
18654,286.90866
18655,250.98312
18656,276.70535
18657,210.28351
18658,363.08575
18659,185.04288
18660,172.3394
18661,259.171
18662,87.456604
18663,282.5764
18664,138.29759
18665,232.17874
18666,816.78033
18667,285.7759
18668,280.86688
18669,2.1189063
18670,121.20121
18671,54.49677
18672,248.1568
18673,121.28848
18674,176.46562
18675,265.8871
18676,183.6311
18677,288.90115
18678,536.392
18679,2.1189063
18680,128.12578
18681,90.44915
18682,2.9978187
18683,177.50505
18684,215.88782
18685,281.97458
18686,859.5746
18687,36.44808
18688,85.04327
18689,179.51271
18690,264.46887
18691,221.37022
18692,1000.7046
18693,197.46704
18694,326.6733
18695,251.25563
18696,553.984
18697,2.1189063
18698,165.37251
18699,183.54623
18700,151.7546
18701,271.70096
18702,908.6331
18703,36.440445
18704,268.26523
18705,176.33119
18706,323.6613
18707,176.23598
18708,2.0918398
18709,2.0918398
18710,272.8115
18711,3.5127163
18712,323.8914
18713,265.56775
18714,754.0059
18715,294.71167
18716,308.46478
18717,277.39487
18718,662.1933
18719,294.73035
18720,280.8375
18721,304.6504
18722,348.81708
18723,107.94993
18724,108.10861
18725,290.37387
18726,405.41055
18727,2.3895662
18728,228.90674
18729,224.94263
18730,286.984
18731,270.07596
18732,355.05817
18733,291.65698
18734,781.1211
18735,248.06506
18736,254.44238
18737,235.36371
18738,639.25867
18739,176.87862
18740,2.0928452
18741,272.58972
18742,2.5199401
18743,200.06392
18744,820.30896
18745,16.100946
18746,310.10806
18747,195.15222
18748,715.9647
18749,17.014914
18750,316.7688
18751,280.85046
18752,647.5764
18753,49.322727
18754,189.27974
18755,267.3451
18756,248.0376
18757,205.08147
18758,176.85811
18759,183.43613
18760,721.4262
18761,2.0928452
18762,298.9498
18763,166.69827
18764,717.8267
18765,208.8675
18766,254.37648
18767,233.35587
18768,308.82294
18769,245.84276
18770,320.81766
18771,234.1471
18772,360.44647
18773,136.67905
18774,143.34044
18775,245.48393
18776,454.3956
18777,234.2989
18778,245.1289
18779,268.88168
18780,170.586
18781,402.1702
18782,221.04822
18783,2.1311393
18784,191.02487
18785,172.79411
18786,205.86563
18787,206.93733
18788,5.746608
18789,279.9362
18790,607.3172
18791,222.17908
18792,290.7498
18793,273.17407
18794,169.53934
18795,265.80026
18796,584.8895
18797,239.95583
18798,281.30524
18799,267.27258
18800,248.3648
18801,209.89647
18802,276.16592
18803,327.0627
18804,658.20715
18805,159.24376
18806,236.55663
18807,189.86864
18808,121.01219
18809,276.84912
18810,619.4724
18811,54.381245
18812,245.95128
18813,225.83224
18814,819.3184
18815,248.58691
18816,272.63577
18817,313.97852
18818,229.28114
18819,229.11867
18820,4.6691074
18821,33.790096
18822,259.6557
18823,241.06439
18824,5.1958613
18825,237.447
18826,261.3627
18827,2.167368
18828,266.89056
18829,318.9962
18830,465.03317
18831,200.44814
18832,994.16046
18833,280.2856
18834,308.7855
18835,275.02936
18836,437.0769
18837,24.905891
18838,245.34755
18839,220.39093
18840,512.3399
18841,2.0943575
18842,2.0918393
18843,2.375742
18844,224.60022
18845,281.4222
18846,16.862263
18847,309.8598
18848,332.13217
18849,229.94873
18850,332.5772
18851,329.5857
18852,781.6785
18853,269.28168
18854,240.51656
18855,189.68439
18856,110.278114
18857,331.77554
18858,265.09113
18859,256.89835
18860,900.69867
18861,2.1899064
18862,60.85088
18863,247.5896
18864,286.75974
18865,357.755
18866,622.1061
18867,296.56375
18868,270.13898
18869,209.08212
18870,154.13054
18871,3.057286
18872,86.16856
18873,254.40103
18874,269.51465
18875,293.30054
18876,242.40916
18877,100.75483
18878,451.33508
18879,152.72363
18880,163.41823
18881,274.40594
18882,250.35892
18883,268.02942
18884,277.70383
18885,229.91745
18886,485.10995
18887,256.77017
18888,252.92679
18889,271.8016
18890,492.87616
18891,270.4766
18892,359.09103
18893,307.41504
18894,876.5686
18895,80.60374
18896,214.27487
18897,143.05768
18898,304.89062
18899,245.6421
18900,293.76337
18901,233.20557
18902,304.59027
18903,255.3574
18904,386.48557
18905,26.272736
18906,182.13495
18907,231.95337
18908,79.82744
18909,308.22668
18910,333.1173
18911,318.23013
18912,659.6131
18913,250.5326
18914,225.95529
18915,14.524331
18916,282.94894
18917,301.9736
18918,317.02426
18919,2.0918393
18920,210.5555
18921,3.210007
18922,552.6511
18923,186.17542
18924,236.1576
18925,265.1251
18926,258.2468
18927,2.94287
18928,154.19727
18929,184.7409
18930,30.167065
18931,347.98584
18932,689.901
18933,253.77225
18934,195.54604
18935,239.88112
18936,904.91473
18937,267.74557
18938,48.42551
18939,2.0918915
18940,236.62445
18941,2.7354605
18942,145.03549
18943,335.93387
18944,907.67316
18945,72.72221
18946,10.264219
18947,2.0918915
18948,231.7123
18949,2.9193487
18950,332.06918
18951,167.60202
18952,709.8749
18953,200.28362
18954,3.4613445
18955,281.99603
18956,267.30023
18957,156.73502
18958,374.39957
18959,271.99664
18960,310.23874
18961,15.553743
18962,258.45834
18963,266.14172
18964,464.70477
18965,46.295044
18966,56.55315
18967,9.01977
18968,205.81046
18969,315.815
18970,275.33936
18971,276.2526
18972,747.16785
18973,2.0918393
18974,294.07275
18975,3.1286373
18976,259.08347
18977,253.4404
18978,260.5696
18979,308.6444
18980,510.42117
18981,177.52509
18982,233.6944
18983,151.95758
18984,765.34424
18985,302.31723
18986,119.73773
18987,239.93393
18988,303.19763
18989,257.1059
18990,765.0055
18991,179.36761
18992,295.9369
18993,233.30794
18994,857.4508
18995,2.0918915
18996,50.736683
18997,306.07764
18998,306.0413
18999,238.4394
19000,798.0553
19001,2.0918915
19002,284.67322
19003,142.58337
19004,213.37112
19005,246.04315
19006,262.00897
19007,275.6722
19008,547.1765
19009,2.0918915
19010,74.48071
19011,281.6121
19012,315.91437
19013,330.37097
19014,508.52173
19015,256.56424
19016,355.53677
19017,2.0918393
19018,140.05278
19019,5.0804844
19020,262.99362
19021,2.7868016
19022,364.14093
19023,306.82922
19024,802.1854
19025,310.0299
19026,266.49084
19027,296.5237
19028,618.3224
19029,236.39784
19030,292.49405
19031,69.90244
19032,276.23056
19033,298.89163
19034,248.4328
19035,2.0918393
19036,300.8785
19037,263.01938
19038,223.14076
19039,257.33966
19040,312.1884
19041,269.6936
19042,132.03085
19043,300.7103
19044,955.02124
19045,147.90627
19046,277.20142
19047,351.87875
19048,819.1278
19049,2.1096363
19050,277.4047
19051,159.49843
19052,266.47534
19053,3.1191823
19054,3.1701891
19055,2.7398787
19056,261.68393
19057,189.20184
19058,904.7284
19059,2.8835313
19060,485.15335
19061,146.66675
19062,363.66013
19063,295.8074
19064,808.32324
19065,279.82642
19066,264.73187
19067,146.97063
19068,351.97595
19069,186.1552
19070,6.18363
19071,58.13651
19072,234.37265
19073,222.68068
19074,307.82104
19075,328.31998
19076,335.4328
19077,152.96094
19078,355.23975
19079,226.22075
19080,298.4132
19081,2.1096148
19082,288.31174
19083,301.7459
19084,381.69202
19085,284.88272
19086,636.0094
19087,51.838566
19088,194.86838
19089,162.14114
19090,392.0005
19091,267.0017
19092,545.23364
19093,287.8715
19094,142.66367
19095,257.22272
19096,791.0557
19097,200.86871
19098,319.82263
19099,214.40926
19100,378.3559
19101,2.0918393
19102,200.56044
19103,310.2563
19104,591.8109
19105,279.99722
19106,236.50443
19107,278.72055
19108,271.06787
19109,11.051727
19110,2.8841083
19111,137.77815
19112,3.0058274
19113,178.03252
19114,153.40761
19115,315.5493
19116,519.1645
19117,231.45465
19118,203.72766
19119,193.7942
19120,299.3345
19121,271.8734
19122,612.71564
19123,253.66045
19124,249.62918
19125,125.3814
19126,75.763016
19127,140.91571
19128,282.24637
19129,270.05078
19130,586.6514
19131,2.0918915
19132,265.2827
19133,175.81325
19134,309.684
19135,61.301086
19136,55.192112
19137,152.70712
19138,188.7858
19139,268.3693
19140,728.9463
19141,142.68225
19142,269.33694
19143,286.92624
19144,478.08936
19145,198.99458
19146,203.72136
19147,285.4421
19148,310.68427
19149,252.09996
19150,274.41992
19151,306.96008
19152,770.59656
19153,2.0918393
19154,10.556364
19155,285.84464
19156,200.04123
19157,208.57765
19158,779.79236
19159,79.378914
19160,272.20688
19161,280.59866
19162,324.07626
19163,265.73953
19164,451.47852
19165,81.19783
19166,2.0918393
19167,259.00232
19168,298.20523
19169,3.1288285
19170,904.28375
19171,194.02617
19172,240.32803
19173,2.185215
19174,197.68219
19175,86.10678
19176,179.0553
19177,187.40349
19178,193.65657
19179,337.99347
19180,421.82184
19181,185.51236
19182,1075.004
19183,98.52094
19184,242.83424
19185,259.48193
19186,199.08264
19187,312.52563
19188,2.5407991
19189,191.69621
19190,318.65897
19191,319.46555
19192,856.0367
19193,12.034734
19194,91.73156
19195,362.2372
19196,416.02563
19197,277.175
19198,314.55685
19199,213.95515
19200,678.76605
19201,66.05777
19202,218.65974
19203,202.01334
19204,191.99883
19205,157.48932
19206,472.33157
19207,124.279205
19208,244.41676
19209,95.06957
19210,396.82452
19211,264.2133
19212,605.23663
19213,223.54431
19214,478.65884
19215,177.74844
19216,316.00195
19217,304.9699
19218,921.02594
19219,100.28063
19220,272.34546
19221,223.5058
19222,493.41263
19223,2.7392676
19224,225.60248
19225,213.96135
19226,401.93658
19227,263.89703
19228,1028.3503
19229,3.0354764
19230,3.0354764
19231,299.1638
19232,187.6167
19233,352.58148
19234,311.30008
19235,283.10452
19236,716.8554
19237,238.7601
19238,261.95065
19239,166.11488
19240,1008.67645
19241,2.736874
19242,182.09164
19243,223.23517
19244,171.92021
19245,195.18483
19246,239.52928
19247,181.2378
19248,695.2388
19249,282.69397
19250,317.60184
19251,263.96365
19252,413.84354
19253,190.26718
19254,119.496254
19255,272.58505
19256,843.44055
19257,2.5223494
19258,295.46692
19259,169.05997
19260,258.77533
19261,68.455536
19262,892.2727
19263,42.121506
19264,298.51956
19265,237.75546
19266,501.7925
19267,265.92276
19268,574.5583
19269,217.53146
19270,411.97635
19271,287.41086
19272,179.13394
19273,248.64795
19274,638.6358
19275,197.58466
19276,125.36125
19277,261.66895
19278,666.7569
19279,212.52042
19280,209.55368
19281,254.85832
19282,700.851
19283,2.5937395
19284,332.34894
19285,296.09946
19286,300.37027
19287,192.20003
19288,16.343918
19289,254.89465
19290,265.09717
19291,229.67276
19292,282.2002
19293,317.90427
19294,339.93814
19295,2.0918393
19296,5.613102
19297,106.18339
19298,177.40231
19299,239.55112
19300,2.0918393
19301,2.0918393
19302,276.3392
19303,236.079
19304,313.7105
19305,230.88045
19306,327.893
19307,188.74594
19308,233.76
19309,298.8485
19310,1115.3165
19311,4.009755
19312,516.7678
19313,354.67676
19314,814.7012
19315,300.05643
19316,603.4743
19317,2.7450266
19318,2.7450266
19319,307.44684
19320,261.52982
19321,239.31595
19322,906.6121
19323,255.01674
19324,293.73328
19325,193.92195
19326,869.78253
19327,40.428337
19328,3.10033
19329,177.90715
19330,328.9223
19331,250.40858
19332,712.79974
19333,272.65308
19334,229.16595
19335,271.89157
19336,233.98384
19337,196.72328
19338,286.63336
19339,183.45026
19340,258.72446
19341,259.63736
19342,273.09924
19343,338.9549
19344,394.33987
19345,10.480148
19346,1.2120814
19347,2.1087596
19348,-2.3587527
19349,216.53668
19350,285.32477
19351,221.78366
19352,220.7372
19353,3.1286373
19354,342.2482
19355,304.37918
19356,2.770811
19357,203.19147
19358,334.00308
19359,306.2021
19360,271.8721
19361,200.31604
19362,651.60956
19363,194.60097
19364,287.83884
19365,229.89952
19366,491.68353
19367,193.0373
19368,297.73758
19369,257.2694
19370,344.99234
19371,0.871371
19372,265.588
19373,242.00728
19374,2.0918393
19375,87.51229
19376,237.33015
19377,6.046225
19378,219.33842
19379,107.70372
19380,303.23453
19381,2.0918393
19382,2.0918393
19383,287.03186
19384,305.52332
19385,326.3638
19386,481.09488
19387,206.02086
19388,205.7621
19389,245.14764
19390,207.63754
19391,115.44045
19392,234.05008
19393,293.1605
19394,639.969
19395,301.51337
19396,233.08325
19397,163.47986
19398,290.66992
19399,294.52075
19400,290.17682
19401,318.98322
19402,364.2918
19403,2.2950332
19404,197.05453
19405,350.17935
19406,299.76636
19407,305.19678
19408,324.94073
19409,268.1452
19410,323.88852
19411,146.54948
19412,584.8123
19413,291.24234
19414,214.33751
19415,130.20221
19416,203.16823
19417,130.20221
19418,61.729744
19419,304.32257
19420,190.4387
19421,260.0775
19422,877.8683
19423,2.6659458
19424,198.99335
19425,182.03458
19426,285.7327
19427,329.97833
19428,499.79523
19429,220.91072
19430,184.7113
19431,219.12405
19432,922.0913
19433,287.27658
19434,304.60617
19435,222.10016
19436,325.2296
19437,190.4056
19438,217.03192
19439,237.85413
19440,211.36977
19441,53.010506
19442,120.042885
19443,219.34052
19444,336.75842
19445,288.31622
19446,357.68207
19447,189.59212
19448,111.021286
19449,248.77893
19450,540.1385
19451,159.55762
19452,2.0918238
19453,118.46028
19454,130.53311
19455,237.70694
19456,235.98372
19457,224.71571
19458,310.89963
19459,2.0918238
19460,2.0918238
19461,164.52167
19462,252.44904
19463,153.23315
19464,87.10578
19465,275.15225
19466,489.42545
19467,253.5257
19468,298.77585
19469,205.02274
19470,484.03122
19471,178.7759
19472,53.684345
19473,249.1319
19474,102.08875
19475,231.9274
19476,697.30084
19477,193.83702
19478,299.97498
19479,278.39545
19480,595.01074
19481,149.51585
19482,206.34155
19483,-1.6338341
19484,202.6698
19485,262.70193
19486,655.90936
19487,260.55634
19488,192.91939
19489,123.735115
19490,249.98956
19491,16.05715
19492,195.98871
19493,270.9378
19494,274.23505
19495,124.54407
19496,642.75555
19497,124.437386
19498,208.22047
19499,261.56467
19500,662.92346
19501,187.17554
19502,184.13486
19503,233.96118
19504,361.63245
19505,29.355316
19506,247.75903
19507,358.29337
19508,700.0702
19509,193.81604
19510,156.0209
19511,196.58682
19512,629.9112
19513,178.39413
19514,131.00536
19515,88.82127
19516,715.11816
19517,8.904978
19518,276.45142
19519,266.44873
19520,688.7473
19521,212.54112
19522,288.82797
19523,280.8965
19524,746.2657
19525,109.93658
19526,2.546329
19527,289.7083
19528,243.518
19529,135.90135
19530,211.32906
19531,220.4847
19532,854.6828
19533,62.26338
19534,242.143
19535,275.0444
19536,160.46631
19537,334.0121
19538,261.94485
19539,238.84375
19540,100.58112
19541,328.58426
19542,833.2308
19543,252.21895
19544,178.3434
19545,330.15286
19546,803.53723
19547,245.30522
19548,5.452759
19549,193.79451
19550,283.49823
19551,139.1325
19552,127.56912
19553,149.24179
19554,820.82697
19555,2.1318982
19556,232.34058
19557,257.88306
19558,2.1318767
19559,253.1482
19560,230.21042
19561,209.04706
19562,245.63979
19563,311.3936
19564,824.76996
19565,20.161543
19566,197.5431
19567,291.1259
19568,287.64655
19569,143.48717
19570,162.32622
19571,339.23782
19572,579.83185
19573,215.23112
19574,229.44345
19575,116.82889
19576,268.2292
19577,266.18634
19578,618.47626
19579,2.2970018
19580,226.72481
19581,285.6317
19582,324.3543
19583,293.1267
19584,723.4307
19585,238.06154
19586,316.97052
19587,108.65852
19588,834.34247
19589,300.15866
19590,11.575314
19591,191.16133
19592,305.36826
19593,292.34656
19594,679.51294
19595,161.2602
19596,243.68025
19597,266.02048
19598,335.15723
19599,257.4271
19600,253.42957
19601,276.7762
19602,235.91176
19603,226.34001
19604,676.8744
19605,360.8406
19606,361.21304
19607,257.27606
19608,418.20322
19609,2.1592245
19610,179.51524
19611,280.25122
19612,140.83133
19613,216.70975
19614,476.37732
19615,2.5084302
19616,83.36552
19617,10.094193
19618,165.06148
19619,302.6461
19620,267.69504
19621,225.57097
19622,836.7637
19623,283.49
19624,450.26248
19625,292.30484
19626,209.77933
19627,201.09183
19628,433.13193
19629,294.59958
19630,258.89886
19631,103.30527
19632,2.1073701
19633,11.838821
19634,140.26088
19635,215.14513
19636,318.37778
19637,287.3096
19638,231.21062
19639,357.99615
19640,510.17554
19641,120.765
19642,2.1073368
19643,214.31712
19644,281.5795
19645,218.23338
19646,287.45126
19647,2.106773
19648,263.5781
19649,2.5549002
19650,553.9223
19651,109.3467
19652,213.97992
19653,146.99097
19654,755.28546
19655,40.387657
19656,272.7234
19657,270.5029
19658,68.991
19659,290.347
19660,529.00757
19661,202.06525
19662,234.48392
19663,279.43848
19664,626.04236
19665,2.091892
19666,188.17892
19667,223.14252
19668,903.5724
19669,166.36147
19670,112.19657
19671,272.66205
19672,251.30544
19673,275.59412
19674,967.4728
19675,246.8988
19676,216.73407
19677,209.01726
19678,195.76286
19679,183.748
19680,671.1846
19681,150.29889
19682,275.14087
19683,285.3422
19684,672.7709
19685,33.143982
19686,215.93497
19687,221.39532
19688,645.94244
19689,179.38838
19690,243.75766
19691,220.06615
19692,669.16864
19693,145.04837
19694,240.0997
19695,295.83392
19696,634.1792
19697,273.15005
19698,490.4566
19699,315.19705
19700,992.78644
19701,294.1418
19702,223.33809
19703,9.345151
19704,232.47437
19705,196.67645
19706,628.3505
19707,20.148075
19708,278.61075
19709,303.21017
19710,987.64014
19711,127.18395
19712,227.15991
19713,247.32649
19714,299.84988
19715,192.52574
19716,791.6897
19717,2.0918398
19718,145.24277
19719,3.0345922
19720,243.24841
19721,18.033815
19722,19.45181
19723,16.228798
19724,189.87141
19725,148.70279
19726,216.64085
19727,268.44656
19728,295.96744
19729,216.09087
19730,251.96707
19731,16.218725
19732,75.59914
19733,323.5555
19734,664.6919
19735,281.94598
19736,377.29477
19737,4.3093047
19738,262.8995
19739,211.03482
19740,584.6487
19741,324.489
19742,506.84137
19743,2.4239404
19744,192.37497
19745,297.0119
19746,425.7614
19747,227.10538
19748,324.02817
19749,190.95958
19750,218.94682
19751,185.92178
19752,265.76224
19753,2.4239404
19754,2.423919
19755,215.11183
19756,345.86734
19757,247.57224
19758,272.36258
19759,265.73572
19760,506.7121
19761,208.11829
19762,362.2161
19763,268.2714
19764,570.42413
19765,274.32635
19766,254.4752
19767,259.41226
19768,116.090324
19769,2.6423979
19770,13.152339
19771,267.3278
19772,286.5654
19773,246.05011
19774,162.9811
19775,2.6423979
19776,248.81729
19777,238.73401
19778,455.98804
19779,147.47359
19780,189.11986
19781,286.09607
19782,864.4552
19783,345.5012
19784,350.44153
19785,319.40405
19786,929.9938
19787,286.87497
19788,228.49785
19789,356.44144
19790,737.75635
19791,258.40292
19792,272.50317
19793,245.4853
19794,325.90515
19795,213.22118
19796,259.63367
19797,136.98672
19798,330.15216
19799,301.716
19800,303.29767
19801,2.5416844
19802,165.47757
19803,267.862
19804,14.131866
19805,262.46332
19806,901.4481
19807,159.33789
19808,11.773716
19809,211.31172
19810,330.42392
19811,316.06772
19812,678.805
19813,302.45267
19814,293.02896
19815,240.03621
19816,551.28687
19817,2.0918393
19818,198.96155
19819,241.69977
19820,259.71298
19821,2.0918393
19822,2.0918393
19823,337.11627
19824,342.23257
19825,242.97449
19826,344.9519
19827,246.47029
19828,464.9287
19829,267.33023
19830,742.9431
19831,187.56073
19832,232.04079
19833,162.7729
19834,283.81723
19835,235.60422
19836,276.01984
19837,52.846035
19838,173.41557
19839,193.0805
19840,242.32253
19841,177.5165
19842,35.16998
19843,205.33206
19844,103.12577
19845,213.34416
19846,335.99036
19847,199.15793
19848,380.7184
19849,56.9821
19850,302.25537
19851,219.10478
19852,898.7123
19853,0.28137147
19854,295.2079
19855,237.50075
19856,596.58624
19857,111.71069
19858,305.23596
19859,163.81094
19860,312.53296
19861,228.94008
19862,570.0086
19863,184.08902
19864,237.357
19865,186.61038
19866,232.12175
19867,4.27006
19868,38.147614
19869,162.26062
19870,198.93138
19871,223.34875
19872,208.83325
19873,309.03366
19874,951.99066
19875,2.0918403
19876,172.73901
19877,226.9685
19878,249.66765
19879,223.62146
19880,867.68164
19881,212.02057
19882,272.727
19883,223.38768
19884,237.18187
19885,173.75053
19886,2.0935476
19887,166.68723
19888,237.38832
19889,242.90273
19890,1118.5911
19891,159.33183
19892,65.58235
19893,2.0940237
19894,156.10509
19895,256.95044
19896,166.97702
19897,151.5704
19898,893.98584
19899,43.920033
19900,195.4741
19901,252.22835
19902,810.89545
19903,260.2581
19904,5.1217213
19905,192.06497
19906,174.76187
19907,202.38692
19908,204.52296
19909,185.3634
19910,581.4372
19911,276.63644
19912,263.52634
19913,298.70117
19914,408.77576
19915,168.78883
19916,307.97568
19917,300.8513
19918,375.04495
19919,2.2051375
19920,2.2051375
19921,2.852399
19922,12.5734215
19923,335.49182
19924,186.85088
19925,263.86032
19926,346.49942
19927,162.09915
19928,321.8478
19929,280.40417
19930,889.0313
19931,199.65733
19932,78.69872
19933,334.53424
19934,279.60843
19935,254.91745
19936,842.9133
19937,2.1414888
19938,328.78113
19939,314.92078
19940,569.557
19941,2.5219035
19942,213.14711
19943,219.58449
19944,245.68755
19945,257.40833
19946,572.8112
19947,43.590218
19948,170.28172
19949,311.11264
19950,841.01855
19951,2.0918398
19952,18.160189
19953,63.774506
19954,229.37314
19955,259.86343
19956,212.80334
19957,294.19788
19958,831.93286
19959,95.75866
19960,237.5648
19961,319.75623
19962,1083.7029
19963,2.0918398
19964,274.39017
19965,345.31577
19966,539.5841
19967,188.28693
19968,278.75674
19969,299.8929
19970,341.08084
19971,270.91043
19972,687.80774
19973,288.27628
19974,107.04524
19975,193.41142
19976,264.98782
19977,228.19733
19978,306.44058
19979,325.73248
19980,330.28857
19981,301.8998
19982,978.9581
19983,267.68588
19984,235.29048
19985,300.0209
19986,1017.02905
19987,233.7491
19988,320.358
19989,295.40842
19990,353.0228
19991,314.7266
19992,343.67627
19993,236.28194
19994,679.6196
19995,263.0172
19996,222.72934
19997,267.68494
19998,225.3809
19999,272.91507
20000,323.57687
20001,2.543748
20002,297.29807
20003,338.22354
20004,381.30942
20005,232.11421
20006,261.04694
20007,2.5630946
20008,299.15918
20009,331.9987
20010,255.82388
20011,3.0464084
20012,499.38535
20013,231.16393
20014,239.6261
20015,277.4073
20016,317.74173
20017,306.51862
20018,507.68292
20019,2.106773
20020,170.04909
20021,328.6265
20022,276.04318
20023,277.36652
20024,621.1683
20025,277.45264
20026,274.7086
20027,307.56314
20028,934.3595
20029,223.58539
20030,2.0918403
20031,282.82584
20032,149.97523
20033,278.32156
20034,846.91705
20035,194.00546
20036,337.45923
20037,227.39995
20038,275.95108
20039,286.45804
20040,478.9155
20041,2.1035395
20042,134.0046
20043,274.527
20044,850.69946
20045,191.05626
20046,15.018783
20047,247.7469
20048,109.21193
20049,294.6661
20050,826.87805
20051,178.3381
20052,187.09558
20053,222.04816
20054,175.82559
20055,167.99913
20056,159.3554
20057,137.3214
20058,181.45891
20059,317.6529
20060,587.12555
20061,2.6743875
20062,41.403988
20063,339.6241
20064,696.041
20065,2.091892
20066,251.34297
20067,261.04572
20068,774.9592
20069,3.0027637
20070,3.0027637
20071,3.057892
20072,250.33995
20073,318.44864
20074,264.46616
20075,221.3255
20076,909.5586
20077,109.090126
20078,156.0934
20079,176.91478
20080,315.0958
20081,291.62582
20082,673.6682
20083,4.3053627
20084,42.240784
20085,2.152531
20086,7.7637525
20087,236.80461
20088,294.5588
20089,345.36023
20090,185.23698
20091,205.33629
20092,48.96047
20093,255.6791
20094,754.1622
20095,2.185215
20096,286.56702
20097,316.2691
20098,737.9989
20099,119.45459
20100,282.96082
20101,237.88525
20102,899.02515
20103,68.82279
20104,292.5189
20105,309.63956
20106,429.90634
20107,195.89786
20108,412.2931
20109,2.0918608
20110,60.71128
20111,294.59204
20112,183.26656
20113,247.2345
20114,306.6054
20115,9.173748
20116,15.547045
20117,188.73364
20118,120.657875
20119,192.4758
20120,742.0643
20121,7.97316
20122,276.82968
20123,239.55354
20124,634.4851
20125,248.17676
20126,315.06458
20127,184.36662
20128,172.64392
20129,231.92612
20130,165.91791
20131,282.94202
20132,192.15953
20133,293.03525
20134,627.165
20135,247.21391
20136,154.2902
20137,2.635758
20138,905.0302
20139,232.4415
20140,295.33533
20141,83.234726
20142,171.0458
20143,187.38211
20144,262.02975
20145,118.43162
20146,230.88974
20147,254.64943
20148,280.29453
20149,281.52853
20150,403.64905
20151,169.40735
20152,229.72815
20153,265.33554
20154,671.64935
20155,213.4046
20156,220.58905
20157,210.2508
20158,599.1953
20159,2.0897481
20160,316.71603
20161,235.44963
20162,670.43866
20163,295.8193
20164,330.3573
20165,11.376675
20166,100.94404
20167,260.34134
20168,745.64716
20169,297.56857
20170,576.23804
20171,195.7382
20172,326.73047
20173,189.34612
20174,685.18835
20175,57.947033
20176,300.7959
20177,324.37442
20178,575.4407
20179,246.81596
20180,228.25717
20181,335.72623
20182,977.6834
20183,257.3576
20184,56.97047
20185,246.49852
20186,123.39595
20187,306.2222
20188,317.25916
20189,294.15524
20190,448.89264
20191,2.143135
20192,2.1431136
20193,169.18433
20194,245.91602
20195,112.93825
20196,242.11774
20197,316.83942
20198,200.10765
20199,319.00604
20200,484.03226
20201,2.345198
20202,292.72617
20203,108.59537
20204,652.2144
20205,284.70706
20206,259.388
20207,230.35466
20208,1036.0062
20209,298.53717
20210,318.24408
20211,241.80025
20212,718.61835
20213,17.260208
20214,200.90399
20215,351.09143
20216,918.0724
20217,204.0823
20218,265.04175
20219,313.24292
20220,468.10986
20221,149.6451
20222,326.73727
20223,249.14406
20224,964.3123
20225,39.23986
20226,7.025088
20227,205.86562
20228,339.60233
20229,237.06425
20230,732.45
20231,2.1218572
20232,287.64294
20233,180.02464
20234,869.1749
20235,273.38522
20236,170.12407
20237,340.2581
20238,279.42365
20239,288.60544
20240,662.1966
20241,290.03882
20242,426.08798
20243,175.4791
20244,297.25143
20245,238.06471
20246,615.08386
20247,2.1299815
20248,186.07361
20249,314.28528
20250,902.8828
20251,2.480514
20252,2.480514
20253,263.55023
20254,314.38617
20255,2.0918393
20256,39.615723
20257,2.4974034
20258,248.36803
20259,338.26752
20260,597.0645
20261,238.36679
20262,346.4981
20263,293.78394
20264,944.25085
20265,3.0823853
20266,332.59433
20267,264.81918
20268,842.08997
20269,266.20255
20270,339.36926
20271,2.2361674
20272,168.23282
20273,369.10242
20274,812.8246
20275,229.13016
20276,2.1745086
20277,2.2274117
20278,268.86307
20279,276.10483
20280,268.35117
20281,275.9831
20282,361.90622
20283,243.30602
20284,80.24778
20285,190.96689
20286,161.58058
20287,244.66098
20288,250.98552
20289,267.2537
20290,283.60577
20291,270.91306
20292,221.8228
20293,214.62178
20294,623.34247
20295,300.46188
20296,313.19318
20297,279.67462
20298,491.11374
20299,281.4011
20300,316.01166
20301,323.40802
20302,656.0943
20303,230.07838
20304,267.73343
20305,194.49757
20306,195.78105
20307,2.127028
20308,186.61238
20309,322.0985
20310,339.22092
20311,307.8132
20312,908.0542
20313,2.1276255
20314,237.20009
20315,143.55092
20316,315.58398
20317,335.53558
20318,386.60193
20319,314.20807
20320,743.4978
20321,2.833956
20322,185.94414
20323,335.1735
20324,301.39325
20325,324.07623
20326,678.18475
20327,311.15808
20328,315.44055
20329,279.61368
20330,841.6874
20331,329.86453
20332,201.6215
20333,2.602007
20334,203.76317
20335,147.7312
20336,72.50297
20337,257.92526
20338,167.93703
20339,301.37808
20340,642.62823
20341,307.34454
20342,215.9988
20343,256.94843
20344,876.60974
20345,2.0899532
20346,250.17023
20347,307.25455
20348,918.20056
20349,287.50348
20350,268.69016
20351,313.19705
20352,812.1977
20353,153.02441
20354,344.8951
20355,307.97
20356,871.79987
20357,299.909
20358,170.20844
20359,23.929106
20360,29.38569
20361,286.24615
20362,231.08542
20363,245.30304
20364,209.63058
20365,3.0597315
20366,228.76582
20367,293.5104
20368,872.15405
20369,247.16356
20370,139.15239
20371,214.35825
20372,681.4225
20373,268.29184
20374,318.88025
20375,263.90512
20376,293.82178
20377,209.21678
20378,636.6698
20379,296.0175
20380,255.04237
20381,256.8837
20382,318.31604
20383,315.94217
20384,905.26074
20385,241.10513
20386,294.52878
20387,118.91769
20388,150.36546
20389,274.318
20390,175.88902
20391,207.85782
20392,260.9086
20393,309.35312
20394,774.12115
20395,207.20433
20396,316.61493
20397,336.9616
20398,798.8453
20399,209.55962
20400,235.0229
20401,253.9428
20402,212.06886
20403,2.1425376
20404,262.6437
20405,208.75064
20406,571.3736
20407,198.32315
20408,272.8209
20409,2.1651723
20410,2.2137785
20411,198.28777
20412,256.8947
20413,370.0712
20414,394.67816
20415,234.99623
20416,312.01868
20417,231.51453
20418,230.98131
20419,222.02217
20420,605.17285
20421,316.11066
20422,75.23904
20423,285.515
20424,569.126
20425,280.68936
20426,485.17697
20427,72.9713
20428,308.647
20429,327.46725
20430,784.63153
20431,144.8145
20432,297.1384
20433,312.64838
20434,640.82513
20435,198.28491
20436,318.27783
20437,190.98148
20438,2.1073704
20439,284.92377
20440,245.3598
20441,281.1965
20442,813.3338
20443,247.3471
20444,330.2441
20445,263.9634
20446,650.23914
20447,306.75497
20448,215.02238
20449,205.97443
20450,297.90073
20451,310.94925
20452,695.0853
20453,73.64358
20454,292.55527
20455,282.31955
20456,188.90132
20457,216.41685
20458,293.62625
20459,223.23932
20460,682.8132
20461,1.9484749
20462,263.26962
20463,171.224
20464,477.5289
20465,104.65632
20466,273.74356
20467,259.94583
20468,160.73409
20469,315.42963
20470,770.8094
20471,182.09145
20472,211.43723
20473,346.3949
20474,750.0209
20475,182.75061
20476,70.73489
20477,296.44858
20478,234.75642
20479,305.71307
20480,857.4075
20481,290.58664
20482,252.45343
20483,252.77643
20484,698.89056
20485,2.0918393
20486,312.16998
20487,230.95985
20488,636.69116
20489,355.5461
20490,170.96466
20491,157.82529
20492,212.14081
20493,383.05453
20494,550.57214
20495,289.26227
20496,255.44928
20497,215.60536
20498,896.87463
20499,181.87495
20500,247.86736
20501,297.4985
20502,697.8777
20503,2.1393669
20504,210.36726
20505,255.21434
20506,242.86627
20507,172.65886
20508,204.41176
20509,360.09427
20510,920.3403
20511,342.3788
20512,598.146
20513,294.0157
20514,198.02203
20515,255.28038
20516,690.7662
20517,237.8748
20518,184.2836
20519,212.1672
20520,221.68936
20521,213.14696
20522,617.5956
20523,-1.1408794
20524,259.46896
20525,224.15681
20526,608.21075
20527,222.33177
20528,261.57785
20529,174.30232
20530,481.869
20531,143.06642
20532,297.94687
20533,253.55505
20534,475.5255
20535,189.18437
20536,270.36215
20537,245.9593
20538,225.13199
20539,143.29813
20540,466.5459
20541,233.71527
20542,258.9197
20543,177.56767
20544,638.57446
20545,24.001978
20546,270.34418
20547,222.72372
20548,212.59978
20549,304.0031
20550,684.1066
20551,-0.21544713
20552,300.15405
20553,237.48521
20554,443.4938
20555,157.84586
20556,2.607207
20557,305.47678
20558,110.49386
20559,268.59796
20560,518.4029
20561,38.37732
20562,67.31672
20563,2.0918615
20564,169.33868
20565,77.35836
20566,185.30348
20567,359.48083
20568,269.83975
20569,274.2028
20570,145.14801
20571,259.68405
20572,965.72437
20573,2.4570885
20574,2.3450098
20575,180.76826
20576,168.17767
20577,205.75766
20578,261.41885
20579,157.85257
20580,51.12955
20581,166.27863
20582,137.89525
20583,199.74167
20584,251.94669
20585,249.48517
20586,179.19557
20587,319.11987
20588,851.7605
20589,317.0165
20590,518.9332
20591,338.35443
20592,726.5404
20593,164.69193
20594,294.60696
20595,2.2757785
20596,215.53224
20597,266.43723
20598,585.08185
20599,2.2757785
20600,36.965958
20601,2.3084626
20602,209.95349
20603,295.98346
20604,286.04956
20605,283.47955
20606,721.66644
20607,40.902534
20608,261.85443
20609,246.84465
20610,760.62555
20611,41.077347
20612,246.0942
20613,304.17908
20614,662.145
20615,230.75682
20616,476.65488
20617,349.3051
20618,923.7617
20619,41.21094
20620,219.80322
20621,314.22958
20622,796.59015
20623,155.34152
20624,313.5842
20625,264.85287
20626,307.03345
20627,50.525173
20628,192.06242
20629,363.2227
20630,301.9503
20631,19.745852
20632,23.094435
20633,182.44083
20634,242.12553
20635,237.1186
20636,173.8876
20637,203.09183
20638,272.00906
20639,125.544304
20640,1043.661
20641,2.5910928
20642,295.95255
20643,115.52456
20644,670.3651
20645,75.19665
20646,283.81622
20647,320.0197
20648,406.18164
20649,88.14036
20650,36.44694
20651,245.57132
20652,250.0993
20653,253.80275
20654,675.95276
20655,135.85559
20656,127.35345
20657,2.170825
20658,229.17538
20659,183.99695
20660,207.60089
20661,213.69864
20662,237.11145
20663,209.18945
20664,254.69872
20665,239.85129
20666,240.14783
20667,240.77092
20668,634.75024
20669,262.38834
20670,315.76474
20671,93.97958
20672,171.61201
20673,218.24046
20674,612.4241
20675,174.50716
20676,57.772236
20677,263.72928
20678,210.97057
20679,227.32024
20680,396.51508
20681,168.71925
20682,292.97244
20683,252.76683
20684,564.63965
20685,222.09978
20686,352.52625
20687,109.31528
20688,262.8072
20689,162.65787
20690,134.42015
20691,178.74927
20692,216.18951
20693,262.42203
20694,743.43445
20695,80.76725
20696,277.0267
20697,208.04652
20698,188.85951
20699,274.75073
20700,195.72092
20701,312.83817
20702,268.8495
20703,100.77642
20704,483.02026
20705,182.77274
20706,367.42896
20707,315.2159
20708,598.4128
20709,304.59732
20710,296.056
20711,265.5471
20712,244.11377
20713,296.90164
20714,742.61755
20715,303.00476
20716,59.329163
20717,199.43439
20718,220.04639
20719,340.20126
20720,636.59235
20721,258.69305
20722,421.29642
20723,34.06084
20724,60.353672
20725,319.5783
20726,276.09576
20727,3.305513
20728,327.06235
20729,177.18188
20730,166.46838
20731,345.37247
20732,231.25987
20733,211.0821
20734,820.31604
20735,78.54023
20736,2.2810817
20737,331.53427
20738,227.70406
20739,320.5314
20740,351.6819
20741,278.15704
20742,762.93585
20743,41.539555
20744,198.67274
20745,308.16394
20746,771.43384
20747,284.1674
20748,306.77924
20749,4.353738
20750,155.28761
20751,399.35062
20752,322.9645
20753,262.7246
20754,312.7909
20755,2.8903997
20756,193.45044
20757,339.2945
20758,492.81882
20759,138.51552
20760,181.72183
20761,0.5893825
20762,266.83887
20763,234.00003
20764,338.8154
20765,263.10547
20766,317.00827
20767,244.35535
20768,770.7355
20769,36.97196
20770,260.21024
20771,235.40544
20772,511.43234
20773,302.6278
20774,966.2311
20775,2.8060794
20776,204.579
20777,295.328
20778,249.82233
20779,322.77475
20780,807.17865
20781,399.70218
20782,283.09384
20783,330.95535
20784,538.37756
20785,289.82266
20786,301.09003
20787,198.8615
20788,212.50002
20789,275.35675
20790,297.6977
20791,376.53427
20792,647.6961
20793,281.90265
20794,265.62674
20795,289.23132
20796,1023.4105
20797,57.90266
20798,307.92023
20799,303.472
20800,788.3518
20801,10.237145
20802,10.493993
20803,287.80643
20804,275.75305
20805,324.11795
20806,311.31824
20807,196.64903
20808,594.6719
20809,14.5841055
20810,205.6662
20811,57.81336
20812,164.48373
20813,305.26752
20814,252.73056
20815,295.86395
20816,605.0778
20817,2.5044923
20818,316.5958
20819,290.53058
20820,673.24786
20821,139.34958
20822,319.38492
20823,191.56165
20824,510.86765
20825,187.76053
20826,489.2484
20827,223.65784
20828,300.02188
20829,108.440956
20830,170.6313
20831,188.03679
20832,154.63928
20833,246.51404
20834,458.25012
20835,47.832024
20836,225.93283
20837,295.62744
20838,792.15015
20839,303.612
20840,292.71048
20841,267.13602
20842,568.96387
20843,281.68945
20844,331.35104
20845,218.91426
20846,217.12892
20847,330.84387
20848,267.43307
20849,296.09952
20850,562.8164
20851,203.48425
20852,252.37611
20853,353.1352
20854,902.0225
20855,297.3536
20856,118.22995
20857,319.30185
20858,939.6249
20859,308.4358
20860,213.38545
20861,212.5063
20862,281.58585
20863,151.37085
20864,759.843
20865,297.9602
20866,392.69965
20867,247.90996
20868,347.89462
20869,364.21167
20870,600.9329
20871,300.07892
20872,324.74142
20873,162.63084
20874,235.10492
20875,261.11078
20876,195.33263
20877,290.0082
20878,128.43573
20879,301.49176
20880,477.17337
20881,255.27402
20882,281.7136
20883,301.8534
20884,614.9091
20885,280.66214
20886,204.90318
20887,305.87955
20888,765.3897
20889,2.1546092
20890,327.3138
20891,330.26776
20892,635.0633
20893,237.92854
20894,316.6573
20895,321.7025
20896,643.0137
20897,293.38596
20898,219.64226
20899,290.7391
20900,895.7005
20901,181.40198
20902,298.27094
20903,261.096
20904,423.6338
20905,2.8367414
20906,237.92091
20907,194.49152
20908,66.23896
20909,246.0924
20910,278.17725
20911,201.61441
20912,163.04071
20913,173.50319
20914,572.9759
20915,147.4036
20916,212.77716
20917,301.3343
20918,279.31558
20919,288.12885
20920,246.92555
20921,321.0965
20922,984.4424
20923,141.2625
20924,372.8642
20925,172.60593
20926,310.42505
20927,44.320034
20928,11.2237425
20929,292.76395
20930,407.02023
20931,332.27258
20932,333.78833
20933,266.4285
20934,300.92438
20935,71.979836
20936,81.73239
20937,256.32468
20938,293.83612
20939,198.99838
20940,448.0054
20941,219.65048
20942,254.73882
20943,206.02403
20944,327.55515
20945,2.0913665
20946,208.66742
20947,2.881748
20948,695.1965
20949,203.92407
20950,257.89133
20951,174.15274
20952,205.79826
20953,264.77493
20954,193.98184
20955,171.47696
20956,326.04868
20957,226.45284
20958,620.9951
20959,4.947915
20960,249.1042
20961,254.38837
20962,53.706562
20963,238.37779
20964,727.3086
20965,297.90213
20966,311.1842
20967,13.494393
20968,265.0942
20969,317.77502
20970,814.01074
20971,301.6537
20972,384.5721
20973,247.67445
20974,284.22806
20975,274.68384
20976,488.63077
20977,62.32296
20978,28.457735
20979,130.16302
20980,14.849059
20981,91.015976
20982,210.07854
20983,181.85002
20984,839.2889
20985,280.47946
20986,378.1213
20987,273.59216
20988,340.16028
20989,230.64114
20990,110.222565
20991,193.35745
20992,280.64557
20993,284.26324
20994,729.9507
20995,2.0651667
20996,255.77412
20997,139.20465
20998,270.15628
20999,2.0912633
21000,270.97733
21001,316.58643
21002,601.43756
21003,2.251782
21004,2.2350721
21005,295.5868
21006,293.03555
21007,334.9003
21008,658.66766
21009,2.0912633
21010,181.80374
21011,404.3583
21012,497.895
21013,260.38513
21014,306.7811
21015,282.67157
21016,297.6433
21017,232.51198
21018,472.77188
21019,180.86568
21020,221.03883
21021,260.7732
21022,297.28064
21023,271.17035
21024,700.1107
21025,262.90097
21026,236.50186
21027,167.25443
21028,848.12445
21029,108.28877
21030,237.30307
21031,251.60764
21032,312.77148
21033,2.9301236
21034,262.3376
21035,301.72174
21036,217.3262
21037,163.66365
21038,202.43951
21039,163.4959
21040,200.7044
21041,94.13581
21042,240.0405
21043,202.73376
21044,167.36844
21045,201.41364
21046,816.25165
21047,183.54425
21048,219.99828
21049,164.62364
21050,176.56136
21051,168.9791
21052,78.78684
21053,273.99606
21054,196.2244
21055,159.3434
21056,260.75293
21057,261.2845
21058,160.74281
21059,275.4856
21060,264.87613
21061,173.97769
21062,174.40085
21063,157.00981
21064,305.2414
21065,3.4792435
21066,2.118022
21067,240.0306
21068,217.82777
21069,153.38718
21070,804.1897
21071,224.82231
21072,303.68195
21073,6.8721905
21074,287.8113
21075,265.20166
21076,1010.911
21077,0.56908596
21078,2.0918393
21079,74.740265
21080,284.56177
21081,3.17195
21082,267.04852
21083,323.43338
21084,731.619
21085,195.66193
21086,279.28534
21087,296.77945
21088,352.62857
21089,216.13397
21090,286.31174
21091,308.6457
21092,624.71783
21093,246.215
21094,285.69556
21095,179.40338
21096,632.48975
21097,2.8524442
21098,2.7981386
21099,2.7981386
21100,2.7981386
21101,339.1779
21102,164.37506
21103,330.7509
21104,281.21237
21105,319.52408
21106,675.3631
21107,257.24292
21108,267.14075
21109,208.0248
21110,971.2905
21111,2.4546955
21112,110.25325
21113,306.58966
21114,265.4267
21115,240.47198
21116,830.8776
21117,44.84619
21118,-0.27065715
21119,182.88188
21120,228.84598
21121,316.89722
21122,295.63
21123,324.97205
21124,349.33008
21125,152.37871
21126,285.4583
21127,144.7151
21128,349.9405
21129,2.0918393
21130,2.0918393
21131,268.96094
21132,253.82726
21133,276.53345
21134,332.2744
21135,113.445595
21136,225.65526
21137,309.41113
21138,668.2839
21139,247.11815
21140,284.71503
21141,220.81271
21142,696.73035
21143,242.24721
21144,234.06244
21145,193.69478
21146,970.4181
21147,281.0562
21148,229.19014
21149,202.20912
21150,895.6102
21151,151.3816
21152,298.64542
21153,329.0463
21154,735.27856
21155,266.43503
21156,221.42583
21157,231.79782
21158,316.7747
21159,320.40558
21160,479.6736
21161,2.0940242
21162,303.70856
21163,212.77696
21164,736.6543
21165,144.6225
21166,155.41255
21167,212.29155
21168,860.13
21169,152.22229
21170,262.26306
21171,3.0984292
21172,486.8102
21173,283.12198
21174,774.5909
21175,189.97292
21176,298.15192
21177,200.51991
21178,864.7666
21179,2.134705
21180,283.49826
21181,339.32065
21182,290.20764
21183,168.2347
21184,247.89528
21185,2.6888077
21186,239.01524
21187,312.83942
21188,679.815
21189,242.60497
21190,287.30753
21191,271.53006
21192,655.66113
21193,97.38336
21194,136.45471
21195,318.38675
21196,304.30273
21197,241.16748
21198,813.88525
21199,465.85712
21200,314.53787
21201,252.88571
21202,766.07404
21203,310.11102
21204,245.2591
21205,190.47935
21206,190.76813
21207,259.9388
21208,326.77957
21209,289.18375
21210,511.59103
21211,11.909041
21212,314.81195
21213,346.15723
21214,520.47504
21215,120.59134
21216,289.19336
21217,323.29163
21218,639.51904
21219,284.88538
21220,201.73395
21221,328.1255
21222,819.6782
21223,260.96115
21224,304.96515
21225,314.63864
21226,502.18484
21227,2.234074
21228,263.85425
21229,151.02736
21230,485.81198
21231,291.58737
21232,235.97617
21233,301.40088
21234,573.9532
21235,217.13069
21236,265.27588
21237,307.63266
21238,702.6691
21239,283.27222
21240,231.78116
21241,143.19083
21242,223.35703
21243,176.74875
21244,236.43456
21245,194.93684
21246,210.02818
21247,304.9902
21248,777.7814
21249,295.68613
21250,305.92026
21251,210.48482
21252,487.3705
21253,254.04291
21254,191.67226
21255,2.3571932
21256,313.4248
21257,2.106773
21258,182.77556
21259,185.02293
21260,160.0517
21261,269.77625
21262,304.03577
21263,367.6882
21264,472.99527
21265,82.26268
21266,96.39939
21267,2.113327
21268,171.3599
21269,343.9456
21270,248.37657
21271,306.99933
21272,720.00793
21273,9.129136
21274,112.93871
21275,200.26003
21276,286.3296
21277,342.20813
21278,410.28918
21279,227.25114
21280,252.59323
21281,260.8321
21282,670.93274
21283,344.84497
21284,118.34424
21285,297.34842
21286,769.3054
21287,280.38315
21288,308.47498
21289,245.40758
21290,488.2746
21291,211.65527
21292,95.00837
21293,302.44302
21294,401.13464
21295,247.05464
21296,285.1825
21297,11.300754
21298,17.14996
21299,15.76464
21300,323.94073
21301,331.26096
21302,307.32657
21303,238.55913
21304,823.76825
21305,15.924562
21306,241.35204
21307,340.12634
21308,792.158
21309,2.0987616
21310,340.89288
21311,227.25702
21312,347.00656
21313,4.517479
21314,4.6443105
21315,139.3512
21316,177.08308
21317,239.02464
21318,264.6287
21319,196.72444
21320,897.408
21321,2.8017368
21322,401.47433
21323,3.2090776
21324,805.2489
21325,174.72119
21326,264.88855
21327,282.57916
21328,314.9923
21329,2.1259556
21330,273.3018
21331,274.8697
21332,348.68008
21333,325.80273
21334,256.55008
21335,255.41072
21336,277.40405
21337,186.74617
21338,465.3795
21339,193.44984
21340,231.56876
21341,275.4349
21342,213.50342
21343,280.73227
21344,219.26639
21345,224.11955
21346,647.3988
21347,73.35793
21348,210.94801
21349,301.62292
21350,280.16815
21351,164.83078
21352,281.27222
21353,274.8973
21354,694.236
21355,198.973
21356,433.275
21357,271.6766
21358,246.92906
21359,336.28464
21360,650.9252
21361,181.46716
21362,279.1356
21363,309.46246
21364,855.17377
21365,239.47314
21366,289.2791
21367,5.400091
21368,848.7136
21369,166.72868
21370,193.9736
21371,171.73201
21372,296.1539
21373,105.55513
21374,191.52946
21375,243.53323
21376,885.69354
21377,12.400666
21378,245.90686
21379,281.02554
21380,267.8537
21381,314.25552
21382,518.9912
21383,263.59436
21384,361.59402
21385,292.70926
21386,651.2891
21387,215.36397
21388,174.87532
21389,281.7558
21390,256.95837
21391,195.92757
21392,195.1206
21393,215.94313
21394,742.2972
21395,256.61908
21396,152.55383
21397,248.60103
21398,478.29135
21399,286.27826
21400,892.399
21401,283.7833
21402,202.10341
21403,249.46066
21404,579.007
21405,227.82806
21406,329.43283
21407,332.6353
21408,885.55994
21409,221.28333
21410,349.95114
21411,405.59738
21412,744.4042
21413,274.67444
21414,19.845278
21415,235.55064
21416,706.8168
21417,255.07742
21418,217.4414
21419,195.08255
21420,841.52124
21421,219.88551
21422,81.242195
21423,390.3914
21424,870.8321
21425,63.15537
21426,335.44324
21427,215.04298
21428,729.772
21429,228.50085
21430,323.3156
21431,272.16028
21432,667.16437
21433,1.2032479
21434,191.69598
21435,153.77739
21436,336.9881
21437,43.466305
21438,295.75543
21439,376.81015
21440,482.14218
21441,189.19005
21442,288.43057
21443,272.54572
21444,238.53378
21445,238.50473
21446,685.5161
21447,2.52195
21448,2.919019
21449,209.63113
21450,2.9953408
21451,238.2959
21452,766.7529
21453,158.27109
21454,313.40472
21455,294.5873
21456,278.2978
21457,315.7738
21458,498.39893
21459,232.91438
21460,210.91753
21461,156.46628
21462,616.8548
21463,290.10852
21464,305.88828
21465,2.3317835
21466,195.12808
21467,299.8621
21468,230.5145
21469,289.0358
21470,560.9054
21471,2.10794
21472,226.42006
21473,247.56563
21474,290.09036
21475,221.93202
21476,239.18562
21477,124.474976
21478,163.23685
21479,2.1040728
21480,2.1145563
21481,164.04878
21482,333.61133
21483,227.87881
21484,2.710859
21485,379.2815
21486,666.8012
21487,258.43768
21488,258.3109
21489,217.07384
21490,767.29504
21491,268.35803
21492,206.19824
21493,267.79047
21494,314.7001
21495,246.72542
21496,217.21191
21497,345.314
21498,282.75507
21499,78.55367
21500,248.00514
21501,314.36182
21502,207.19904
21503,264.03464
21504,249.65028
21505,234.78175
21506,251.03673
21507,12.041297
21508,272.60147
21509,192.64865
21510,460.3085
21511,196.66747
21512,211.7342
21513,313.6621
21514,999.3673
21515,195.2646
21516,336.75717
21517,122.95696
21518,717.5275
21519,206.0629
21520,90.68182
21521,252.38722
21522,258.31418
21523,266.03268
21524,455.69464
21525,220.33125
21526,176.31429
21527,230.83342
21528,312.5871
21529,278.2564
21530,446.72403
21531,2.1737773
21532,252.02634
21533,212.05356
21534,196.5591
21535,248.89911
21536,572.2194
21537,267.91953
21538,195.09569
21539,213.79886
21540,240.3414
21541,7.2217727
21542,272.05542
21543,2.167554
21544,265.3454
21545,270.44708
21546,49.49799
21547,270.9249
21548,345.25763
21549,222.9913
21550,195.37337
21551,263.8719
21552,220.8172
21553,199.55934
21554,881.42804
21555,206.8226
21556,2.1844947
21557,246.96451
21558,289.26627
21559,218.50278
21560,421.41766
21561,2.611285
21562,229.28712
21563,221.13612
21564,262.18298
21565,361.17526
21566,263.15268
21567,270.0763
21568,226.55704
21569,241.62259
21570,750.6981
21571,191.39412
21572,2.1902869
21573,140.97278
21574,159.30318
21575,298.4936
21576,826.91595
21577,45.99517
21578,163.01216
21579,57.275932
21580,186.10066
21581,211.53993
21582,251.34598
21583,3.4047751
21584,265.19296
21585,3.4093633
21586,1071.1025
21587,292.99615
21588,322.10382
21589,266.15448
21590,989.3054
21591,176.39218
21592,91.47529
21593,266.33075
21594,234.80817
21595,279.8823
21596,573.00726
21597,209.5165
21598,2.342777
21599,256.12848
21600,293.44156
21601,42.98301
21602,547.621
21603,2.0875576
21604,168.67735
21605,197.08096
21606,199.14436
21607,87.89463
21608,160.23529
21609,165.61853
21610,228.329
21611,288.75717
21612,119.46036
21613,2.503317
21614,70.78274
21615,272.99463
21616,258.69315
21617,275.24646
21618,267.62302
21619,252.5868
21620,180.34879
21621,294.57025
21622,975.459
21623,325.04208
21624,237.93192
21625,59.58334
21626,195.0162
21627,235.97623
21628,179.14725
21629,173.47435
21630,411.56387
21631,253.69519
21632,238.79744
21633,274.48502
21634,789.42413
21635,160.2954
21636,255.91765
21637,261.58618
21638,437.1574
21639,220.97966
21640,282.46854
21641,2.115646
21642,239.36795
21643,192.3642
21644,209.58116
21645,124.72552
21646,711.74677
21647,133.7609
21648,160.29402
21649,282.10315
21650,1025.6635
21651,298.28082
21652,206.7762
21653,170.58783
21654,223.87675
21655,258.61554
21656,144.58571
21657,214.27101
21658,485.85968
21659,188.37871
21660,238.39172
21661,307.5399
21662,498.0043
21663,2.0876262
21664,239.3134
21665,247.0338
21666,485.12662
21667,158.46286
21668,152.37747
21669,259.17224
21670,736.35864
21671,2.087574
21672,252.9352
21673,230.91014
21674,201.51413
21675,167.62628
21676,248.06985
21677,267.79172
21678,678.78784
21679,209.80591
21680,218.42339
21681,188.81622
21682,185.43391
21683,197.88025
21684,242.79527
21685,227.05539
21686,209.65309
21687,287.83243
21688,766.9228
21689,250.44174
21690,189.88657
21691,335.00436
21692,299.4239
21693,257.5215
21694,248.85175
21695,173.2119
21696,72.760895
21697,310.83173
21698,522.9027
21699,167.53743
21700,2.0887582
21701,245.08376
21702,236.96925
21703,250.98485
21704,306.58426
21705,197.9979
21706,212.88509
21707,2.0783632
21708,256.5484
21709,261.5934
21710,323.52655
21711,275.61438
21712,214.93387
21713,244.59918
21714,2.11565
21715,120.28921
21716,268.27893
21717,281.47366
21718,578.7649
21719,245.18391
21720,265.3957
21721,183.371
21722,150.3712
21723,296.87207
21724,473.53552
21725,152.92076
21726,258.48834
21727,237.2802
21728,264.43723
21729,253.76146
21730,264.28528
21731,164.65091
21732,205.3656
21733,321.7272
21734,706.9063
21735,142.71088
21736,34.709236
21737,2.0876262
21738,263.78354
21739,3.3320103
21740,271.09354
21741,274.34818
21742,623.4644
21743,91.500595
21744,90.182365
21745,308.9518
21746,645.8654
21747,156.18939
21748,256.17932
21749,208.59908
21750,332.28995
21751,274.94733
21752,293.0039
21753,2.4479082
21754,191.4536
21755,267.26743
21756,620.20844
21757,251.8207
21758,265.7434
21759,203.26732
21760,672.9991
21761,29.277613
21762,264.95645
21763,275.68283
21764,354.24594
21765,157.81448
21766,259.6493
21767,263.80508
21768,642.6883
21769,157.37431
21770,166.88197
21771,214.79454
21772,280.7619
21773,290.53143
21774,783.46185
21775,276.52048
21776,298.5465
21777,252.32303
21778,241.85262
21779,278.60715
21780,228.42953
21781,240.24176
21782,239.39847
21783,272.2963
21784,432.52832
21785,179.66946
21786,256.34848
21787,161.35062
21788,459.33887
21789,192.66563
21790,260.52783
21791,264.05084
21792,332.73825
21793,208.64644
21794,253.6387
21795,284.6618
21796,846.39606
21797,177.37827
21798,260.84506
21799,307.51804
21800,829.46344
21801,70.88365
21802,312.5
21803,380.69656
21804,896.9291
21805,323.13614
21806,324.7526
21807,280.38202
21808,670.05286
21809,1.981336
21810,74.1023
21811,325.47787
21812,382.94833
21813,276.33917
21814,904.77765
21815,346.6327
21816,256.46057
21817,36.988564
21818,748.75476
21819,2.1241617
21820,300.83185
21821,48.417816
21822,859.07367
21823,304.18146
21824,303.8659
21825,235.43901
21826,236.75291
21827,250.2558
21828,282.49338
21829,167.97676
21830,188.54868
21831,57.668438
21832,648.5207
21833,3.1906078
21834,229.60387
21835,164.58543
21836,250.25621
21837,256.98135
21838,181.07532
21839,3.6221058
21840,187.75644
21841,2.1096363
21842,197.38596
21843,77.165245
21844,235.69223
21845,125.33882
21846,152.44751
21847,160.71999
21848,311.44925
21849,2.1546693
21850,194.01889
21851,411.69946
21852,294.78983
21853,160.39027
21854,195.32744
21855,281.26852
21856,1033.819
21857,331.01926
21858,261.47736
21859,293.53146
21860,652.4014
21861,140.6843
21862,166.70244
21863,2.1096363
21864,188.5424
21865,268.9055
21866,229.80325
21867,7.597471
21868,241.26811
21869,304.94092
21870,242.90399
21871,311.14423
21872,720.3183
21873,271.4004
21874,112.06494
21875,9.638925
21876,12.744898
21877,161.80016
21878,245.34203
21879,168.70291
21880,976.69025
21881,345.86838
21882,494.70972
21883,272.13626
21884,318.58835
21885,281.43237
21886,338.1682
21887,237.90538
21888,236.03159
21889,2.4697897
21890,2.3577113
21891,2.5677161
21892,252.46266
21893,358.44617
21894,237.35947
21895,266.29382
21896,702.79785
21897,2.0918393
21898,15.735498
21899,218.1933
21900,347.7808
21901,259.22244
21902,768.3964
21903,8.59929
21904,53.701557
21905,2.0918393
21906,2.1390562
21907,316.21387
21908,3.1108727
21909,267.11655
21910,234.57156
21911,215.24544
21912,483.1126
21913,2.6902475
21914,234.63841
21915,323.74524
21916,86.56703
21917,193.94727
21918,690.55206
21919,262.9004
21920,191.76802
21921,271.29547
21922,686.2422
21923,186.88887
21924,285.76605
21925,256.6506
21926,667.6318
21927,234.66856
21928,211.33978
21929,149.47943
21930,263.63754
21931,79.533806
21932,260.1662
21933,218.66115
21934,227.10773
21935,219.10449
21936,408.2536
21937,260.68732
21938,294.11023
21939,2.1737943
21940,290.29004
21941,268.6125
21942,688.0264
21943,2.647851
21944,365.9445
21945,348.04468
21946,191.81766
21947,2.0918393
21948,223.58119
21949,329.07083
21950,743.0995
21951,75.50476
21952,178.78369
21953,317.16946
21954,822.657
21955,239.45244
21956,221.92827
21957,269.33633
21958,619.99567
21959,195.0647
21960,202.25072
21961,165.79202
21962,2.267938
21963,118.54369
21964,285.8172
21965,255.71838
21966,215.99042
21967,248.7625
21968,364.82257
21969,322.5854
21970,833.6281
21971,243.87112
21972,277.9342
21973,267.37823
21974,613.24585
21975,208.89215
21976,306.37137
21977,186.75467
21978,316.38132
21979,222.4571
21980,663.7599
21981,341.66266
21982,396.03674
21983,122.534004
21984,746.37286
21985,254.84137
21986,136.91089
21987,199.47203
21988,611.2425
21989,41.538326
21990,214.30351
21991,308.5789
21992,639.4096
21993,227.35051
21994,237.87721
21995,191.77751
21996,635.5074
21997,253.24242
21998,332.38748
21999,202.09703
22000,682.3987
22001,7.988411
22002,113.18108
22003,272.8032
22004,842.4968
22005,17.893799
22006,321.23596
22007,91.59759
22008,245.6056
22009,263.4293
22010,818.4453
22011,279.90305
22012,278.05676
22013,70.95442
22014,2.1318982
22015,2.1318982
22016,262.41544
22017,237.40413
22018,136.0443
22019,271.74973
22020,149.73375
22021,124.67713
22022,115.743004
22023,250.95775
22024,149.42744
22025,47.917133
22026,226.60486
22027,129.80139
22028,251.39577
22029,283.92062
22030,299.1982
22031,270.4179
22032,207.94601
22033,282.6882
22034,254.71967
22035,251.63773
22036,345.01038
22037,253.7424
22038,309.2275
22039,271.55408
22040,484.00266
22041,234.07956
22042,323.7845
22043,354.44925
22044,996.79236
22045,2.8091435
22046,355.36063
22047,299.5451
22048,1072.8092
22049,188.094
22050,315.53143
22051,89.44032
22052,941.33295
22053,68.351036
22054,356.66382
22055,229.8901
22056,442.20084
22057,235.826
22058,233.59776
22059,178.09401
22060,260.60733
22061,27.952835
22062,2.1737943
22063,256.7366
22064,319.7884
22065,259.52158
22066,477.1912
22067,2.216761
22068,87.25494
22069,193.03976
22070,200.74614
22071,197.92917
22072,225.5713
22073,252.07437
22074,149.04262
22075,217.56432
22076,441.06482
22077,230.48164
22078,274.64383
22079,263.45093
22080,764.5017
22081,165.98308
22082,320.23676
22083,247.1064
22084,144.18517
22085,221.8188
22086,639.8091
22087,120.08764
22088,212.70624
22089,317.78033
22090,747.17865
22091,301.88458
22092,2.113812
22093,2.0918393
22094,249.35167
22095,224.39925
22096,2.6850703
22097,252.29054
22098,202.45859
22099,236.28151
22100,315.62643
22101,302.03467
22102,923.11694
22103,25.481878
22104,2.0918608
22105,2.0918608
22106,214.35144
22107,266.36386
22108,297.7614
22109,267.39188
22110,755.7148
22111,2.0918393
22112,318.4764
22113,331.75443
22114,818.55273
22115,282.3708
22116,157.83305
22117,262.12372
22118,271.42453
22119,266.35843
22120,229.78775
22121,248.35089
22122,267.32492
22123,106.32049
22124,230.27066
22125,244.34042
22126,697.2095
22127,125.8423
22128,240.42603
22129,294.0459
22130,753.9776
22131,150.5147
22132,257.13452
22133,289.7003
22134,753.2933
22135,231.31067
22136,262.5352
22137,224.74504
22138,606.55725
22139,129.08212
22140,202.20953
22141,95.596725
22142,139.67601
22143,266.529
22144,874.92175
22145,233.91148
22146,238.04417
22147,269.5559
22148,87.14586
22149,251.66179
22150,213.50713
22151,146.54977
22152,628.2765
22153,121.039246
22154,227.8602
22155,223.69624
22156,689.33856
22157,16.328571
22158,282.9903
22159,2.656252
22160,495.5009
22161,145.2266
22162,238.1237
22163,229.91606
22164,964.0838
22165,78.47066
22166,307.58563
22167,197.26297
22168,601.8593
22169,197.3822
22170,362.92734
22171,273.28537
22172,2.4229345
22173,11.995827
22174,279.25977
22175,242.38234
22176,158.82364
22177,395.05942
22178,695.6177
22179,135.73067
22180,233.16066
22181,266.11325
22182,301.83942
22183,152.33754
22184,186.6809
22185,95.43341
22186,397.5093
22187,211.3495
22188,156.82907
22189,304.2675
22190,212.70438
22191,278.62326
22192,698.9557
22193,2.7445004
22194,2.1985655
22195,2.7445004
22196,292.21265
22197,250.39459
22198,201.1027
22199,252.52138
22200,276.62903
22201,130.82321
22202,280.5115
22203,286.91248
22204,682.6765
22205,192.57846
22206,229.54419
22207,233.59288
22208,176.41757
22209,260.82693
22210,666.67303
22211,245.05641
22212,267.2175
22213,282.5027
22214,291.0795
22215,165.87523
22216,263.85693
22217,300.27325
22218,314.35483
22219,174.66776
22220,320.03223
22221,2.356781
22222,2.0943074
22223,55.174465
22224,337.2304
22225,3.0609796
22226,507.88815
22227,2.3858137
22228,270.6583
22229,484.7058
22230,305.78882
22231,268.7343
22232,360.89697
22233,168.78882
22234,215.78374
22235,244.1759
22236,287.25775
22237,72.26384
22238,643.5621
22239,278.4651
22240,421.11365
22241,16.425003
22242,257.41205
22243,263.60162
22244,908.3053
22245,313.6368
22246,123.79254
22247,40.921448
22248,221.67747
22249,2.2958684
22250,38.10839
22251,249.77081
22252,43.11843
22253,10.884989
22254,263.90674
22255,190.11784
22256,207.38786
22257,2.3687255
22258,274.26718
22259,138.93587
22260,178.29128
22261,137.74638
22262,189.3597
22263,2.0918398
22264,183.93083
22265,90.96841
22266,125.82175
22267,65.45586
22268,477.07526
22269,178.09889
22270,235.55286
22271,101.72558
22272,219.07848
22273,196.21733
22274,236.81987
22275,55.09857
22276,759.6698
22277,2.091892
22278,234.94281
22279,78.41028
22280,250.90749
22281,224.7114
22282,731.80023
22283,191.41516
22284,2.091892
22285,258.31973
22286,309.57077
22287,219.395
22288,954.49176
22289,12.759044
22290,2.0918398
22291,2.0918398
22292,271.94662
22293,252.97606
22294,233.03471
22295,306.74213
22296,592.17456
22297,142.91975
22298,233.54567
22299,130.46164
22300,126.54125
22301,326.90747
22302,165.1306
22303,207.77187
22304,268.19415
22305,334.01782
22306,126.63022
22307,171.30638
22308,593.156
22309,2.7989583
22310,173.26573
22311,261.5117
22312,158.71352
22313,250.99529
22314,346.21832
22315,209.03537
22316,259.96744
22317,120.08039
22318,190.16063
22319,2.3936975
22320,2.382638
22321,282.19623
22322,251.98412
22323,169.65485
22324,202.45476
22325,275.37128
22326,213.59872
22327,255.0154
22328,409.51004
22329,311.24692
22330,963.3299
22331,261.75912
22332,256.73727
22333,179.27414
22334,196.65555
22335,196.4753
22336,267.9899
22337,307.67346
22338,445.4855
22339,375.93866
22340,619.6419
22341,162.94765
22342,368.2563
22343,25.443274
22344,296.99332
22345,326.0869
22346,735.51056
22347,281.63947
22348,336.84906
22349,302.62784
22350,857.75366
22351,197.22246
22352,325.67868
22353,249.20692
22354,330.67337
22355,210.26852
22356,90.829865
22357,191.66672
22358,199.29614
22359,301.54474
22360,302.27637
22361,250.34497
22362,327.1462
22363,248.59232
22364,335.2038
22365,12.044865
22366,22.842117
22367,183.42259
22368,161.44508
22369,156.27985
22370,191.76685
22371,151.87596
22372,276.29584
22373,189.70497
22374,210.90411
22375,116.715355
22376,287.47122
22377,251.37732
22378,273.89517
22379,333.6352
22380,255.84921
22381,267.87897
22382,350.2715
22383,217.84619
22384,264.24072
22385,274.9131
22386,210.60156
22387,202.82803
22388,257.8225
22389,189.51094
22390,38.444653
22391,268.29593
22392,570.41174
22393,97.84491
22394,171.18486
22395,244.92459
22396,264.03586
22397,255.6309
22398,309.05432
22399,273.37558
22400,337.30286
22401,59.72151
22402,696.65515
22403,239.05688
22404,334.7018
22405,250.90518
22406,236.13332
22407,252.4641
22408,236.12189
22409,168.31685
22410,187.74208
22411,2.1341047
22412,219.33607
22413,207.85875
22414,121.052025
22415,216.01122
22416,252.60287
22417,200.21071
22418,110.67769
22419,29.515896
22420,153.0108
22421,204.67786
22422,116.91288
22423,227.14417
22424,174.97626
22425,135.99747
22426,220.86449
22427,281.88776
22428,251.42018
22429,159.60507
22430,118.01995
22431,294.36658
22432,467.55078
22433,2.156778
22434,218.96732
22435,274.88443
22436,737.0823
22437,216.91344
22438,310.74612
22439,325.59952
22440,766.896
22441,76.02736
22442,225.05164
22443,3.0854537
22444,821.8131
22445,294.06195
22446,255.99226
22447,311.80716
22448,745.4465
22449,155.84883
22450,312.46143
22451,327.82233
22452,1097.5577
22453,2.8439343
22454,447.81567
22455,233.3852
22456,654.7787
22457,2.7622075
22458,243.22023
22459,310.5465
22460,338.99896
22461,273.70084
22462,449.3105
22463,325.06042
22464,418.04544
22465,146.42514
22466,264.43558
22467,191.7434
22468,217.15614
22469,19.288666
22470,269.4419
22471,119.36764
22472,321.2619
22473,194.3487
22474,543.8978
22475,237.72852
22476,269.3781
22477,370.90433
22478,530.2077
22479,286.40448
22480,313.60968
22481,51.190384
22482,273.78577
22483,232.89784
22484,277.64554
22485,293.38983
22486,422.29514
22487,70.621895
22488,213.71886
22489,268.96732
22490,730.1572
22491,246.14403
22492,173.36388
22493,193.49359
22494,232.12273
22495,181.14874
22496,333.86493
22497,305.07822
22498,405.8528
22499,304.14517
22500,136.0621
22501,331.22385
22502,516.2243
22503,2.106773
22504,189.08249
22505,288.3385
22506,718.4523
22507,363.1636
22508,348.79416
22509,2.1040728
22510,231.10704
22511,277.95117
22512,161.06662
22513,169.9412
22514,413.3623
22515,168.49342
22516,230.80817
22517,242.98318
22518,218.59695
22519,125.9283
22520,186.11656
22521,207.25192
22522,127.20185
22523,234.15472
22524,243.64505
22525,5.1887574
22526,2.1145563
22527,262.5439
22528,240.38043
22529,227.49413
22530,479.43753
22531,2.0918393
22532,218.52422
22533,134.55328
22534,683.4413
22535,2.0918393
22536,257.29135
22537,219.07983
22538,744.84344
22539,181.66086
22540,198.53767
22541,112.54764
22542,125.68394
22543,293.32144
22544,748.3387
22545,275.76135
22546,599.73926
22547,209.62704
22548,197.7404
22549,8.669437
22550,187.1159
22551,131.12617
22552,280.96826
22553,314.02985
22554,236.04799
22555,274.94836
22556,621.3507
22557,192.1121
22558,335.65155
22559,261.71628
22560,315.40878
22561,247.9402
22562,277.33087
22563,277.93887
22564,564.3609
22565,296.4665
22566,275.3816
22567,309.11673
22568,242.00853
22569,264.67493
22570,474.5176
22571,134.65399
22572,2.0778089
22573,188.86356
22574,192.16261
22575,2.6903353
22576,202.49379
22577,268.32684
22578,225.19608
22579,224.74156
22580,790.495
22581,239.09856
22582,186.69289
22583,208.67763
22584,223.98311
22585,189.45619
22586,246.75545
22587,120.05302
22588,279.06796
22589,166.577
22590,449.63745
22591,187.34198
22592,269.69022
22593,53.90614
22594,7.1857386
22595,262.87308
22596,304.73642
22597,293.51898
22598,874.9428
22599,81.20236
22600,261.13602
22601,310.9023
22602,175.39636
22603,259.60635
22604,866.9208
22605,36.509117
22606,172.15662
22607,271.55054
22608,167.38277
22609,286.3388
22610,177.02856
22611,254.16574
22612,208.97527
22613,212.52126
22614,294.08725
22615,272.05432
22616,346.989
22617,3.4345436
22618,178.11464
22619,119.682076
22620,200.0927
22621,281.979
22622,227.05795
22623,125.06724
22624,817.22375
22625,179.60371
22626,161.2354
22627,323.4806
22628,592.7286
22629,252.2118
22630,432.88568
22631,221.62039
22632,260.65
22633,242.75504
22634,361.20645
22635,2.0918398
22636,168.42247
22637,117.3354
22638,253.63287
22639,218.51186
22640,269.5052
22641,143.88959
22642,241.51955
22643,2.0918398
22644,166.53882
22645,156.37001
22646,223.71535
22647,176.3706
22648,563.45496
22649,244.29016
22650,214.98703
22651,274.81845
22652,405.05505
22653,223.89857
22654,181.5155
22655,209.25166
22656,557.3882
22657,185.63535
22658,293.5064
22659,316.10928
22660,365.3414
22661,187.58868
22662,227.6309
22663,2.8048005
22664,246.87036
22665,262.15973
22666,324.54938
22667,114.761024
22668,120.92442
22669,238.79976
22670,168.81313
22671,118.3688
22672,277.1675
22673,243.98032
22674,239.8973
22675,2.185215
22676,191.11998
22677,201.82164
22678,138.24939
22679,315.21155
22680,648.43854
22681,205.6772
22682,204.44449
22683,2.0913665
22684,221.87747
22685,103.8304
22686,186.80618
22687,185.61703
22688,839.265
22689,214.8216
22690,291.30203
22691,305.95288
22692,293.28284
22693,254.04402
22694,365.83252
22695,261.44125
22696,380.18546
22697,283.01538
22698,321.51758
22699,212.82703
22700,157.72374
22701,361.55548
22702,250.74997
22703,303.54297
22704,583.2236
22705,160.24979
22706,188.77257
22707,339.9492
22708,405.88297
22709,304.7776
22710,347.8942
22711,156.24808
22712,164.98906
22713,158.82272
22714,231.67413
22715,327.02267
22716,187.3991
22717,340.2478
22718,815.72473
22719,316.46008
22720,260.40128
22721,165.64326
22722,265.4485
22723,275.1675
22724,235.08194
22725,170.68735
22726,276.18478
22727,321.78287
22728,478.36432
22729,2.1521554
22730,284.89374
22731,259.0996
22732,267.67828
22733,19.754166
22734,175.48134
22735,321.60083
22736,304.5977
22737,178.18031
22738,737.7346
22739,217.09729
22740,299.65378
22741,332.9439
22742,758.8913
22743,315.74725
22744,369.10013
22745,313.91486
22746,179.64955
22747,161.93275
22748,281.37543
22749,11.046133
22750,250.6887
22751,357.37946
22752,591.4881
22753,198.0653
22754,248.02719
22755,150.5432
22756,163.2392
22757,298.74384
22758,227.00233
22759,288.3401
22760,672.72894
22761,3.1175315
22762,247.50409
22763,296.60013
22764,516.3062
22765,306.15942
22766,2.1399531
22767,219.59679
22768,117.53866
22769,147.96703
22770,195.36398
22771,166.88628
22772,170.57935
22773,168.72716
22774,335.39822
22775,204.77489
22776,113.01529
22777,2.1399531
22778,454.80673
22779,175.42625
22780,295.45654
22781,210.47435
22782,239.71655
22783,243.5607
22784,436.92572
22785,173.55797
22786,358.44208
22787,224.09204
22788,660.1088
22789,271.73386
22790,634.41455
22791,6.840664
22792,256.32422
22793,242.5509
22794,185.00522
22795,218.3651
22796,2.1538384
22797,303.2236
22798,701.3074
22799,2.1276252
22800,2.1276252
22801,252.13786
22802,216.12592
22803,261.2681
22804,898.7251
22805,292.34268
22806,287.457
22807,322.48474
22808,2.3763716
22809,194.44907
22810,209.8347
22811,173.28548
22812,226.19223
22813,305.48462
22814,733.95264
22815,305.3706
22816,440.8212
22817,52.328064
22818,2.1763225
22819,265.76178
22820,234.24461
22821,258.47025
22822,836.8759
22823,236.68707
22824,302.3373
22825,288.5232
22826,216.90488
22827,71.30742
22828,46.34717
22829,2.176877
22830,109.93369
22831,385.7508
22832,324.312
22833,93.99404
22834,222.53122
22835,176.38713
22836,223.35117
22837,415.6362
22838,101.292404
22839,42.523407
22840,285.15216
22841,240.07713
22842,880.5849
22843,49.001713
22844,212.91814
22845,295.7596
22846,275.63266
22847,8.489088
22848,689.9858
22849,197.33008
22850,167.7597
22851,322.34595
22852,634.69727
22853,219.2775
22854,230.85242
22855,154.69716
22856,795.37695
22857,308.48914
22858,200.10075
22859,289.47763
22860,591.79425
22861,237.26974
22862,376.8802
22863,34.29787
22864,46.82804
22865,172.20522
22866,274.74695
22867,109.37952
22868,199.29036
22869,338.00983
22870,570.33875
22871,2.3183856
22872,205.13478
22873,240.96426
22874,517.8331
22875,164.53357
22876,241.5806
22877,308.71878
22878,93.098274
22879,272.21478
22880,385.0261
22881,177.00378
22882,43.932373
22883,233.63593
22884,151.14252
22885,3.6414704
22886,87.49899
22887,121.67982
22888,287.86285
22889,273.697
22890,318.04636
22891,235.53383
22892,331.00317
22893,237.8313
22894,861.8782
22895,258.49344
22896,233.35129
22897,2.549949
22898,2.5128424
22899,304.4014
22900,92.4448
22901,314.5732
22902,230.51045
22903,220.61711
22904,473.86362
22905,135.79536
22906,233.36978
22907,349.9866
22908,857.4561
22909,282.98358
22910,259.61575
22911,292.68832
22912,432.73328
22913,191.69855
22914,221.70404
22915,131.87546
22916,472.97836
22917,38.221104
22918,179.24028
22919,175.75394
22920,517.5978
22921,181.22899
22922,52.51204
22923,229.9093
22924,595.9475
22925,148.78912
22926,291.27463
22927,116.54233
22928,182.7204
22929,185.41028
22930,813.8108
22931,2.2377295
22932,222.45009
22933,324.08682
22934,341.23163
22935,288.75616
22936,713.7144
22937,2.5145397
22938,243.93925
22939,53.92061
22940,472.8012
22941,2.1285102
22942,175.11583
22943,228.48538
22944,614.0653
22945,237.2662
22946,216.3281
22947,283.69684
22948,769.9149
22949,2.1180215
22950,267.95007
22951,277.4399
22952,295.41522
22953,59.745415
22954,178.36089
22955,217.90848
22956,223.10643
22957,301.9456
22958,583.6759
22959,2.5245001
22960,193.39749
22961,182.53273
22962,173.63252
22963,69.48238
22964,251.01001
22965,284.10727
22966,286.6364
22967,281.8167
22968,371.7528
22969,2.4104986
22970,285.53262
22971,173.68074
22972,196.22122
22973,218.66011
22974,315.48093
22975,277.8215
22976,194.6832
22977,296.45105
22978,356.18518
22979,2.0918393
22980,190.19261
22981,239.13882
22982,198.65112
22983,227.87273
22984,330.9606
22985,190.38145
22986,282.1004
22987,313.58737
22988,784.6919
22989,192.11922
22990,162.87157
22991,294.42203
22992,598.16614
22993,272.78433
22994,272.13577
22995,244.48962
22996,473.94617
22997,195.98494
22998,315.34787
22999,296.53503
23000,927.85144
23001,183.83047
23002,179.21521
23003,251.1492
23004,174.61281
23005,426.62607
23006,952.7925
23007,2.3697016
23008,137.42233
23009,43.96558
23010,152.13817
23011,42.49846
23012,286.18344
23013,271.14236
23014,282.27765
23015,187.96178
23016,17.139433
23017,17.139433
23018,480.22324
23019,132.09708
23020,220.34404
23021,194.15576
23022,2.7270522
23023,166.50548
23024,282.73825
23025,242.21577
23026,216.42122
23027,184.24828
23028,188.93454
23029,165.33064
23030,232.26613
23031,233.70844
23032,124.06918
23033,230.46053
23034,827.45404
23035,256.10413
23036,202.35318
23037,301.5825
23038,319.8776
23039,2.1707742
23040,181.96065
23041,246.21205
23042,287.2821
23043,269.4758
23044,629.2076
23045,236.48662
23046,351.7815
23047,296.35083
23048,600.2644
23049,262.77533
23050,509.51297
23051,2.0918608
23052,18.573992
23053,265.7837
23054,243.94382
23055,245.44444
23056,325.59573
23057,290.06952
23058,931.8385
23059,242.99881
23060,199.80168
23061,226.8636
23062,288.22577
23063,187.24104
23064,22.020859
23065,106.26581
23066,199.14796
23067,363.68246
23068,281.47464
23069,252.27565
23070,658.6756
23071,151.62462
23072,282.46936
23073,287.43985
23074,572.04706
23075,2.1427128
23076,238.47603
23077,264.18802
23078,314.60165
23079,277.4029
23080,763.94275
23081,190.32402
23082,200.12686
23083,232.70868
23084,276.66818
23085,194.73653
23086,257.3019
23087,279.20245
23088,579.19635
23089,229.19357
23090,195.76985
23091,100.64886
23092,300.00742
23093,156.89888
23094,197.15785
23095,217.9959
23096,258.11072
23097,236.00539
23098,304.67886
23099,236.21452
23100,588.5273
23101,284.23123
23102,236.46211
23103,252.4366
23104,296.6427
23105,265.7773
23106,496.8187
23107,2.7814226
23108,116.813484
23109,324.6625
23110,701.37683
23111,297.2524
23112,153.23305
23113,129.9782
23114,313.65613
23115,271.38013
23116,328.47516
23117,266.6534
23118,366.27023
23119,128.5565
23120,143.61507
23121,5.017449
23122,269.37265
23123,252.74005
23124,240.90005
23125,290.51315
23126,749.05115
23127,259.90826
23128,300.15952
23129,303.99323
23130,284.11102
23131,127.07923
23132,396.7548
23133,259.2219
23134,517.20013
23135,174.95146
23136,973.7649
23137,297.0498
23138,220.73024
23139,138.17348
23140,241.07487
23141,259.86365
23142,301.64703
23143,203.01283
23144,299.87976
23145,6.015437
23146,41.554417
23147,143.60588
23148,290.69315
23149,232.44002
23150,310.0682
23151,230.89186
23152,479.0473
23153,273.77728
23154,517.20013
23155,187.71675
23156,294.124
23157,239.75645
23158,631.14734
23159,270.39676
23160,588.91425
23161,291.97012
23162,721.1894
23163,19.661236
23164,242.81306
23165,286.03323
23166,977.60394
23167,10.347428
23168,15.52766
23169,2.1233878
23170,344.42212
23171,218.32462
23172,159.03564
23173,205.72581
23174,882.5526
23175,243.0816
23176,262.05246
23177,2.0918608
23178,10.590485
23179,278.2007
23180,303.57544
23181,341.01538
23182,820.36346
23183,21.641058
23184,317.76135
23185,249.97134
23186,618.43805
23187,222.94644
23188,463.40335
23189,263.90616
23190,231.30663
23191,172.74063
23192,447.17694
23193,11.662497
23194,288.2611
23195,158.43008
23196,270.6743
23197,256.96494
23198,722.8288
23199,133.70752
23200,144.28494
23201,183.34297
23202,248.22908
23203,276.9646
23204,652.8153
23205,2.5367112
23206,237.44629
23207,2.7264276
23208,643.006
23209,2.4735634
23210,270.71017
23211,156.1284
23212,434.3834
23213,2.1081715
23214,145.46536
23215,258.62775
23216,819.71533
23217,2.1697624
23218,301.17285
23219,176.68257
23220,619.55994
23221,183.74718
23222,334.5445
23223,252.15698
23224,790.60406
23225,312.62003
23226,313.1809
23227,128.41713
23228,531.2247
23229,174.99124
23230,342.75674
23231,269.62848
23232,244.03395
23233,194.05821
23234,371.0634
23235,266.3942
23236,604.5628
23237,183.01018
23238,305.65384
23239,248.0529
23240,223.437
23241,2.206308
23242,240.44128
23243,259.64975
23244,653.1533
23245,264.68408
23246,372.3496
23247,269.38477
23248,760.5318
23249,222.40982
23250,275.1799
23251,243.63374
23252,969.23737
23253,299.66205
23254,282.19647
23255,311.52652
23256,851.8273
23257,2.0884037
23258,286.92947
23259,278.3924
23260,815.7411
23261,15.196737
23262,201.28432
23263,169.19664
23264,283.19107
23265,267.61823
23266,277.18222
23267,155.72365
23268,603.7022
23269,61.898006
23270,338.96964
23271,178.94005
23272,592.21594
23273,202.40753
23274,264.7449
23275,2.0918398
23276,184.86732
23277,347.88443
23278,435.76877
23279,327.76953
23280,454.16208
23281,223.8082
23282,218.52393
23283,283.28162
23284,760.4147
23285,245.6584
23286,187.88371
23287,315.4094
23288,641.7074
23289,2.920832
23290,2.9759603
23291,301.60602
23292,147.41467
23293,310.8115
23294,289.7586
23295,300.31628
23296,65.8082
23297,20.88956
23298,359.62097
23299,258.1016
23300,2.145504
23301,322.62976
23302,2.950926
23303,298.4264
23304,588.64014
23305,2.185215
23306,198.03029
23307,250.10475
23308,2.6973865
23309,251.16327
23310,441.07678
23311,16.47653
23312,277.2244
23313,179.37288
23314,323.69263
23315,269.52283
23316,308.98773
23317,257.05054
23318,612.1774
23319,225.25368
23320,531.6599
23321,2.0614228
23322,222.23828
23323,292.54425
23324,136.56996
23325,2.0918393
23326,325.10757
23327,302.51285
23328,758.9882
23329,2.1239638
23330,232.70879
23331,196.71268
23332,831.7571
23333,73.68291
23334,265.37372
23335,175.58391
23336,458.98715
23337,212.98114
23338,262.91522
23339,249.08093
23340,479.7118
23341,258.01407
23342,151.32031
23343,172.94492
23344,633.68646
23345,2.4425008
23346,277.36627
23347,280.02747
23348,237.00488
23349,193.71674
23350,146.63033
23351,290.99338
23352,161.97452
23353,238.71027
23354,157.09955
23355,359.06
23356,349.81714
23357,117.47789
23358,161.01666
23359,185.74153
23360,272.2506
23361,236.16168
23362,745.0055
23363,207.93391
23364,154.33789
23365,2.4371872
23366,179.46869
23367,147.45625
23368,3.482916
23369,268.53082
23370,790.1493
23371,264.00076
23372,123.07989
23373,66.53011
23374,256.73355
23375,332.0413
23376,307.94632
23377,227.0397
23378,522.0486
23379,222.43405
23380,95.91783
23381,280.1674
23382,342.92294
23383,176.22159
23384,161.72266
23385,307.23123
23386,577.634
23387,177.87518
23388,267.31094
23389,250.21608
23390,268.91693
23391,17.09113
23392,92.336975
23393,267.349
23394,829.53143
23395,258.95605
23396,275.43723
23397,2.1476436
23398,51.788254
23399,271.15778
23400,199.91196
23401,183.63817
23402,281.93552
23403,252.0804
23404,115.77151
23405,150.9624
23406,243.19586
23407,157.6965
23408,224.26538
23409,167.14772
23410,433.44653
23411,245.63406
23412,316.60547
23413,119.734604
23414,2.3455641
23415,2.2583735
23416,65.05502
23417,285.46738
23418,382.94962
23419,138.24785
23420,309.21057
23421,234.35669
23422,340.79758
23423,215.98364
23424,343.39706
23425,350.02597
23426,868.9177
23427,50.651886
23428,349.93393
23429,257.61673
23430,275.04193
23431,304.05063
23432,370.3562
23433,293.22476
23434,2.152531
23435,190.23526
23436,235.0023
23437,3.1983554
23438,357.05063
23439,2.1677704
23440,187.02328
23441,299.81088
23442,198.72607
23443,333.35635
23444,190.5151
23445,209.6211
23446,337.14178
23447,272.3826
23448,688.7653
23449,175.5867
23450,348.5277
23451,201.00146
23452,255.66205
23453,320.85416
23454,711.99426
23455,237.88365
23456,236.79765
23457,354.18625
23458,520.9971
23459,7.9417973
23460,249.24855
23461,229.25208
23462,798.14154
23463,208.38292
23464,2.0918915
23465,303.19778
23466,260.56992
23467,2.7849
23468,631.14484
23469,197.34778
23470,330.80847
23471,326.4459
23472,750.5551
23473,227.72006
23474,281.79913
23475,295.10632
23476,773.2709
23477,2.1087809
23478,153.87817
23479,168.47122
23480,67.38557
23481,419.61993
23482,329.1502
23483,297.76218
23484,803.40155
23485,3.6665
23486,327.2998
23487,180.08626
23488,691.141
23489,249.61566
23490,229.23747
23491,211.36221
23492,138.30707
23493,199.5472
23494,193.46222
23495,276.7433
23496,156.98087
23497,2.3450227
23498,135.4653
23499,68.242676
23500,156.338
23501,9.966131
23502,154.10312
23503,201.17851
23504,90.75661
23505,214.98792
23506,676.2432
23507,245.29205
23508,324.98035
23509,291.79254
23510,908.71747
23511,120.82462
23512,289.01724
23513,234.93138
23514,692.5337
23515,179.44618
23516,271.47693
23517,206.05142
23518,296.55484
23519,324.79913
23520,865.44507
23521,220.32964
23522,297.41898
23523,316.7652
23524,733.6873
23525,301.24222
23526,237.32347
23527,240.8146
23528,547.8123
23529,2.5795758
23530,222.59648
23531,314.5152
23532,376.8807
23533,261.83646
23534,298.39096
23535,49.430992
23536,262.20663
23537,282.7332
23538,257.66544
23539,169.6096
23540,138.4081
23541,301.1075
23542,179.56282
23543,2.1189058
23544,281.22903
23545,226.12898
23546,227.02647
23547,274.0639
23548,723.89496
23549,36.8931
23550,259.07928
23551,71.386055
23552,401.45514
23553,10.281778
23554,250.231
23555,217.88797
23556,260.27957
23557,270.769
23558,279.2407
23559,40.691235
23560,249.27359
23561,303.6581
23562,483.25827
23563,115.83297
23564,301.9383
23565,68.145645
23566,251.48343
23567,211.77968
23568,222.84682
23569,-3.1601222
23570,217.89877
23571,190.97482
23572,738.3542
23573,267.10538
23574,314.89053
23575,200.87213
23576,880.9659
23577,299.24997
23578,159.2963
23579,264.24594
23580,212.60222
23581,192.426
23582,339.79877
23583,158.42787
23584,588.96625
23585,2.263403
23586,158.12825
23587,147.53159
23588,89.432976
23589,137.2992
23590,225.40378
23591,214.78586
23592,161.82527
23593,165.4814
23594,371.45688
23595,243.13666
23596,326.34225
23597,2.2523434
23598,2.7673786
23599,117.95363
23600,240.80829
23601,196.95955
23602,204.82191
23603,200.7034
23604,306.3286
23605,169.47049
23606,169.52954
23607,145.10587
23608,141.74529
23609,211.40166
23610,241.52774
23611,287.30225
23612,637.9935
23613,275.8563
23614,217.86293
23615,268.39362
23616,584.26984
23617,31.789196
23618,231.49011
23619,269.62912
23620,224.473
23621,274.2141
23622,211.43173
23623,273.89813
23624,285.1966
23625,142.4048
23626,177.57396
23627,304.7037
23628,283.14194
23629,160.45918
23630,213.50055
23631,268.80164
23632,213.52791
23633,264.258
23634,442.9964
23635,159.46797
23636,283.24246
23637,259.21725
23638,895.11694
23639,195.77017
23640,198.53548
23641,315.24362
23642,252.88748
23643,152.92177
23644,774.22375
23645,312.27014
23646,339.91437
23647,226.23038
23648,201.78442
23649,231.5884
23650,491.3459
23651,44.07756
23652,288.9004
23653,272.43558
23654,840.11505
23655,168.21439
23656,5.522506
23657,269.95822
23658,266.21188
23659,291.20154
23660,850.6737
23661,61.015614
23662,284.933
23663,225.73897
23664,214.87823
23665,319.26004
23666,289.62393
23667,151.25981
23668,987.0338
23669,224.98538
23670,205.5037
23671,243.8366
23672,261.92545
23673,290.59744
23674,703.0973
23675,81.47513
23676,252.0784
23677,329.68774
23678,674.1116
23679,154.50282
23680,272.02826
23681,2.098024
23682,222.7582
23683,102.35017
23684,182.39005
23685,313.68002
23686,688.75073
23687,196.0836
23688,263.68088
23689,209.32896
23690,246.12459
23691,273.52896
23692,868.70483
23693,115.49986
23694,270.5617
23695,319.2844
23696,921.1244
23697,164.38701
23698,293.03906
23699,241.3161
23700,886.5889
23701,241.96507
23702,407.6651
23703,2.092363
23704,21.10256
23705,2.0918605
23706,143.31052
23707,290.04938
23708,174.0482
23709,350.5245
23710,220.68301
23711,170.32794
23712,560.8445
23713,29.362146
23714,2.0918393
23715,253.47527
23716,268.0996
23717,355.55518
23718,361.67078
23719,165.79034
23720,204.82474
23721,192.45511
23722,296.5997
23723,143.69872
23724,231.0241
23725,197.08997
23726,958.18243
23727,200.6191
23728,203.39398
23729,313.478
23730,6.972288
23731,292.80853
23732,553.87836
23733,2.0927675
23734,231.09415
23735,403.85806
23736,199.32428
23737,268.77094
23738,177.07971
23739,250.22127
23740,837.8882
23741,61.269672
23742,2.1036766
23743,314.45963
23744,224.22504
23745,229.5532
23746,358.2535
23747,2.0918393
23748,211.74942
23749,216.37172
23750,721.59656
23751,2.0918605
23752,295.02597
23753,214.24489
23754,856.7816
23755,162.89157
23756,316.6066
23757,199.81749
23758,740.7138
23759,266.7184
23760,431.20392
23761,150.73824
23762,719.153
23763,180.58394
23764,252.92126
23765,335.06213
23766,259.40036
23767,295.30365
23768,792.47815
23769,208.22215
23770,69.5697
23771,15.629613
23772,55.435368
23773,157.66858
23774,253.28658
23775,255.42175
23776,320.77063
23777,143.05615
23778,203.48215
23779,127.37564
23780,321.55417
23781,2.5364673
23782,189.60643
23783,148.40027
23784,228.04492
23785,250.96225
23786,318.0758
23787,267.20386
23788,713.39215
23789,261.36838
23790,178.41782
23791,2.0918393
23792,229.58507
23793,167.43834
23794,3.07845
23795,289.14325
23796,703.467
23797,303.29425
23798,232.09657
23799,155.1226
23800,152.21286
23801,15.472374
23802,371.05045
23803,431.04446
23804,706.877
23805,193.49228
23806,198.51906
23807,194.94287
23808,291.78146
23809,149.1829
23810,326.6568
23811,232.17279
23812,289.02478
23813,250.1981
23814,321.0364
23815,277.83963
23816,657.0076
23817,187.75227
23818,215.86754
23819,227.09119
23820,145.48718
23821,2.185215
23822,191.35466
23823,323.27554
23824,319.49213
23825,253.7293
23826,284.78598
23827,292.38605
23828,470.78708
23829,171.45708
23830,206.16559
23831,274.4476
23832,707.5588
23833,2.0918393
23834,278.98666
23835,3.059579
23836,507.35657
23837,198.04387
23838,223.42697
23839,282.55664
23840,252.71329
23841,178.29485
23842,272.13443
23843,298.76752
23844,685.06067
23845,263.475
23846,278.46796
23847,176.6313
23848,673.28876
23849,2.4239712
23850,245.96536
23851,302.8008
23852,648.04803
23853,2.4239712
23854,170.66895
23855,2.4441738
23856,257.01483
23857,160.95557
23858,195.3893
23859,283.12964
23860,305.46286
23861,2.4851887
23862,14.46282
23863,280.16342
23864,338.1397
23865,428.68527
23866,610.2047
23867,268.61728
23868,325.4733
23869,2.6556082
23870,2.6556082
23871,297.19138
23872,3.1738842
23873,3.1738842
23874,988.87164
23875,61.627827
23876,297.59125
23877,226.77666
23878,984.5394
23879,2.6102026
23880,216.53625
23881,2.125977
23882,130.53165
23883,293.61932
23884,260.0532
23885,317.71225
23886,130.10214
23887,230.26436
23888,615.54663
23889,50.77631
23890,201.60876
23891,333.32043
23892,610.1908
23893,133.16737
23894,217.40404
23895,250.40674
23896,874.5472
23897,225.34668
23898,268.127
23899,293.36472
23900,957.4038
23901,95.20406
23902,2.125977
23903,2.125977
23904,2.125977
23905,305.11206
23906,168.22797
23907,228.27611
23908,336.16467
23909,351.8742
23910,745.88245
23911,178.36253
23912,251.0885
23913,323.21756
23914,341.305
23915,188.72058
23916,2.188463
23917,296.52536
23918,371.85733
23919,183.91353
23920,760.9366
23921,202.64659
23922,250.25774
23923,264.38925
23924,818.3791
23925,247.73924
23926,186.19489
23927,313.11856
23928,732.96576
23929,141.16689
23930,218.59222
23931,348.5164
23932,673.0809
23933,2.5397844
23934,265.14005
23935,262.31998
23936,912.89935
23937,134.85179
23938,88.58036
23939,245.52219
23940,308.90234
23941,239.40433
23942,359.43347
23943,181.19827
23944,50.18262
23945,97.58209
23946,358.2627
23947,334.6509
23948,515.47925
23949,260.0241
23950,293.90765
23951,351.16544
23952,683.92114
23953,2.0918393
23954,15.316062
23955,221.6543
23956,146.99998
23957,2.6557875
23958,628.6446
23959,2.6031246
23960,300.72336
23961,273.04907
23962,606.00586
23963,119.13013
23964,264.4399
23965,147.2146
23966,882.31256
23967,155.16965
23968,279.21967
23969,69.3633
23970,815.3634
23971,2.1594167
23972,289.1211
23973,202.71075
23974,211.29205
23975,247.8175
23976,641.0976
23977,125.47917
23978,260.4898
23979,241.8729
23980,279.99356
23981,249.82977
23982,468.6188
23983,269.56262
23984,630.7291
23985,170.61418
23986,232.53116
23987,117.624176
23988,222.15819
23989,293.6287
23990,786.65515
23991,216.80983
23992,506.63004
23993,197.82266
23994,3.4056516
23995,192.08798
23996,214.53587
23997,249.31339
23998,194.99794
23999,65.54028
24000,236.80452
24001,2.207694
24002,2.207694
24003,298.83066
24004,3.2150695
24005,3.2150695
24006,621.38434
24007,156.99617
24008,188.06932
24009,215.36974
24010,126.11513
24011,256.53302
24012,748.0385
24013,28.465729
24014,163.05849
24015,200.26407
24016,202.80817
24017,200.87213
24018,202.91905
24019,214.69875
24020,268.65384
24021,276.2586
24022,628.0561
24023,173.34343
24024,193.65309
24025,203.36455
24026,282.06256
24027,289.78333
24028,267.6844
24029,307.23532
24030,684.93823
24031,131.99644
24032,320.92664
24033,269.79208
24034,328.1951
24035,313.31012
24036,861.73083
24037,281.39383
24038,268.99683
24039,322.77048
24040,847.21155
24041,136.05734
24042,140.28609
24043,312.45535
24044,316.77563
24045,118.93266
24046,668.2101
24047,182.97163
24048,204.40811
24049,178.47647
24050,985.1091
24051,76.995026
24052,263.56668
24053,384.84207
24054,658.2272
24055,213.10776
24056,255.18825
24057,279.49506
24058,682.29895
24059,44.93072
24060,111.854744
24061,257.7165
24062,334.49045
24063,152.25311
24064,269.3255
24065,247.0199
24066,498.02625
24067,144.14685
24068,230.16362
24069,143.41591
24070,761.1304
24071,66.297134
24072,2.0619988
24073,203.90433
24074,248.71156
24075,231.6314
24076,297.36646
24077,200.45114
24078,518.0754
24079,215.83812
24080,467.25903
24081,190.69322
24082,905.05774
24083,70.44723
24084,2.0918393
24085,2.0918393
24086,214.86934
24087,333.88168
24088,387.34152
24089,175.77122
24090,662.27094
24091,213.38095
24092,329.96216
24093,310.57132
24094,252.61423
24095,202.68172
24096,419.61676
24097,301.5919
24098,733.02655
24099,274.73254
24100,412.00674
24101,310.5667
24102,681.1968
24103,279.17883
24104,269.0056
24105,350.72952
24106,668.7739
24107,208.56873
24108,285.65662
24109,273.95398
24110,227.7483
24111,165.94101
24112,213.11252
24113,268.17648
24114,247.10432
24115,194.88736
24116,187.29463
24117,287.6644
24118,377.76135
24119,199.8493
24120,131.95047
24121,218.68867
24122,294.15305
24123,251.62305
24124,159.55287
24125,184.68256
24126,622.2363
24127,160.78677
24128,260.20016
24129,263.4571
24130,628.2888
24131,167.77362
24132,302.94498
24133,192.13527
24134,621.50616
24135,254.05182
24136,320.27344
24137,289.43668
24138,494.93472
24139,15.72536
24140,157.99698
24141,35.14745
24142,200.27078
24143,299.88696
24144,169.7509
24145,179.97314
24146,317.29263
24147,184.68813
24148,235.18477
24149,218.01468
24150,501.95743
24151,177.36887
24152,269.25214
24153,264.54092
24154,331.56805
24155,197.50716
24156,243.07251
24157,229.74881
24158,277.3245
24159,227.65398
24160,153.62352
24161,315.577
24162,787.70294
24163,2.1737938
24164,320.47263
24165,268.87106
24166,905.47156
24167,196.85027
24168,276.62604
24169,296.8893
24170,540.57336
24171,63.879196
24172,246.83809
24173,211.68658
24174,324.44498
24175,297.76917
24176,890.3457
24177,148.16325
24178,200.17204
24179,385.9829
24180,615.22314
24181,263.7529
24182,364.18808
24183,274.43738
24184,349.82858
24185,104.75466
24186,2.0918393
24187,284.37302
24188,389.65424
24189,323.39774
24190,623.6594
24191,2.0941105
24192,259.32306
24193,394.40247
24194,408.46707
24195,119.361626
24196,449.35428
24197,308.82016
24198,909.5441
24199,2.1234026
24200,295.50867
24201,130.82127
24202,11.745415
24203,197.45549
24204,102.68957
24205,190.42416
24206,570.31177
24207,137.24103
24208,281.4025
24209,217.85957
24210,717.4361
24211,310.14624
24212,232.3259
24213,314.56906
24214,498.6967
24215,252.43898
24216,200.4268
24217,302.57294
24218,485.1144
24219,12.553241
24220,244.49498
24221,2.3484888
24222,1076.9926
24223,2.091892
24224,237.55898
24225,321.4982
24226,640.439
24227,369.25064
24228,319.02795
24229,260.89825
24230,612.5497
24231,2.0918393
24232,284.66458
24233,320.8151
24234,333.2552
24235,276.40735
24236,314.71252
24237,237.55473
24238,721.52344
24239,56.262962
24240,89.70058
24241,298.30368
24242,248.27281
24243,195.15755
24244,898.3215
24245,3.2508693
24246,291.9927
24247,374.0347
24248,864.2588
24249,188.16861
24250,283.59814
24251,191.82407
24252,746.23303
24253,93.88033
24254,94.16348
24255,416.3505
24256,863.9709
24257,239.46945
24258,216.08388
24259,272.6626
24260,175.70427
24261,192.43134
24262,371.47678
24263,236.75787
24264,348.04288
24265,258.22113
24266,368.9002
24267,189.73407
24268,273.49088
24269,265.32202
24270,743.975
24271,266.8517
24272,334.63
24273,149.00102
24274,2.1083183
24275,2.1135335
24276,2.1202936
24277,284.11005
24278,253.4188
24279,243.27022
24280,92.97358
24281,206.34636
24282,284.1363
24283,261.23065
24284,189.65216
24285,306.7345
24286,466.25943
24287,282.92767
24288,384.85455
24289,159.16379
24290,2.1083183
24291,303.42484
24292,168.78363
24293,317.39307
24294,727.5377
24295,196.07925
24296,295.81976
24297,307.95697
24298,486.60635
24299,201.5054
24300,302.67593
24301,297.04398
24302,318.1128
24303,402.83105
24304,325.00174
24305,203.42528
24306,447.61963
24307,298.01776
24308,186.97276
24309,290.2351
24310,333.6766
24311,194.15337
24312,172.65082
24313,243.83458
24314,213.67645
24315,2.1425147
24316,228.60866
24317,256.2452
24318,290.37598
24319,406.57986
24320,361.84277
24321,2.1173856
24322,53.11655
24323,102.551315
24324,298.2236
24325,283.09653
24326,33.871727
24327,223.07027
24328,334.84088
24329,215.94785
24330,229.03543
24331,262.45267
24332,765.34485
24333,2.106773
24334,246.66624
24335,283.93674
24336,220.80353
24337,216.86694
24338,205.42276
24339,226.19504
24340,294.44366
24341,164.60872
24342,221.3947
24343,2.106773
24344,314.1972
24345,288.41196
24346,777.4276
24347,309.01794
24348,311.63156
24349,300.1153
24350,722.1897
24351,2.1794047
24352,187.6714
24353,292.85306
24354,226.33012
24355,184.10606
24356,526.6455
24357,17.28629
24358,231.11293
24359,219.93445
24360,289.342
24361,208.58513
24362,675.9762
24363,13.955693
24364,251.0157
24365,2.5226347
24366,810.1754
24367,299.14243
24368,333.26907
24369,225.41673
24370,510.2313
24371,206.36401
24372,275.841
24373,188.88948
24374,265.46735
24375,143.41574
24376,332.32584
24377,191.2141
24378,641.2282
24379,217.55661
24380,247.86398
24381,224.44144
24382,292.086
24383,191.14157
24384,911.42206
24385,204.09354
24386,257.316
24387,212.20213
24388,683.9891
24389,2.1222062
24390,208.71667
24391,309.93195
24392,292.51752
24393,2.1453533
24394,2.1453533
24395,58.24604
24396,3.0385313
24397,38.705082
24398,192.20293
24399,234.48956
24400,174.58733
24401,246.9449
24402,664.8509
24403,146.97745
24404,169.08698
24405,9.574266
24406,16.284338
24407,2.190287
24408,203.537
24409,127.82869
24410,323.01852
24411,267.07428
24412,195.78476
24413,229.28601
24414,233.53592
24415,352.35278
24416,851.99414
24417,238.47844
24418,518.3742
24419,259.10178
24420,178.53462
24421,207.01007
24422,848.7928
24423,160.87074
24424,259.68436
24425,41.587124
24426,855.93005
24427,313.26486
24428,309.90588
24429,224.44711
24430,343.10803
24431,366.67505
24432,693.3818
24433,322.4168
24434,324.16904
24435,297.31442
24436,291.34305
24437,323.47186
24438,719.6047
24439,243.15219
24440,315.40012
24441,356.90268
24442,319.99783
24443,343.71786
24444,626.88617
24445,274.7695
24446,266.08862
24447,192.69197
24448,293.11545
24449,333.58826
24450,179.0305
24451,2.1109424
24452,248.04729
24453,371.96545
24454,653.7206
24455,208.31905
24456,359.7665
24457,2.1254578
24458,338.1394
24459,320.74988
24460,193.86368
24461,235.39473
24462,629.4311
24463,256.24646
24464,280.84613
24465,264.45993
24466,255.1246
24467,324.86737
24468,452.44876
24469,2.2154815
24470,2.8171132
24471,197.73154
24472,253.30602
24473,253.74913
24474,579.9333
24475,202.37198
24476,206.03918
24477,192.4352
24478,269.84265
24479,191.34885
24480,498.11005
24481,2.0621877
24482,253.58961
24483,299.23947
24484,638.0525
24485,212.34988
24486,267.11462
24487,224.12988
24488,698.0142
24489,2.0918608
24490,199.82205
24491,328.86996
24492,541.52045
24493,288.8315
24494,256.89774
24495,175.39241
24496,401.20786
24497,276.52963
24498,292.70428
24499,2.1543076
24500,261.09268
24501,220.85847
24502,409.50415
24503,172.39925
24504,274.94666
24505,204.42284
24506,663.1801
24507,2.051077
24508,318.97876
24509,313.47006
24510,701.8491
24511,211.0549
24512,253.71623
24513,306.92706
24514,703.0805
24515,307.05493
24516,255.1404
24517,290.69205
24518,734.59406
24519,204.06471
24520,197.22055
24521,287.19604
24522,217.4149
24523,187.46576
24524,374.83282
24525,80.85251
24526,155.82124
24527,268.3513
24528,333.87622
24529,230.12941
24530,514.03204
24531,93.950806
24532,273.66602
24533,250.1622
24534,213.8616
24535,17.8143
24536,139.76343
24537,309.64377
24538,832.7517
24539,143.85149
24540,171.24069
24541,2.0918403
24542,183.5804
24543,226.89299
24544,294.45773
24545,456.70682
24546,100.367325
24547,9.330637
24548,106.04824
24549,322.77676
24550,288.87357
24551,270.98785
24552,942.3193
24553,2.0918403
24554,301.62497
24555,265.64297
24556,758.23596
24557,2.091892
24558,303.52832
24559,207.90826
24560,911.9402
24561,229.58252
24562,222.67842
24563,315.9175
24564,255.82245
24565,217.34279
24566,447.38858
24567,329.4177
24568,429.31253
24569,179.68054
24570,266.31146
24571,101.32318
24572,225.91183
24573,82.19295
24574,297.8229
24575,278.6367
24576,649.82294
24577,214.56459
24578,2.5907173
24579,190.64682
24580,255.45316
24581,201.01562
24582,235.87714
24583,299.0387
24584,344.8744
24585,191.2202
24586,209.34534
24587,253.1182
24588,631.9226
24589,190.14737
24590,288.89468
24591,258.38968
24592,288.21994
24593,2.0918403
24594,289.39404
24595,257.00082
24596,1094.2396
24597,2.0918403
24598,2.0918403
24599,179.44287
24600,188.98747
24601,123.448875
24602,293.32114
24603,254.81007
24604,217.04956
24605,192.59683
24606,480.94482
24607,10.235567
24608,578.2485
24609,338.9893
24610,745.06256
24611,187.0311
24612,232.0563
24613,241.41254
24614,243.46437
24615,133.34581
24616,613.8712
24617,183.7309
24618,2.091892
24619,295.6566
24620,173.95575
24621,245.7711
24622,1077.3451
24623,2.466142
24624,215.58467
24625,309.26816
24626,962.407
24627,202.10942
24628,198.14456
24629,258.02136
24630,216.85503
24631,223.70065
24632,1138.6544
24633,6.916548
24634,293.7812
24635,235.45117
24636,265.04645
24637,274.00967
24638,352.1981
24639,254.17935
24640,185.3609
24641,128.43582
24642,216.17337
24643,218.66772
24644,282.2657
24645,39.103172
24646,279.94363
24647,224.56033
24648,318.19965
24649,8.712622
24650,151.1499
24651,359.82727
24652,334.242
24653,47.137135
24654,245.76282
24655,239.59102
24656,451.42358
24657,2.1346974
24658,253.78987
24659,205.35107
24660,500.71323
24661,2.0913665
24662,257.80093
24663,254.64853
24664,518.0498
24665,2.729518
24666,212.93095
24667,224.6935
24668,514.11566
24669,2.6706352
24670,290.0413
24671,116.60433
24672,521.58014
24673,2.0918393
24674,254.59673
24675,197.36105
24676,291.1541
24677,299.62097
24678,796.0671
24679,3.316171
24680,2.0918403
24681,199.46896
24682,163.33769
24683,240.50244
24684,159.55385
24685,162.88733
24686,734.7762
24687,13.085684
24688,9.72674
24689,265.81796
24690,256.91376
24691,271.3227
24692,486.7104
24693,313.40726
24694,702.65607
24695,2.2393255
24696,161.88174
24697,2.0918398
24698,264.78046
24699,247.21489
24700,171.64369
24701,307.8956
24702,351.54022
24703,231.46848
24704,333.77164
24705,269.55756
24706,255.21255
24707,2.304009
24708,212.46404
24709,339.30182
24710,142.71722
24711,134.1112
24712,349.03992
24713,307.25742
24714,989.08136
24715,339.03546
24716,450.1895
24717,221.17233
24718,305.0615
24719,275.48154
24720,253.02887
24721,281.98294
24722,232.86
24723,91.10769
24724,822.06903
24725,223.52776
24726,222.3439
24727,20.373774
24728,306.18854
24729,293.74988
24730,808.9341
24731,318.95447
24732,263.5852
24733,261.34
24734,698.6731
24735,234.88522
24736,319.8666
24737,198.48203
24738,257.9366
24739,247.21336
24740,312.7374
24741,183.9038
24742,291.28464
24743,138.66924
24744,811.33734
24745,2.0918393
24746,2.0918393
24747,309.69272
24748,269.11896
24749,373.84607
24750,565.3197
24751,25.269808
24752,303.54987
24753,2.5689502
24754,351.8036
24755,2.7932198
24756,320.65057
24757,263.38864
24758,350.71503
24759,245.14159
24760,285.90778
24761,316.67557
24762,414.19684
24763,172.64096
24764,250.78271
24765,309.54523
24766,460.76584
24767,265.15396
24768,309.5425
24769,218.93913
24770,447.2378
24771,217.80167
24772,217.73561
24773,181.1026
24774,231.89153
24775,2.761089
24776,267.2542
24777,166.10097
24778,443.67072
24779,190.21489
24780,168.61674
24781,166.89027
24782,205.50777
24783,173.72711
24784,216.11052
24785,221.61485
24786,266.17084
24787,193.61774
24788,356.67117
24789,292.53165
24790,437.70798
24791,414.5789
24792,691.0491
24793,24.251923
24794,310.04492
24795,266.29535
24796,304.26443
24797,230.96613
24798,286.7589
24799,305.22906
24800,673.3937
24801,204.2398
24802,246.62137
24803,329.80112
24804,455.50464
24805,238.37102
24806,366.31326
24807,207.53333
24808,317.49475
24809,267.1687
24810,372.30603
24811,18.842339
24812,376.62836
24813,450.08118
24814,276.1803
24815,382.0294
24816,450.22284
24817,331.77206
24818,619.7598
24819,101.42206
24820,239.12129
24821,195.52638
24822,649.69464
24823,11.528739
24824,163.01862
24825,318.95438
24826,534.75226
24827,150.9235
24828,191.24643
24829,12.259858
24830,260.96606
24831,157.54796
24832,268.62244
24833,285.30478
24834,652.6921
24835,159.06302
24836,247.19778
24837,224.89214
24838,224.45912
24839,172.63948
24840,637.5815
24841,196.01971
24842,271.37436
24843,231.60904
24844,632.92175
24845,198.14436
24846,202.46904
24847,12.880803
24848,148.36548
24849,102.69285
24850,256.10477
24851,265.0094
24852,729.16724
24853,110.21021
24854,190.54794
24855,317.4538
24856,242.43803
24857,298.27704
24858,654.18646
24859,272.5422
24860,255.71819
24861,294.6762
24862,704.1497
24863,2.0813625
24864,148.77869
24865,207.88365
24866,2.9752862
24867,299.21002
24868,1079.0941
24869,2.0904286
24870,200.41588
24871,257.49
24872,93.80817
24873,243.60759
24874,829.1479
24875,2.0918403
24876,107.9068
24877,355.2139
24878,672.59235
24879,50.5916
24880,248.35883
24881,202.69731
24882,201.82323
24883,267.63098
24884,631.7425
24885,7.7973013
24886,2.091892
24887,247.09172
24888,267.03128
24889,147.71434
24890,256.56454
24891,280.9718
24892,587.56494
24893,2.091892
24894,182.87695
24895,2.6222117
24896,228.56065
24897,6.072013
24898,2.091892
24899,2.091892
24900,2.091892
24901,272.14893
24902,211.04753
24903,132.75383
24904,3.2455559
24905,207.10004
24906,980.5888
24907,217.59935
24908,263.01273
24909,298.27808
24910,1084.2935
24911,104.05888
24912,291.06754
24913,301.37988
24914,714.2675
24915,2.0918608
24916,263.14948
24917,294.14304
24918,331.38077
24919,284.96057
24920,882.65344
24921,208.91283
24922,289.3147
24923,222.54984
24924,292.9498
24925,233.27353
24926,690.52795
24927,287.38043
24928,444.17288
24929,2.0918608
24930,292.38547
24931,293.20163
24932,276.8521
24933,296.67624
24934,861.1599
24935,18.078787
24936,18.792562
24937,221.65999
24938,144.4365
24939,17.95422
24940,211.76363
24941,227.16376
24942,276.3546
24943,250.83301
24944,165.86383
24945,308.00098
24946,353.40237
24947,227.85591
24948,2.185215
24949,191.80853
24950,159.48749
24951,155.38034
24952,201.83955
24953,257.0028
24954,197.76065
24955,282.45627
24956,230.26183
24957,245.35783
24958,132.56104
24959,257.02823
24960,543.95184
24961,256.30966
24962,182.88483
24963,148.98373
24964,310.42712
24965,227.9574
24966,281.41492
24967,207.04321
24968,767.80786
24969,125.761444
24970,289.48602
24971,236.82385
24972,235.17674
24973,226.057
24974,586.6275
24975,2.219133
24976,173.11705
24977,181.71497
24978,604.5484
24979,231.17679
24980,355.93173
24981,301.0921
24982,727.2975
24983,269.5855
24984,236.81688
24985,305.04355
24986,331.88562
24987,287.62515
24988,608.6741
24989,183.24701
24990,243.88373
24991,249.14734
24992,564.2297
24993,224.6908
24994,225.24474
24995,143.68236
24996,250.91876
24997,317.2415
24998,483.59894
24999,45.989265
25000,160.74239
25001,261.1089
25002,493.34247
25003,158.53537
25004,252.39577
25005,213.92996
25006,252.79903
25007,260.3073
25008,255.73235
25009,209.16368
25010,491.61923
25011,237.27388
25012,247.69847
25013,312.80112
25014,953.0908
25015,30.398647
25016,5.8999896
25017,298.80368
25018,284.3996
25019,197.09253
25020,790.77985
25021,255.05965
25022,293.63785
25023,277.07693
25024,806.90216
25025,65.65365
25026,196.9072
25027,205.47987
25028,466.17984
25029,2.0918393
25030,2.0918393
25031,8.612982
25032,317.60123
25033,3.2681267
25034,207.90645
25035,4.397039
25036,946.79395
25037,168.11554
25038,298.2926
25039,232.67496
25040,810.4551
25041,42.49683
25042,246.13261
25043,329.98108
25044,952.4448
25045,2.0918403
25046,290.20676
25047,226.91798
25048,605.4981
25049,2.4493184
25050,99.75092
25051,213.86534
25052,294.91684
25053,301.37555
25054,639.5709
25055,2.7264419
25056,275.68594
25057,89.67089
25058,199.48099
25059,233.83408
25060,507.4648
25061,268.65717
25062,944.6445
25063,2.0918398
25064,96.63608
25065,265.52756
25066,244.69923
25067,219.45816
25068,930.1178
25069,344.0187
25070,201.7105
25071,38.795254
25072,4.1987185
25073,186.71274
25074,231.0041
25075,207.09315
25076,193.42178
25077,102.63838
25078,219.07045
25079,155.85869
25080,189.66672
25081,212.77467
25082,243.39746
25083,4.3899684
25084,176.74379
25085,310.89044
25086,616.4857
25087,2.3694465
25088,165.20773
25089,315.1953
25090,705.1274
25091,2.423009
25092,185.53796
25093,289.0376
25094,258.57324
25095,208.35355
25096,226.87825
25097,170.12054
25098,200.33731
25099,46.90609
25100,206.94807
25101,303.3085
25102,289.86905
25103,244.15382
25104,279.02264
25105,104.68472
25106,243.17812
25107,295.48926
25108,291.44144
25109,259.55725
25110,287.65613
25111,4.3961797
25112,224.1983
25113,293.06943
25114,641.9665
25115,173.56064
25116,84.637924
25117,307.98657
25118,306.23163
25119,270.8547
25120,329.20688
25121,170.04219
25122,190.81989
25123,277.16486
25124,234.41711
25125,268.06888
25126,617.8847
25127,2.214009
25128,214.9293
25129,284.82837
25130,339.2459
25131,194.69835
25132,202.2031
25133,177.45006
25134,282.0031
25135,72.65092
25136,673.7095
25137,190.68315
25138,227.2983
25139,192.03893
25140,298.24713
25141,292.84244
25142,811.6317
25143,217.26906
25144,388.3185
25145,263.19803
25146,373.784
25147,125.86198
25148,307.4427
25149,301.79715
25150,596.43445
25151,2.4071944
25152,265.073
25153,328.8585
25154,888.8249
25155,288.565
25156,291.06116
25157,187.30476
25158,982.1057
25159,151.82631
25160,198.35583
25161,190.27075
25162,912.5952
25163,1.2503787
25164,238.50908
25165,3.0063488
25166,654.0956
25167,2.1064067
25168,227.31375
25169,354.32303
25170,371.82635
25171,195.05411
25172,267.08536
25173,162.31136
25174,142.9891
25175,2.1315818
25176,110.55036
25177,203.08392
25178,242.67949
25179,270.80923
25180,87.38643
25181,134.75218
25182,196.09854
25183,176.95735
25184,815.93646
25185,207.47261
25186,216.50345
25187,325.4807
25188,710.5525
25189,305.5794
25190,300.57492
25191,244.31041
25192,743.1256
25193,283.86105
25194,350.00357
25195,344.26306
25196,845.30316
25197,191.21028
25198,361.04303
25199,378.55286
25200,816.4943
25201,239.99146
25202,230.50502
25203,51.103947
25204,177.33078
25205,121.453835
25206,230.44954
25207,127.761505
25208,169.55283
25209,248.33868
25210,186.48363
25211,56.789497
25212,182.54616
25213,330.33322
25214,323.3698
25215,192.8246
25216,779.9362
25217,15.320171
25218,228.62407
25219,10.933006
25220,240.2589
25221,132.67342
25222,256.21704
25223,218.00746
25224,886.45154
25225,13.94763
25226,11.438377
25227,17.287807
25228,291.37653
25229,74.38323
25230,187.11934
25231,314.84583
25232,327.40955
25233,281.0903
25234,275.53894
25235,312.5308
25236,590.26166
25237,149.29247
25238,127.935265
25239,290.8954
25240,2.6907737
25241,8.635566
25242,258.18332
25243,333.21274
25244,325.55887
25245,389.68195
25246,243.28233
25247,299.2238
25248,687.00116
25249,233.76207
25250,179.19656
25251,290.91876
25252,1158.3647
25253,265.2475
25254,319.64685
25255,2.0918393
25256,277.40005
25257,245.80267
25258,399.2595
25259,90.35821
25260,271.37122
25261,239.17543
25262,253.76093
25263,114.8768
25264,151.17593
25265,225.15675
25266,259.5888
25267,284.60175
25268,344.57214
25269,236.71957
25270,225.36615
25271,270.75635
25272,326.61865
25273,238.1105
25274,236.70769
25275,185.28221
25276,250.10677
25277,281.87375
25278,332.8855
25279,90.567474
25280,301.28595
25281,345.50424
25282,209.99829
25283,98.772484
25284,256.729
25285,191.66512
25286,220.21428
25287,345.76437
25288,349.37152
25289,225.92593
25290,242.14523
25291,165.35426
25292,417.81458
25293,2.4644008
25294,247.593
25295,156.18668
25296,252.52922
25297,279.5368
25298,402.43655
25299,155.26582
25300,154.03627
25301,282.04892
25302,449.31418
25303,197.25438
25304,308.21118
25305,171.58582
25306,475.0191
25307,51.12958
25308,144.02873
25309,297.02246
25310,766.32275
25311,151.6116
25312,25.13175
25313,257.97522
25314,68.47043
25315,195.74408
25316,549.61066
25317,4.2164645
25318,247.71353
25319,2.2143266
25320,180.3211
25321,290.22516
25322,225.01448
25323,269.89102
25324,247.2072
25325,288.4285
25326,743.4349
25327,151.9607
25328,263.71045
25329,209.69806
25330,471.6817
25331,2.0918393
25332,75.15261
25333,289.7041
25334,1008.2274
25335,2.0687385
25336,297.29626
25337,282.4123
25338,171.94576
25339,98.92276
25340,230.29622
25341,188.81389
25342,256.30804
25343,252.01863
25344,310.46738
25345,270.17307
25346,636.7965
25347,189.13493
25348,168.87494
25349,39.604763
25350,273.99136
25351,245.23486
25352,790.24725
25353,133.89893
25354,274.67673
25355,205.42378
25356,221.27757
25357,263.20108
25358,260.54114
25359,138.30553
25360,678.7015
25361,291.66113
25362,263.83353
25363,2.0918393
25364,102.78511
25365,245.63048
25366,244.24474
25367,250.43283
25368,617.1783
25369,48.628525
25370,270.34726
25371,250.21375
25372,393.33594
25373,203.15492
25374,304.15762
25375,2.2332041
25376,173.74783
25377,53.973763
25378,271.96033
25379,262.0221
25380,330.6381
25381,221.75883
25382,212.91525
25383,232.29384
25384,294.99054
25385,231.35889
25386,476.9404
25387,271.90344
25388,297.14398
25389,178.50555
25390,196.08092
25391,212.44179
25392,534.6117
25393,3.1245363
25394,291.35846
25395,304.30032
25396,437.05045
25397,2.862923
25398,302.4323
25399,266.10104
25400,718.6161
25401,2.149745
25402,299.2043
25403,168.37572
25404,648.40234
25405,2.6266174
25406,294.6632
25407,306.4208
25408,676.75586
25409,2.6266174
25410,304.55835
25411,276.93277
25412,786.6404
25413,108.43773
25414,225.79765
25415,327.9732
25416,150.72185
25417,297.54395
25418,275.13126
25419,229.35698
25420,298.9813
25421,241.50787
25422,303.56958
25423,263.65347
25424,473.82162
25425,214.66261
25426,204.4388
25427,184.65765
25428,625.41833
25429,285.8168
25430,365.93817
25431,122.030685
25432,249.68939
25433,175.80849
25434,854.97864
25435,221.1332
25436,223.30336
25437,307.18994
25438,358.18863
25439,293.72937
25440,337.71997
25441,210.7533
25442,598.3675
25443,2.71907
25444,218.77777
25445,239.17122
25446,438.38904
25447,2.3203294
25448,190.74162
25449,64.46784
25450,639.8129
25451,6.8005514
25452,284.0093
25453,163.72646
25454,346.06146
25455,4.793784
25456,2.123837
25457,2.1061523
25458,11.789713
25459,226.48161
25460,293.22354
25461,291.61792
25462,254.38942
25463,330.54572
25464,643.7516
25465,140.3296
25466,260.2754
25467,286.3304
